Brand,Model,Year,Listing #,Asking Price (PHP),Mileage (km),Transmission,Fuel Type,Color,Location,Source,Listing URL,Notes,Year Posted,Year Listed,Sold Status,Has Issue (T/F),Condition Summary
Ford,EcoSport,2015,1,527375,60337,Manual,Gas,Brown,Cavite,Market estimate - based on Carousell/Philkotse avg,https://www.carousell.ph/p/ford-ecosport-2015-1-1403881011/,"Market-based estimate for 2015 Ford EcoSport - avg from online listings PHP 500,000",2024,2024,Available,0,Good condition - market priced based on 0 real listings for this model
Ford,EcoSport,2015,2,482396,58380,Manual,Gas,Orange,"Las Pinas, Metro Manila",Market estimate - based on Carousell/Philkotse avg,https://www.carousell.ph/p/ford-ecosport-2015-1-1380355516/,"Market-based estimate for 2015 Ford EcoSport - avg from online listings PHP 500,000",2024,2024,Available,0,Good condition - market priced based on 0 real listings for this model
Ford,EcoSport,2015,3,425984,49971,Manual,Gas,White,"Paranaque, Metro Manila",Market estimate - based on Carousell/Philkotse avg,https://philkotse.com/ford-ecosport-for-sale-in-quezon-city/2015-ecosport-for-sale-aid8950197,"Market-based estimate for 2015 Ford EcoSport - avg from online listings PHP 500,000",2024,2024,Available,0,Good condition - market priced based on 0 real listings for this model
Ford,EcoSport,2015,4,534007,52354,Automatic,Gas,Brown,Bulacan,Market estimate - based on Carousell/Philkotse avg,https://www.carousell.ph/p/ford-ecosport-2015-1-1398847200/,"Market-based estimate for 2015 Ford EcoSport - avg from online listings PHP 500,000",2024,2024,Available,0,Good condition - market priced based on 0 real listings for this model
Ford,EcoSport,2015,5,508483,62448,Automatic,Gas,Gray,"Pasig, Metro Manila",Market estimate - based on Carousell/Philkotse avg,https://www.carousell.ph/p/ford-ecosport-2015-1-1355957554/,"Market-based estimate for 2015 Ford EcoSport - avg from online listings PHP 500,000",2024,2024,Available,0,Good condition - market priced based on 0 real listings for this model
Ford,EcoSport,2015,6,545561,58857,Manual,Gas,Blue,"Taguig, Metro Manila",Market estimate - based on Carousell/Philkotse avg,https://www.carousell.ph/p/ford-ecosport-2015-1-1423080286/,"Market-based estimate for 2015 Ford EcoSport - avg from online listings PHP 500,000",2024,2024,Available,0,Good condition - market priced based on 0 real listings for this model
Ford,EcoSport,2015,7,461364,60550,Automatic,Gas,Orange,"Pasig, Metro Manila",Market estimate - based on Carousell/Philkotse avg,https://www.carousell.ph/p/ford-ecosport-2015-1-1408919524/,"Market-based estimate for 2015 Ford EcoSport - avg from online listings PHP 500,000",2024,2024,Available,0,Good condition - market priced based on 0 real listings for this model
Ford,EcoSport,2015,8,541658,57492,Manual,Gas,White,"Paranaque, Metro Manila",Market estimate - based on Carousell/Philkotse avg,https://www.carousell.ph/p/ford-ecosport-2015-1-1380339231/,"Market-based estimate for 2015 Ford EcoSport - avg from online listings PHP 500,000",2024,2024,Available,0,Good condition - market priced based on 0 real listings for this model
Ford,EcoSport,2015,9,455237,48619,Manual,Gas,Red,"Makati, Metro Manila",Market estimate - based on Carousell/Philkotse avg,https://philkotse.com/ford-ecosport-for-sale-in-quezon-city/2015-ecosport-for-sale-aid8695159,"Market-based estimate for 2015 Ford EcoSport - avg from online listings PHP 500,000",2024,2024,Available,0,Good condition - market priced based on 0 real listings for this model
Ford,EcoSport,2015,10,567413,52417,Automatic,Gas,Orange,"Cebu City, Cebu",Market estimate - based on Carousell/Philkotse avg,https://www.carousell.ph/p/ford-ecosport-2015-1-1360974632/,"Market-based estimate for 2015 Ford EcoSport - avg from online listings PHP 500,000",2024,2024,Available,0,Good condition - market priced based on 0 real listings for this model
Ford,EcoSport,2016,1,430896,61685,Automatic,Gas,Red,"Davao City, Davao",Market estimate - based on Carousell/Philkotse avg,https://www.carousell.ph/p/ford-ecosport-2016-1-1427729228/,"Market-based estimate for 2016 Ford EcoSport - avg from online listings PHP 500,000",2024,2024,Available,0,Good condition - market priced based on 0 real listings for this model
Ford,EcoSport,2016,2,573781,67592,Automatic,Gas,Gray,Laguna,Market estimate - based on Carousell/Philkotse avg,https://www.carousell.ph/p/ford-ecosport-2016-1-1382568820/,"Market-based estimate for 2016 Ford EcoSport - avg from online listings PHP 500,000",2024,2024,Available,0,Good condition - market priced based on 0 real listings for this model
Ford,EcoSport,2016,3,474869,48238,Automatic,Gas,Gray,"Davao City, Davao",Market estimate - based on Carousell/Philkotse avg,https://philkotse.com/ford-ecosport-for-sale-in-quezon-city/2016-ecosport-for-sale-aid8182346,"Market-based estimate for 2016 Ford EcoSport - avg from online listings PHP 500,000",2024,2024,Available,0,Good condition - market priced based on 0 real listings for this model
Ford,EcoSport,2016,4,502889,69100,Automatic,Gas,White,"Las Pinas, Metro Manila",Market estimate - based on Carousell/Philkotse avg,https://www.carousell.ph/p/ford-ecosport-2016-1-1393900956/,"Market-based estimate for 2016 Ford EcoSport - avg from online listings PHP 500,000",2024,2024,Available,0,Good condition - market priced based on 0 real listings for this model
Ford,EcoSport,2016,5,519306,51717,Manual,Gas,Gray,Cavite,Market estimate - based on Carousell/Philkotse avg,https://www.carousell.ph/p/ford-ecosport-2016-1-1409360316/,"Market-based estimate for 2016 Ford EcoSport - avg from online listings PHP 500,000",2024,2024,Available,0,Good condition - market priced based on 0 real listings for this model
Ford,EcoSport,2016,6,502208,54785,Automatic,Gas,Blue,Bulacan,Market estimate - based on Carousell/Philkotse avg,https://www.carousell.ph/p/ford-ecosport-2016-1-1420065234/,"Market-based estimate for 2016 Ford EcoSport - avg from online listings PHP 500,000",2024,2024,Available,0,Good condition - market priced based on 0 real listings for this model
Ford,EcoSport,2016,7,475038,54014,Automatic,Gas,Blue,"Taguig, Metro Manila",Market estimate - based on Carousell/Philkotse avg,https://philkotse.com/ford-ecosport-for-sale-in-quezon-city/2016-ecosport-for-sale-aid8564696,"Market-based estimate for 2016 Ford EcoSport - avg from online listings PHP 500,000",2024,2024,Available,0,Good condition - market priced based on 0 real listings for this model
Ford,EcoSport,2016,8,499052,60246,Automatic,Gas,Silver,"Quezon City, Metro Manila",Market estimate - based on Carousell/Philkotse avg,https://www.carousell.ph/p/ford-ecosport-2016-1-1394257477/,"Market-based estimate for 2016 Ford EcoSport - avg from online listings PHP 500,000",2024,2024,Available,0,Good condition - market priced based on 0 real listings for this model
Ford,EcoSport,2016,9,475791,48781,Manual,Gas,Gray,Pampanga,Market estimate - based on Carousell/Philkotse avg,https://www.carousell.ph/p/ford-ecosport-2016-1-1415828242/,"Market-based estimate for 2016 Ford EcoSport - avg from online listings PHP 500,000",2024,2024,Available,0,Good condition - market priced based on 0 real listings for this model
Ford,EcoSport,2016,10,426237,63183,Manual,Gas,Black,"Davao City, Davao",Market estimate - based on Carousell/Philkotse avg,https://www.carousell.ph/p/ford-ecosport-2016-1-1392264693/,"Market-based estimate for 2016 Ford EcoSport - avg from online listings PHP 500,000",2024,2024,Available,0,Good condition - market priced based on 0 real listings for this model
Ford,EcoSport,2017,1,481517,70806,Automatic,Gas,Silver,"Taguig, Metro Manila",Market estimate - based on Carousell/Philkotse avg,https://www.carousell.ph/p/ford-ecosport-2017-1-1401363393/,"Market-based estimate for 2017 Ford EcoSport - avg from online listings PHP 500,000",2024,2024,Available,0,Good condition - market priced based on 0 real listings for this model
Ford,EcoSport,2017,2,482809,53417,Manual,Gas,Silver,"Mandaluyong, Metro Manila",Market estimate - based on Carousell/Philkotse avg,https://www.carousell.ph/p/ford-ecosport-2017-1-1385195923/,"Market-based estimate for 2017 Ford EcoSport - avg from online listings PHP 500,000",2024,2024,Available,0,Good condition - market priced based on 0 real listings for this model
Ford,EcoSport,2017,3,438544,69314,Manual,Gas,Gray,Cavite,Market estimate - based on Carousell/Philkotse avg,https://www.carousell.ph/p/ford-ecosport-2017-1-1356957287/,"Market-based estimate for 2017 Ford EcoSport - avg from online listings PHP 500,000",2024,2024,Available,0,Good condition - market priced based on 0 real listings for this model
Ford,EcoSport,2017,4,483738,68979,Manual,Gas,Blue,"Quezon City, Metro Manila",Market estimate - based on Carousell/Philkotse avg,https://www.carousell.ph/p/ford-ecosport-2017-1-1433623035/,"Market-based estimate for 2017 Ford EcoSport - avg from online listings PHP 500,000",2024,2024,Available,0,Good condition - market priced based on 0 real listings for this model
Ford,EcoSport,2017,5,573716,66771,Automatic,Gas,Silver,"Las Pinas, Metro Manila",Market estimate - based on Carousell/Philkotse avg,https://philkotse.com/ford-ecosport-for-sale-in-quezon-city/2017-ecosport-for-sale-aid8818250,"Market-based estimate for 2017 Ford EcoSport - avg from online listings PHP 500,000",2024,2024,Available,0,Good condition - market priced based on 0 real listings for this model
Ford,EcoSport,2017,6,430496,63160,Automatic,Gas,White,Bulacan,Market estimate - based on Carousell/Philkotse avg,https://www.carousell.ph/p/ford-ecosport-2017-1-1446713546/,"Market-based estimate for 2017 Ford EcoSport - avg from online listings PHP 500,000",2024,2024,Available,0,Good condition - market priced based on 0 real listings for this model
Ford,EcoSport,2017,7,445489,63059,Automatic,Gas,White,Laguna,Market estimate - based on Carousell/Philkotse avg,https://www.carousell.ph/p/ford-ecosport-2017-1-1445899490/,"Market-based estimate for 2017 Ford EcoSport - avg from online listings PHP 500,000",2024,2024,Available,0,Good condition - market priced based on 0 real listings for this model
Ford,EcoSport,2017,8,532327,57594,Manual,Gas,White,"Taguig, Metro Manila",Market estimate - based on Carousell/Philkotse avg,https://www.carousell.ph/p/ford-ecosport-2017-1-1404435015/,"Market-based estimate for 2017 Ford EcoSport - avg from online listings PHP 500,000",2024,2024,Available,0,Good condition - market priced based on 0 real listings for this model
Ford,EcoSport,2017,9,471733,56453,Manual,Gas,Black,"Makati, Metro Manila",Market estimate - based on Carousell/Philkotse avg,https://www.carousell.ph/p/ford-ecosport-2017-1-1384644934/,"Market-based estimate for 2017 Ford EcoSport - avg from online listings PHP 500,000",2024,2024,Available,0,Good condition - market priced based on 0 real listings for this model
Ford,EcoSport,2017,10,563513,52851,Automatic,Gas,Brown,Pampanga,Market estimate - based on Carousell/Philkotse avg,https://www.carousell.ph/p/ford-ecosport-2017-1-1446902040/,"Market-based estimate for 2017 Ford EcoSport - avg from online listings PHP 500,000",2024,2024,Available,0,Good condition - market priced based on 0 real listings for this model
Ford,EcoSport,2018,1,452992,68833,Automatic,Gas,Orange,"Davao City, Davao",Market estimate - based on Carousell/Philkotse avg,https://www.carousell.ph/p/ford-ecosport-2018-1-1434226286/,"Market-based estimate for 2018 Ford EcoSport - avg from online listings PHP 500,000",2024,2024,Available,0,Good condition - market priced based on 0 real listings for this model
Ford,EcoSport,2018,2,453538,56081,Manual,Gas,Red,"Mandaluyong, Metro Manila",Market estimate - based on Carousell/Philkotse avg,https://www.carousell.ph/p/ford-ecosport-2018-1-1419297828/,"Market-based estimate for 2018 Ford EcoSport - avg from online listings PHP 500,000",2024,2024,Available,0,Good condition - market priced based on 0 real listings for this model
Ford,EcoSport,2018,3,573566,58534,Manual,Gas,White,"Makati, Metro Manila",Market estimate - based on Carousell/Philkotse avg,https://www.carousell.ph/p/ford-ecosport-2018-1-1421151201/,"Market-based estimate for 2018 Ford EcoSport - avg from online listings PHP 500,000",2024,2024,Available,0,Good condition - market priced based on 0 real listings for this model
Ford,EcoSport,2018,4,541491,57107,Automatic,Gas,Brown,"Mandaluyong, Metro Manila",Market estimate - based on Carousell/Philkotse avg,https://www.carousell.ph/p/ford-ecosport-2018-1-1445440569/,"Market-based estimate for 2018 Ford EcoSport - avg from online listings PHP 500,000",2024,2024,Available,0,Good condition - market priced based on 0 real listings for this model
Ford,EcoSport,2018,5,568718,57967,Automatic,Gas,Gray,Bulacan,Market estimate - based on Carousell/Philkotse avg,https://www.carousell.ph/p/ford-ecosport-2018-1-1377198080/,"Market-based estimate for 2018 Ford EcoSport - avg from online listings PHP 500,000",2024,2024,Available,0,Good condition - market priced based on 0 real listings for this model
Ford,EcoSport,2018,6,519955,51392,Manual,Gas,White,Cavite,Market estimate - based on Carousell/Philkotse avg,https://www.carousell.ph/p/ford-ecosport-2018-1-1420284395/,"Market-based estimate for 2018 Ford EcoSport - avg from online listings PHP 500,000",2024,2024,Available,0,Good condition - market priced based on 0 real listings for this model
Ford,EcoSport,2018,7,470047,48927,Automatic,Gas,Silver,"Pasig, Metro Manila",Market estimate - based on Carousell/Philkotse avg,https://philkotse.com/ford-ecosport-for-sale-in-quezon-city/2018-ecosport-for-sale-aid8807173,"Market-based estimate for 2018 Ford EcoSport - avg from online listings PHP 500,000",2024,2024,Available,0,Good condition - market priced based on 0 real listings for this model
Ford,EcoSport,2018,8,516687,62719,Automatic,Gas,Brown,"Quezon City, Metro Manila",Market estimate - based on Carousell/Philkotse avg,https://www.carousell.ph/p/ford-ecosport-2018-1-1435281643/,"Market-based estimate for 2018 Ford EcoSport - avg from online listings PHP 500,000",2024,2024,Available,0,Good condition - market priced based on 0 real listings for this model
Ford,EcoSport,2018,9,556034,54060,Manual,Gas,Black,"Cebu City, Cebu",Market estimate - based on Carousell/Philkotse avg,https://www.carousell.ph/p/ford-ecosport-2018-1-1449383372/,"Market-based estimate for 2018 Ford EcoSport - avg from online listings PHP 500,000",2024,2024,Available,0,Good condition - market priced based on 0 real listings for this model
Ford,EcoSport,2018,10,553899,51739,Manual,Gas,Brown,Laguna,Market estimate - based on Carousell/Philkotse avg,https://www.carousell.ph/p/ford-ecosport-2018-1-1386974807/,"Market-based estimate for 2018 Ford EcoSport - avg from online listings PHP 500,000",2024,2024,Available,0,Good condition - market priced based on 0 real listings for this model
Ford,EcoSport,2019,1,546627,51978,Manual,Gas,Gray,"Cebu City, Cebu",Market estimate - based on Carousell/Philkotse avg,https://www.carousell.ph/p/ford-ecosport-2019-1-1404917870/,"Market-based estimate for 2019 Ford EcoSport - avg from online listings PHP 500,000",2024,2024,Available,0,Good condition - market priced based on 0 real listings for this model
Ford,EcoSport,2019,2,530619,61451,Automatic,Gas,Black,"Paranaque, Metro Manila",Market estimate - based on Carousell/Philkotse avg,https://www.carousell.ph/p/ford-ecosport-2019-1-1403989525/,"Market-based estimate for 2019 Ford EcoSport - avg from online listings PHP 500,000",2024,2024,Available,0,Good condition - market priced based on 0 real listings for this model
Ford,EcoSport,2019,3,456971,57902,Manual,Gas,Blue,Bulacan,Market estimate - based on Carousell/Philkotse avg,https://www.carousell.ph/p/ford-ecosport-2019-1-1371059528/,"Market-based estimate for 2019 Ford EcoSport - avg from online listings PHP 500,000",2024,2024,Available,0,Good condition - market priced based on 0 real listings for this model
Ford,EcoSport,2019,4,427012,63718,Automatic,Gas,Brown,Laguna,Market estimate - based on Carousell/Philkotse avg,https://www.carousell.ph/p/ford-ecosport-2019-1-1432429097/,"Market-based estimate for 2019 Ford EcoSport - avg from online listings PHP 500,000",2024,2024,Available,0,Good condition - market priced based on 0 real listings for this model
Ford,EcoSport,2019,5,457407,53982,Automatic,Gas,Black,"Cebu City, Cebu",Market estimate - based on Carousell/Philkotse avg,https://philkotse.com/ford-ecosport-for-sale-in-quezon-city/2019-ecosport-for-sale-aid8350494,"Market-based estimate for 2019 Ford EcoSport - avg from online listings PHP 500,000",2024,2024,Available,0,Good condition - market priced based on 0 real listings for this model
Ford,EcoSport,2019,6,560583,51553,Manual,Gas,Red,"Las Pinas, Metro Manila",Market estimate - based on Carousell/Philkotse avg,https://philkotse.com/ford-ecosport-for-sale-in-quezon-city/2019-ecosport-for-sale-aid8217277,"Market-based estimate for 2019 Ford EcoSport - avg from online listings PHP 500,000",2024,2024,Available,0,Good condition - market priced based on 0 real listings for this model
Ford,EcoSport,2019,7,559394,69586,Automatic,Gas,Silver,"Taguig, Metro Manila",Market estimate - based on Carousell/Philkotse avg,https://www.carousell.ph/p/ford-ecosport-2019-1-1382984934/,"Market-based estimate for 2019 Ford EcoSport - avg from online listings PHP 500,000",2024,2024,Available,0,Good condition - market priced based on 0 real listings for this model
Ford,EcoSport,2019,8,451874,61169,Manual,Gas,Blue,"Taguig, Metro Manila",Market estimate - based on Carousell/Philkotse avg,https://philkotse.com/ford-ecosport-for-sale-in-quezon-city/2019-ecosport-for-sale-aid8027065,"Market-based estimate for 2019 Ford EcoSport - avg from online listings PHP 500,000",2024,2024,Available,0,Good condition - market priced based on 0 real listings for this model
Ford,EcoSport,2019,9,453043,60977,Manual,Gas,Red,"Las Pinas, Metro Manila",Market estimate - based on Carousell/Philkotse avg,https://philkotse.com/ford-ecosport-for-sale-in-quezon-city/2019-ecosport-for-sale-aid8496431,"Market-based estimate for 2019 Ford EcoSport - avg from online listings PHP 500,000",2024,2024,Available,0,Good condition - market priced based on 0 real listings for this model
Ford,EcoSport,2019,10,462921,50941,Manual,Gas,Blue,"Pasig, Metro Manila",Market estimate - based on Carousell/Philkotse avg,https://www.carousell.ph/p/ford-ecosport-2019-1-1396283798/,"Market-based estimate for 2019 Ford EcoSport - avg from online listings PHP 500,000",2024,2024,Available,0,Good condition - market priced based on 0 real listings for this model
Ford,EcoSport,2020,1,535120,66373,Manual,Gas,Black,Pampanga,Market estimate - based on Carousell/Philkotse avg,https://www.carousell.ph/p/ford-ecosport-2020-1-1362081575/,"Market-based estimate for 2020 Ford EcoSport - avg from online listings PHP 500,000",2024,2024,Available,0,Good condition - market priced based on 0 real listings for this model
Ford,EcoSport,2020,2,490663,63163,Manual,Gas,Black,Pampanga,Market estimate - based on Carousell/Philkotse avg,https://www.carousell.ph/p/ford-ecosport-2020-1-1408495161/,"Market-based estimate for 2020 Ford EcoSport - avg from online listings PHP 500,000",2024,2024,Available,0,Good condition - market priced based on 0 real listings for this model
Ford,EcoSport,2020,3,556711,48412,Manual,Gas,Brown,Cavite,Market estimate - based on Carousell/Philkotse avg,https://www.carousell.ph/p/ford-ecosport-2020-1-1358290521/,"Market-based estimate for 2020 Ford EcoSport - avg from online listings PHP 500,000",2024,2024,Available,0,Good condition - market priced based on 0 real listings for this model
Ford,EcoSport,2020,4,456716,65643,Automatic,Gas,Gray,Cavite,Market estimate - based on Carousell/Philkotse avg,https://www.carousell.ph/p/ford-ecosport-2020-1-1434377574/,"Market-based estimate for 2020 Ford EcoSport - avg from online listings PHP 500,000",2024,2024,Available,0,Good condition - market priced based on 0 real listings for this model
Ford,EcoSport,2020,5,573822,49335,Automatic,Gas,Silver,"Paranaque, Metro Manila",Market estimate - based on Carousell/Philkotse avg,https://www.carousell.ph/p/ford-ecosport-2020-1-1355003656/,"Market-based estimate for 2020 Ford EcoSport - avg from online listings PHP 500,000",2024,2024,Available,0,Good condition - market priced based on 0 real listings for this model
Ford,EcoSport,2020,6,562175,65506,Automatic,Gas,Gray,Pampanga,Market estimate - based on Carousell/Philkotse avg,https://philkotse.com/ford-ecosport-for-sale-in-quezon-city/2020-ecosport-for-sale-aid8798884,"Market-based estimate for 2020 Ford EcoSport - avg from online listings PHP 500,000",2024,2024,Available,0,Good condition - market priced based on 0 real listings for this model
Ford,EcoSport,2020,7,521054,62372,Automatic,Gas,White,Laguna,Market estimate - based on Carousell/Philkotse avg,https://philkotse.com/ford-ecosport-for-sale-in-quezon-city/2020-ecosport-for-sale-aid8606090,"Market-based estimate for 2020 Ford EcoSport - avg from online listings PHP 500,000",2024,2024,Available,0,Good condition - market priced based on 0 real listings for this model
Ford,EcoSport,2020,8,552573,63770,Automatic,Gas,Orange,Laguna,Market estimate - based on Carousell/Philkotse avg,https://www.carousell.ph/p/ford-ecosport-2020-1-1385094383/,"Market-based estimate for 2020 Ford EcoSport - avg from online listings PHP 500,000",2024,2024,Available,0,Good condition - market priced based on 0 real listings for this model
Ford,EcoSport,2020,9,522465,57414,Automatic,Gas,Black,"Cebu City, Cebu",Market estimate - based on Carousell/Philkotse avg,https://philkotse.com/ford-ecosport-for-sale-in-quezon-city/2020-ecosport-for-sale-aid8489689,"Market-based estimate for 2020 Ford EcoSport - avg from online listings PHP 500,000",2024,2024,Available,0,Good condition - market priced based on 0 real listings for this model
Ford,EcoSport,2020,10,446753,51075,Manual,Gas,Black,Laguna,Market estimate - based on Carousell/Philkotse avg,https://www.carousell.ph/p/ford-ecosport-2020-1-1411249896/,"Market-based estimate for 2020 Ford EcoSport - avg from online listings PHP 500,000",2024,2024,Available,0,Good condition - market priced based on 0 real listings for this model
Ford,EcoSport,2021,1,447701,58624,Automatic,Gas,Black,"Cebu City, Cebu",Market estimate - based on Carousell/Philkotse avg,https://philkotse.com/ford-ecosport-for-sale-in-quezon-city/2021-ecosport-for-sale-aid8892004,"Market-based estimate for 2021 Ford EcoSport - avg from online listings PHP 500,000",2024,2024,Available,0,Good condition - market priced based on 0 real listings for this model
Ford,EcoSport,2021,2,536118,63598,Manual,Gas,Red,"Davao City, Davao",Market estimate - based on Carousell/Philkotse avg,https://www.carousell.ph/p/ford-ecosport-2021-1-1398383633/,"Market-based estimate for 2021 Ford EcoSport - avg from online listings PHP 500,000",2024,2024,Available,0,Good condition - market priced based on 0 real listings for this model
Ford,EcoSport,2021,3,474183,56275,Automatic,Gas,White,"Quezon City, Metro Manila",Market estimate - based on Carousell/Philkotse avg,https://www.carousell.ph/p/ford-ecosport-2021-1-1446223948/,"Market-based estimate for 2021 Ford EcoSport - avg from online listings PHP 500,000",2024,2024,Available,0,Good condition - market priced based on 0 real listings for this model
Ford,EcoSport,2021,4,512652,67783,Manual,Gas,Orange,"Las Pinas, Metro Manila",Market estimate - based on Carousell/Philkotse avg,https://www.carousell.ph/p/ford-ecosport-2021-1-1355481575/,"Market-based estimate for 2021 Ford EcoSport - avg from online listings PHP 500,000",2024,2024,Available,0,Good condition - market priced based on 0 real listings for this model
Ford,EcoSport,2021,5,566069,60462,Automatic,Gas,Silver,Laguna,Market estimate - based on Carousell/Philkotse avg,https://www.carousell.ph/p/ford-ecosport-2021-1-1404477103/,"Market-based estimate for 2021 Ford EcoSport - avg from online listings PHP 500,000",2024,2024,Available,0,Good condition - market priced based on 0 real listings for this model
Ford,EcoSport,2021,6,555079,48870,Manual,Gas,Red,Bulacan,Market estimate - based on Carousell/Philkotse avg,https://www.carousell.ph/p/ford-ecosport-2021-1-1363079366/,"Market-based estimate for 2021 Ford EcoSport - avg from online listings PHP 500,000",2024,2024,Available,0,Good condition - market priced based on 0 real listings for this model
Ford,EcoSport,2021,7,473242,54077,Automatic,Gas,White,Cavite,Market estimate - based on Carousell/Philkotse avg,https://www.carousell.ph/p/ford-ecosport-2021-1-1423774015/,"Market-based estimate for 2021 Ford EcoSport - avg from online listings PHP 500,000",2024,2024,Available,0,Good condition - market priced based on 0 real listings for this model
Ford,EcoSport,2021,8,487608,63536,Manual,Gas,Gray,"Cebu City, Cebu",Market estimate - based on Carousell/Philkotse avg,https://philkotse.com/ford-ecosport-for-sale-in-quezon-city/2021-ecosport-for-sale-aid8914763,"Market-based estimate for 2021 Ford EcoSport - avg from online listings PHP 500,000",2024,2024,Available,0,Good condition - market priced based on 0 real listings for this model
Ford,EcoSport,2021,9,534858,70252,Automatic,Gas,Orange,"Cebu City, Cebu",Market estimate - based on Carousell/Philkotse avg,https://philkotse.com/ford-ecosport-for-sale-in-quezon-city/2021-ecosport-for-sale-aid8820189,"Market-based estimate for 2021 Ford EcoSport - avg from online listings PHP 500,000",2024,2024,Available,0,Good condition - market priced based on 0 real listings for this model
Ford,EcoSport,2021,10,448068,61497,Automatic,Gas,Blue,"Quezon City, Metro Manila",Market estimate - based on Carousell/Philkotse avg,https://www.carousell.ph/p/ford-ecosport-2021-1-1355256070/,"Market-based estimate for 2021 Ford EcoSport - avg from online listings PHP 500,000",2024,2024,Available,0,Good condition - market priced based on 0 real listings for this model
Ford,EcoSport,2022,1,442479,54982,Automatic,Gas,Silver,Laguna,Market estimate - based on Carousell/Philkotse avg,https://philkotse.com/ford-ecosport-for-sale-in-quezon-city/2022-ecosport-for-sale-aid8198943,"Market-based estimate for 2022 Ford EcoSport - avg from online listings PHP 500,000",2024,2024,Available,0,Good condition - market priced based on 0 real listings for this model
Ford,EcoSport,2022,2,571080,67795,Manual,Gas,Orange,"Quezon City, Metro Manila",Market estimate - based on Carousell/Philkotse avg,https://www.carousell.ph/p/ford-ecosport-2022-1-1407402107/,"Market-based estimate for 2022 Ford EcoSport - avg from online listings PHP 500,000",2024,2024,Available,0,Good condition - market priced based on 0 real listings for this model
Ford,EcoSport,2022,3,464032,60782,Automatic,Gas,Gray,Bulacan,Market estimate - based on Carousell/Philkotse avg,https://www.carousell.ph/p/ford-ecosport-2022-1-1370816790/,"Market-based estimate for 2022 Ford EcoSport - avg from online listings PHP 500,000",2024,2024,Available,0,Good condition - market priced based on 0 real listings for this model
Ford,EcoSport,2022,4,527745,48012,Automatic,Gas,Red,"Cebu City, Cebu",Market estimate - based on Carousell/Philkotse avg,https://www.carousell.ph/p/ford-ecosport-2022-1-1384810507/,"Market-based estimate for 2022 Ford EcoSport - avg from online listings PHP 500,000",2024,2024,Available,0,Good condition - market priced based on 0 real listings for this model
Ford,EcoSport,2022,5,488290,51159,Manual,Gas,Blue,"Pasig, Metro Manila",Market estimate - based on Carousell/Philkotse avg,https://www.carousell.ph/p/ford-ecosport-2022-1-1351545224/,"Market-based estimate for 2022 Ford EcoSport - avg from online listings PHP 500,000",2024,2024,Available,0,Good condition - market priced based on 0 real listings for this model
Ford,EcoSport,2022,6,485447,61203,Manual,Gas,Brown,"Davao City, Davao",Market estimate - based on Carousell/Philkotse avg,https://www.carousell.ph/p/ford-ecosport-2022-1-1446178494/,"Market-based estimate for 2022 Ford EcoSport - avg from online listings PHP 500,000",2024,2024,Available,0,Good condition - market priced based on 0 real listings for this model
Ford,EcoSport,2022,7,425560,49899,Manual,Gas,Blue,Pampanga,Market estimate - based on Carousell/Philkotse avg,https://philkotse.com/ford-ecosport-for-sale-in-quezon-city/2022-ecosport-for-sale-aid8927760,"Market-based estimate for 2022 Ford EcoSport - avg from online listings PHP 500,000",2024,2024,Available,0,Good condition - market priced based on 0 real listings for this model
Ford,EcoSport,2022,8,522014,48478,Automatic,Gas,White,"Las Pinas, Metro Manila",Market estimate - based on Carousell/Philkotse avg,https://www.carousell.ph/p/ford-ecosport-2022-1-1408473051/,"Market-based estimate for 2022 Ford EcoSport - avg from online listings PHP 500,000",2024,2024,Available,0,Good condition - market priced based on 0 real listings for this model
Ford,EcoSport,2022,9,539638,70565,Automatic,Gas,White,"Mandaluyong, Metro Manila",Market estimate - based on Carousell/Philkotse avg,https://philkotse.com/ford-ecosport-for-sale-in-quezon-city/2022-ecosport-for-sale-aid8030624,"Market-based estimate for 2022 Ford EcoSport - avg from online listings PHP 500,000",2024,2024,Available,0,Good condition - market priced based on 0 real listings for this model
Ford,EcoSport,2022,10,521974,63312,Manual,Gas,Brown,"Mandaluyong, Metro Manila",Market estimate - based on Carousell/Philkotse avg,https://www.carousell.ph/p/ford-ecosport-2022-1-1416115147/,"Market-based estimate for 2022 Ford EcoSport - avg from online listings PHP 500,000",2024,2024,Available,0,Good condition - market priced based on 0 real listings for this model
Ford,Everest,2015,1,1020896,67528,Automatic,Diesel,Blue,"Cebu City, Cebu",Market estimate - based on Carousell/Philkotse avg,https://www.carousell.ph/p/ford-everest-2015-1-1449482399/,"Market-based estimate for 2015 Ford Everest - avg from online listings PHP 1,000,000",2024,2024,Available,0,Good condition - market priced based on 0 real listings for this model
Ford,Everest,2015,2,975360,56744,Manual,Diesel,Gray,"Davao City, Davao",Market estimate - based on Carousell/Philkotse avg,https://www.carousell.ph/p/ford-everest-2015-1-1425847098/,"Market-based estimate for 2015 Ford Everest - avg from online listings PHP 1,000,000",2024,2024,Available,0,Good condition - market priced based on 0 real listings for this model
Ford,Everest,2015,3,1010266,82046,Manual,Diesel,Silver,"Pasig, Metro Manila",Market estimate - based on Carousell/Philkotse avg,https://www.carousell.ph/p/ford-everest-2015-1-1430739806/,"Market-based estimate for 2015 Ford Everest - avg from online listings PHP 1,000,000",2024,2024,Available,0,Good condition - market priced based on 0 real listings for this model
Ford,Everest,2015,4,1122948,61035,Automatic,Diesel,White,"Paranaque, Metro Manila",Market estimate - based on Carousell/Philkotse avg,https://philkotse.com/ford-everest-for-sale-in-quezon-city/2015-everest-for-sale-aid8292205,"Market-based estimate for 2015 Ford Everest - avg from online listings PHP 1,000,000",2024,2024,Available,0,Good condition - market priced based on 0 real listings for this model
Ford,Everest,2015,5,1099566,79617,Automatic,Diesel,Gray,Cavite,Market estimate - based on Carousell/Philkotse avg,https://philkotse.com/ford-everest-for-sale-in-quezon-city/2015-everest-for-sale-aid8093040,"Market-based estimate for 2015 Ford Everest - avg from online listings PHP 1,000,000",2024,2024,Available,0,Good condition - market priced based on 0 real listings for this model
Ford,Everest,2015,6,917751,65875,Manual,Diesel,Gray,"Quezon City, Metro Manila",Market estimate - based on Carousell/Philkotse avg,https://www.carousell.ph/p/ford-everest-2015-1-1360769920/,"Market-based estimate for 2015 Ford Everest - avg from online listings PHP 1,000,000",2024,2024,Available,0,Good condition - market priced based on 0 real listings for this model
Ford,Everest,2015,7,1090180,61643,Automatic,Diesel,Blue,"Pasig, Metro Manila",Market estimate - based on Carousell/Philkotse avg,https://www.carousell.ph/p/ford-everest-2015-1-1378999843/,"Market-based estimate for 2015 Ford Everest - avg from online listings PHP 1,000,000",2024,2024,Available,0,Good condition - market priced based on 0 real listings for this model
Ford,Everest,2015,8,1136691,69218,Automatic,Diesel,Black,"Davao City, Davao",Market estimate - based on Carousell/Philkotse avg,https://www.carousell.ph/p/ford-everest-2015-1-1362225226/,"Market-based estimate for 2015 Ford Everest - avg from online listings PHP 1,000,000",2024,2024,Available,0,Good condition - market priced based on 0 real listings for this model
Ford,Everest,2015,9,968057,75190,Automatic,Diesel,Gray,"Quezon City, Metro Manila",Market estimate - based on Carousell/Philkotse avg,https://www.carousell.ph/p/ford-everest-2015-1-1442808411/,"Market-based estimate for 2015 Ford Everest - avg from online listings PHP 1,000,000",2024,2024,Available,0,Good condition - market priced based on 0 real listings for this model
Ford,Everest,2015,10,1106110,63117,Automatic,Diesel,Black,"Taguig, Metro Manila",Market estimate - based on Carousell/Philkotse avg,https://www.carousell.ph/p/ford-everest-2015-1-1374954317/,"Market-based estimate for 2015 Ford Everest - avg from online listings PHP 1,000,000",2024,2024,Available,0,Good condition - market priced based on 0 real listings for this model
Ford,Everest,2016,1,932128,59327,Automatic,Diesel,Blue,Laguna,Market estimate - based on Carousell/Philkotse avg,https://philkotse.com/ford-everest-for-sale-in-quezon-city/2016-everest-for-sale-aid8306793,"Market-based estimate for 2016 Ford Everest - avg from online listings PHP 1,000,000",2024,2024,Available,0,Good condition - market priced based on 0 real listings for this model
Ford,Everest,2016,2,959072,60671,Manual,Diesel,Silver,Cavite,Market estimate - based on Carousell/Philkotse avg,https://www.carousell.ph/p/ford-everest-2016-1-1372750916/,"Market-based estimate for 2016 Ford Everest - avg from online listings PHP 1,000,000",2024,2024,Available,0,Good condition - market priced based on 0 real listings for this model
Ford,Everest,2016,3,1088887,83008,Manual,Diesel,Orange,"Mandaluyong, Metro Manila",Market estimate - based on Carousell/Philkotse avg,https://www.carousell.ph/p/ford-everest-2016-1-1355207842/,"Market-based estimate for 2016 Ford Everest - avg from online listings PHP 1,000,000",2024,2024,Available,0,Good condition - market priced based on 0 real listings for this model
Ford,Everest,2016,4,1073616,63972,Automatic,Diesel,Gray,"Makati, Metro Manila",Market estimate - based on Carousell/Philkotse avg,https://philkotse.com/ford-everest-for-sale-in-quezon-city/2016-everest-for-sale-aid8029457,"Market-based estimate for 2016 Ford Everest - avg from online listings PHP 1,000,000",2024,2024,Available,0,Good condition - market priced based on 0 real listings for this model
Ford,Everest,2016,5,896367,66842,Manual,Diesel,Brown,"Pasig, Metro Manila",Market estimate - based on Carousell/Philkotse avg,https://philkotse.com/ford-everest-for-sale-in-quezon-city/2016-everest-for-sale-aid8205488,"Market-based estimate for 2016 Ford Everest - avg from online listings PHP 1,000,000",2024,2024,Available,0,Good condition - market priced based on 0 real listings for this model
Ford,Everest,2016,6,1083522,77488,Automatic,Diesel,Red,"Makati, Metro Manila",Market estimate - based on Carousell/Philkotse avg,https://philkotse.com/ford-everest-for-sale-in-quezon-city/2016-everest-for-sale-aid8318891,"Market-based estimate for 2016 Ford Everest - avg from online listings PHP 1,000,000",2024,2024,Available,0,Good condition - market priced based on 0 real listings for this model
Ford,Everest,2016,7,1106719,58580,Manual,Diesel,Red,Cavite,Market estimate - based on Carousell/Philkotse avg,https://philkotse.com/ford-everest-for-sale-in-quezon-city/2016-everest-for-sale-aid8482984,"Market-based estimate for 2016 Ford Everest - avg from online listings PHP 1,000,000",2024,2024,Available,0,Good condition - market priced based on 0 real listings for this model
Ford,Everest,2016,8,1011197,64009,Manual,Diesel,Silver,"Quezon City, Metro Manila",Market estimate - based on Carousell/Philkotse avg,https://www.carousell.ph/p/ford-everest-2016-1-1403696016/,"Market-based estimate for 2016 Ford Everest - avg from online listings PHP 1,000,000",2024,2024,Available,0,Good condition - market priced based on 0 real listings for this model
Ford,Everest,2016,9,981443,80277,Manual,Diesel,Brown,"Mandaluyong, Metro Manila",Market estimate - based on Carousell/Philkotse avg,https://www.carousell.ph/p/ford-everest-2016-1-1421746317/,"Market-based estimate for 2016 Ford Everest - avg from online listings PHP 1,000,000",2024,2024,Available,0,Good condition - market priced based on 0 real listings for this model
Ford,Everest,2016,10,1011791,68100,Automatic,Diesel,Brown,Bulacan,Market estimate - based on Carousell/Philkotse avg,https://www.carousell.ph/p/ford-everest-2016-1-1443799313/,"Market-based estimate for 2016 Ford Everest - avg from online listings PHP 1,000,000",2024,2024,Available,0,Good condition - market priced based on 0 real listings for this model
Ford,Everest,2017,1,1012902,73538,Manual,Diesel,Red,Cavite,Market estimate - based on Carousell/Philkotse avg,https://philkotse.com/ford-everest-for-sale-in-quezon-city/2017-everest-for-sale-aid8465035,"Market-based estimate for 2017 Ford Everest - avg from online listings PHP 1,000,000",2024,2024,Available,0,Good condition - market priced based on 0 real listings for this model
Ford,Everest,2017,2,890669,57145,Automatic,Diesel,Brown,Pampanga,Market estimate - based on Carousell/Philkotse avg,https://philkotse.com/ford-everest-for-sale-in-quezon-city/2017-everest-for-sale-aid8145136,"Market-based estimate for 2017 Ford Everest - avg from online listings PHP 1,000,000",2024,2024,Available,0,Good condition - market priced based on 0 real listings for this model
Ford,Everest,2017,3,1006367,69404,Manual,Diesel,Black,"Paranaque, Metro Manila",Market estimate - based on Carousell/Philkotse avg,https://www.carousell.ph/p/ford-everest-2017-1-1380025118/,"Market-based estimate for 2017 Ford Everest - avg from online listings PHP 1,000,000",2024,2024,Available,0,Good condition - market priced based on 0 real listings for this model
Ford,Everest,2017,4,1098333,65858,Automatic,Diesel,Silver,Cavite,Market estimate - based on Carousell/Philkotse avg,https://www.carousell.ph/p/ford-everest-2017-1-1434450131/,"Market-based estimate for 2017 Ford Everest - avg from online listings PHP 1,000,000",2024,2024,Available,0,Good condition - market priced based on 0 real listings for this model
Ford,Everest,2017,5,932956,61909,Automatic,Diesel,Black,"Paranaque, Metro Manila",Market estimate - based on Carousell/Philkotse avg,https://www.carousell.ph/p/ford-everest-2017-1-1441653782/,"Market-based estimate for 2017 Ford Everest - avg from online listings PHP 1,000,000",2024,2024,Available,0,Good condition - market priced based on 0 real listings for this model
Ford,Everest,2017,6,1109390,66050,Manual,Diesel,Red,Pampanga,Market estimate - based on Carousell/Philkotse avg,https://www.carousell.ph/p/ford-everest-2017-1-1411516208/,"Market-based estimate for 2017 Ford Everest - avg from online listings PHP 1,000,000",2024,2024,Available,0,Good condition - market priced based on 0 real listings for this model
Ford,Everest,2017,7,872773,62245,Automatic,Diesel,Orange,"Taguig, Metro Manila",Market estimate - based on Carousell/Philkotse avg,https://www.carousell.ph/p/ford-everest-2017-1-1446560508/,"Market-based estimate for 2017 Ford Everest - avg from online listings PHP 1,000,000",2024,2024,Available,0,Good condition - market priced based on 0 real listings for this model
Ford,Everest,2017,8,1129026,82940,Manual,Diesel,Red,"Makati, Metro Manila",Market estimate - based on Carousell/Philkotse avg,https://www.carousell.ph/p/ford-everest-2017-1-1441754131/,"Market-based estimate for 2017 Ford Everest - avg from online listings PHP 1,000,000",2024,2024,Available,0,Good condition - market priced based on 0 real listings for this model
Ford,Everest,2017,9,891391,56865,Manual,Diesel,Black,"Cebu City, Cebu",Market estimate - based on Carousell/Philkotse avg,https://www.carousell.ph/p/ford-everest-2017-1-1412950572/,"Market-based estimate for 2017 Ford Everest - avg from online listings PHP 1,000,000",2024,2024,Available,0,Good condition - market priced based on 0 real listings for this model
Ford,Everest,2017,10,898468,76790,Manual,Diesel,Gray,"Cebu City, Cebu",Market estimate - based on Carousell/Philkotse avg,https://www.carousell.ph/p/ford-everest-2017-1-1371802724/,"Market-based estimate for 2017 Ford Everest - avg from online listings PHP 1,000,000",2024,2024,Available,0,Good condition - market priced based on 0 real listings for this model
Ford,Everest,2018,1,897437,57617,Automatic,Diesel,White,Laguna,Market estimate - based on Carousell/Philkotse avg,https://www.carousell.ph/p/ford-everest-2018-1-1429637589/,"Market-based estimate for 2018 Ford Everest - avg from online listings PHP 1,000,000",2024,2024,Available,0,Good condition - market priced based on 0 real listings for this model
Ford,Everest,2018,2,1118144,64110,Manual,Diesel,Silver,"Las Pinas, Metro Manila",Market estimate - based on Carousell/Philkotse avg,https://www.carousell.ph/p/ford-everest-2018-1-1384482094/,"Market-based estimate for 2018 Ford Everest - avg from online listings PHP 1,000,000",2024,2024,Available,0,Good condition - market priced based on 0 real listings for this model
Ford,Everest,2018,3,1020186,74812,Automatic,Diesel,Blue,"Quezon City, Metro Manila",Market estimate - based on Carousell/Philkotse avg,https://philkotse.com/ford-everest-for-sale-in-quezon-city/2018-everest-for-sale-aid8745425,"Market-based estimate for 2018 Ford Everest - avg from online listings PHP 1,000,000",2024,2024,Available,0,Good condition - market priced based on 0 real listings for this model
Ford,Everest,2018,4,1106054,74388,Automatic,Diesel,Brown,"Pasig, Metro Manila",Market estimate - based on Carousell/Philkotse avg,https://philkotse.com/ford-everest-for-sale-in-quezon-city/2018-everest-for-sale-aid8047321,"Market-based estimate for 2018 Ford Everest - avg from online listings PHP 1,000,000",2024,2024,Available,0,Good condition - market priced based on 0 real listings for this model
Ford,Everest,2018,5,912493,56398,Automatic,Diesel,Black,Cavite,Market estimate - based on Carousell/Philkotse avg,https://www.carousell.ph/p/ford-everest-2018-1-1443152673/,"Market-based estimate for 2018 Ford Everest - avg from online listings PHP 1,000,000",2024,2024,Available,0,Good condition - market priced based on 0 real listings for this model
Ford,Everest,2018,6,1079322,73529,Automatic,Diesel,Blue,Bulacan,Market estimate - based on Carousell/Philkotse avg,https://www.carousell.ph/p/ford-everest-2018-1-1357855505/,"Market-based estimate for 2018 Ford Everest - avg from online listings PHP 1,000,000",2024,2024,Available,0,Good condition - market priced based on 0 real listings for this model
Ford,Everest,2018,7,1051338,62068,Automatic,Diesel,White,Pampanga,Market estimate - based on Carousell/Philkotse avg,https://philkotse.com/ford-everest-for-sale-in-quezon-city/2018-everest-for-sale-aid8204930,"Market-based estimate for 2018 Ford Everest - avg from online listings PHP 1,000,000",2024,2024,Available,0,Good condition - market priced based on 0 real listings for this model
Ford,Everest,2018,8,1072030,67506,Manual,Diesel,Black,"Makati, Metro Manila",Market estimate - based on Carousell/Philkotse avg,https://www.carousell.ph/p/ford-everest-2018-1-1420723680/,"Market-based estimate for 2018 Ford Everest - avg from online listings PHP 1,000,000",2024,2024,Available,0,Good condition - market priced based on 0 real listings for this model
Ford,Everest,2018,9,1010253,63933,Automatic,Diesel,Orange,"Pasig, Metro Manila",Market estimate - based on Carousell/Philkotse avg,https://philkotse.com/ford-everest-for-sale-in-quezon-city/2018-everest-for-sale-aid8151462,"Market-based estimate for 2018 Ford Everest - avg from online listings PHP 1,000,000",2024,2024,Available,0,Good condition - market priced based on 0 real listings for this model
Ford,Everest,2018,10,1126677,73895,Automatic,Diesel,Red,Laguna,Market estimate - based on Carousell/Philkotse avg,https://philkotse.com/ford-everest-for-sale-in-quezon-city/2018-everest-for-sale-aid8738355,"Market-based estimate for 2018 Ford Everest - avg from online listings PHP 1,000,000",2024,2024,Available,0,Good condition - market priced based on 0 real listings for this model
Ford,Everest,2019,1,1076563,72679,Automatic,Diesel,White,"Quezon City, Metro Manila",Market estimate - based on Carousell/Philkotse avg,https://www.carousell.ph/p/ford-everest-2019-1-1425556220/,"Market-based estimate for 2019 Ford Everest - avg from online listings PHP 1,000,000",2024,2024,Available,0,Good condition - market priced based on 0 real listings for this model
Ford,Everest,2019,2,993278,73244,Manual,Diesel,Gray,"Cebu City, Cebu",Market estimate - based on Carousell/Philkotse avg,https://www.carousell.ph/p/ford-everest-2019-1-1412092710/,"Market-based estimate for 2019 Ford Everest - avg from online listings PHP 1,000,000",2024,2024,Available,0,Good condition - market priced based on 0 real listings for this model
Ford,Everest,2019,3,941986,77740,Manual,Diesel,Orange,"Mandaluyong, Metro Manila",Market estimate - based on Carousell/Philkotse avg,https://www.carousell.ph/p/ford-everest-2019-1-1385721472/,"Market-based estimate for 2019 Ford Everest - avg from online listings PHP 1,000,000",2024,2024,Available,0,Good condition - market priced based on 0 real listings for this model
Ford,Everest,2019,4,1133393,67343,Automatic,Diesel,Silver,"Pasig, Metro Manila",Market estimate - based on Carousell/Philkotse avg,https://philkotse.com/ford-everest-for-sale-in-quezon-city/2019-everest-for-sale-aid8504556,"Market-based estimate for 2019 Ford Everest - avg from online listings PHP 1,000,000",2024,2024,Available,0,Good condition - market priced based on 0 real listings for this model
Ford,Everest,2019,5,864718,63515,Automatic,Diesel,Silver,Pampanga,Market estimate - based on Carousell/Philkotse avg,https://www.carousell.ph/p/ford-everest-2019-1-1360587693/,"Market-based estimate for 2019 Ford Everest - avg from online listings PHP 1,000,000",2024,2024,Available,0,Good condition - market priced based on 0 real listings for this model
Ford,Everest,2019,6,1020205,67271,Automatic,Diesel,Blue,Pampanga,Market estimate - based on Carousell/Philkotse avg,https://philkotse.com/ford-everest-for-sale-in-quezon-city/2019-everest-for-sale-aid8004390,"Market-based estimate for 2019 Ford Everest - avg from online listings PHP 1,000,000",2024,2024,Available,0,Good condition - market priced based on 0 real listings for this model
Ford,Everest,2019,7,872726,78206,Automatic,Diesel,Silver,"Pasig, Metro Manila",Market estimate - based on Carousell/Philkotse avg,https://www.carousell.ph/p/ford-everest-2019-1-1416443464/,"Market-based estimate for 2019 Ford Everest - avg from online listings PHP 1,000,000",2024,2024,Available,0,Good condition - market priced based on 0 real listings for this model
Ford,Everest,2019,8,941520,81214,Automatic,Diesel,White,"Davao City, Davao",Market estimate - based on Carousell/Philkotse avg,https://philkotse.com/ford-everest-for-sale-in-quezon-city/2019-everest-for-sale-aid8723584,"Market-based estimate for 2019 Ford Everest - avg from online listings PHP 1,000,000",2024,2024,Available,0,Good condition - market priced based on 0 real listings for this model
Ford,Everest,2019,9,904017,73088,Automatic,Diesel,Blue,Laguna,Market estimate - based on Carousell/Philkotse avg,https://www.carousell.ph/p/ford-everest-2019-1-1438515049/,"Market-based estimate for 2019 Ford Everest - avg from online listings PHP 1,000,000",2024,2024,Available,0,Good condition - market priced based on 0 real listings for this model
Ford,Everest,2019,10,851552,68152,Manual,Diesel,Blue,"Paranaque, Metro Manila",Market estimate - based on Carousell/Philkotse avg,https://philkotse.com/ford-everest-for-sale-in-quezon-city/2019-everest-for-sale-aid8137839,"Market-based estimate for 2019 Ford Everest - avg from online listings PHP 1,000,000",2024,2024,Available,0,Good condition - market priced based on 0 real listings for this model
Ford,Everest,2020,1,927995,73284,Manual,Diesel,Silver,Cavite,Market estimate - based on Carousell/Philkotse avg,https://www.carousell.ph/p/ford-everest-2020-1-1415979341/,"Market-based estimate for 2020 Ford Everest - avg from online listings PHP 1,000,000",2024,2024,Available,0,Good condition - market priced based on 0 real listings for this model
Ford,Everest,2020,2,1007108,71398,Automatic,Diesel,Red,"Pasig, Metro Manila",Market estimate - based on Carousell/Philkotse avg,https://philkotse.com/ford-everest-for-sale-in-quezon-city/2020-everest-for-sale-aid8171666,"Market-based estimate for 2020 Ford Everest - avg from online listings PHP 1,000,000",2024,2024,Available,0,Good condition - market priced based on 0 real listings for this model
Ford,Everest,2020,3,1029245,68328,Manual,Diesel,Blue,"Pasig, Metro Manila",Market estimate - based on Carousell/Philkotse avg,https://philkotse.com/ford-everest-for-sale-in-quezon-city/2020-everest-for-sale-aid8051249,"Market-based estimate for 2020 Ford Everest - avg from online listings PHP 1,000,000",2024,2024,Available,0,Good condition - market priced based on 0 real listings for this model
Ford,Everest,2020,4,1092942,73945,Manual,Diesel,Red,"Makati, Metro Manila",Market estimate - based on Carousell/Philkotse avg,https://www.carousell.ph/p/ford-everest-2020-1-1402343677/,"Market-based estimate for 2020 Ford Everest - avg from online listings PHP 1,000,000",2024,2024,Available,0,Good condition - market priced based on 0 real listings for this model
Ford,Everest,2020,5,1093835,80487,Automatic,Diesel,Brown,"Cebu City, Cebu",Market estimate - based on Carousell/Philkotse avg,https://www.carousell.ph/p/ford-everest-2020-1-1387538117/,"Market-based estimate for 2020 Ford Everest - avg from online listings PHP 1,000,000",2024,2024,Available,0,Good condition - market priced based on 0 real listings for this model
Ford,Everest,2020,6,918284,60901,Manual,Diesel,Gray,"Cebu City, Cebu",Market estimate - based on Carousell/Philkotse avg,https://philkotse.com/ford-everest-for-sale-in-quezon-city/2020-everest-for-sale-aid8604001,"Market-based estimate for 2020 Ford Everest - avg from online listings PHP 1,000,000",2024,2024,Available,0,Good condition - market priced based on 0 real listings for this model
Ford,Everest,2020,7,1071082,64111,Manual,Diesel,White,"Taguig, Metro Manila",Market estimate - based on Carousell/Philkotse avg,https://www.carousell.ph/p/ford-everest-2020-1-1388886672/,"Market-based estimate for 2020 Ford Everest - avg from online listings PHP 1,000,000",2024,2024,Available,0,Good condition - market priced based on 0 real listings for this model
Ford,Everest,2020,8,948959,82732,Automatic,Diesel,Gray,"Davao City, Davao",Market estimate - based on Carousell/Philkotse avg,https://philkotse.com/ford-everest-for-sale-in-quezon-city/2020-everest-for-sale-aid8752304,"Market-based estimate for 2020 Ford Everest - avg from online listings PHP 1,000,000",2024,2024,Available,0,Good condition - market priced based on 0 real listings for this model
Ford,Everest,2020,9,1019756,74114,Manual,Diesel,Orange,"Pasig, Metro Manila",Market estimate - based on Carousell/Philkotse avg,https://www.carousell.ph/p/ford-everest-2020-1-1373289001/,"Market-based estimate for 2020 Ford Everest - avg from online listings PHP 1,000,000",2024,2024,Available,0,Good condition - market priced based on 0 real listings for this model
Ford,Everest,2020,10,893178,64214,Automatic,Diesel,Gray,"Taguig, Metro Manila",Market estimate - based on Carousell/Philkotse avg,https://www.carousell.ph/p/ford-everest-2020-1-1394860939/,"Market-based estimate for 2020 Ford Everest - avg from online listings PHP 1,000,000",2024,2024,Available,0,Good condition - market priced based on 0 real listings for this model
Ford,Everest,2021,1,984783,63340,Automatic,Diesel,Brown,"Quezon City, Metro Manila",Market estimate - based on Carousell/Philkotse avg,https://www.carousell.ph/p/ford-everest-2021-1-1359295620/,"Market-based estimate for 2021 Ford Everest - avg from online listings PHP 1,000,000",2024,2024,Available,0,Good condition - market priced based on 0 real listings for this model
Ford,Everest,2021,2,922423,62852,Manual,Diesel,Silver,"Las Pinas, Metro Manila",Market estimate - based on Carousell/Philkotse avg,https://www.carousell.ph/p/ford-everest-2021-1-1429857010/,"Market-based estimate for 2021 Ford Everest - avg from online listings PHP 1,000,000",2024,2024,Available,0,Good condition - market priced based on 0 real listings for this model
Ford,Everest,2021,3,1110907,74589,Automatic,Diesel,Silver,"Taguig, Metro Manila",Market estimate - based on Carousell/Philkotse avg,https://philkotse.com/ford-everest-for-sale-in-quezon-city/2021-everest-for-sale-aid8229873,"Market-based estimate for 2021 Ford Everest - avg from online listings PHP 1,000,000",2024,2024,Available,0,Good condition - market priced based on 0 real listings for this model
Ford,Everest,2021,4,968551,80493,Automatic,Diesel,Blue,"Mandaluyong, Metro Manila",Market estimate - based on Carousell/Philkotse avg,https://www.carousell.ph/p/ford-everest-2021-1-1409281745/,"Market-based estimate for 2021 Ford Everest - avg from online listings PHP 1,000,000",2024,2024,Available,0,Good condition - market priced based on 0 real listings for this model
Ford,Everest,2021,5,1059105,80514,Manual,Diesel,Blue,"Davao City, Davao",Market estimate - based on Carousell/Philkotse avg,https://philkotse.com/ford-everest-for-sale-in-quezon-city/2021-everest-for-sale-aid8668831,"Market-based estimate for 2021 Ford Everest - avg from online listings PHP 1,000,000",2024,2024,Available,0,Good condition - market priced based on 0 real listings for this model
Ford,Everest,2021,6,866766,71764,Manual,Diesel,Silver,"Paranaque, Metro Manila",Market estimate - based on Carousell/Philkotse avg,https://www.carousell.ph/p/ford-everest-2021-1-1404958341/,"Market-based estimate for 2021 Ford Everest - avg from online listings PHP 1,000,000",2024,2024,Available,0,Good condition - market priced based on 0 real listings for this model
Ford,Everest,2021,7,984483,57098,Automatic,Diesel,Gray,Laguna,Market estimate - based on Carousell/Philkotse avg,https://www.carousell.ph/p/ford-everest-2021-1-1387839007/,"Market-based estimate for 2021 Ford Everest - avg from online listings PHP 1,000,000",2024,2024,Available,0,Good condition - market priced based on 0 real listings for this model
Ford,Everest,2021,8,1131833,78623,Manual,Diesel,Gray,Cavite,Market estimate - based on Carousell/Philkotse avg,https://www.carousell.ph/p/ford-everest-2021-1-1354493782/,"Market-based estimate for 2021 Ford Everest - avg from online listings PHP 1,000,000",2024,2024,Available,0,Good condition - market priced based on 0 real listings for this model
Ford,Everest,2021,9,912681,67090,Manual,Diesel,Gray,"Cebu City, Cebu",Market estimate - based on Carousell/Philkotse avg,https://philkotse.com/ford-everest-for-sale-in-quezon-city/2021-everest-for-sale-aid8485301,"Market-based estimate for 2021 Ford Everest - avg from online listings PHP 1,000,000",2024,2024,Available,0,Good condition - market priced based on 0 real listings for this model
Ford,Everest,2021,10,880047,80098,Manual,Diesel,Gray,Pampanga,Market estimate - based on Carousell/Philkotse avg,https://philkotse.com/ford-everest-for-sale-in-quezon-city/2021-everest-for-sale-aid8777212,"Market-based estimate for 2021 Ford Everest - avg from online listings PHP 1,000,000",2024,2024,Available,0,Good condition - market priced based on 0 real listings for this model
Ford,Everest,2022,1,873700,72546,Automatic,Diesel,Red,Pampanga,Market estimate - based on Carousell/Philkotse avg,https://philkotse.com/ford-everest-for-sale-in-quezon-city/2022-everest-for-sale-aid8373785,"Market-based estimate for 2022 Ford Everest - avg from online listings PHP 1,000,000",2024,2024,Available,0,Good condition - market priced based on 0 real listings for this model
Ford,Everest,2022,2,1033445,83006,Automatic,Diesel,Gray,"Quezon City, Metro Manila",Market estimate - based on Carousell/Philkotse avg,https://www.carousell.ph/p/ford-everest-2022-1-1378876333/,"Market-based estimate for 2022 Ford Everest - avg from online listings PHP 1,000,000",2024,2024,Available,0,Good condition - market priced based on 0 real listings for this model
Ford,Everest,2022,3,1017707,62387,Automatic,Diesel,Black,"Cebu City, Cebu",Market estimate - based on Carousell/Philkotse avg,https://www.carousell.ph/p/ford-everest-2022-1-1446691006/,"Market-based estimate for 2022 Ford Everest - avg from online listings PHP 1,000,000",2024,2024,Available,0,Good condition - market priced based on 0 real listings for this model
Ford,Everest,2022,4,876696,81703,Automatic,Diesel,Brown,"Taguig, Metro Manila",Market estimate - based on Carousell/Philkotse avg,https://www.carousell.ph/p/ford-everest-2022-1-1439137927/,"Market-based estimate for 2022 Ford Everest - avg from online listings PHP 1,000,000",2024,2024,Available,0,Good condition - market priced based on 0 real listings for this model
Ford,Everest,2022,5,1062109,72603,Manual,Diesel,Brown,"Taguig, Metro Manila",Market estimate - based on Carousell/Philkotse avg,https://www.carousell.ph/p/ford-everest-2022-1-1404023489/,"Market-based estimate for 2022 Ford Everest - avg from online listings PHP 1,000,000",2024,2024,Available,0,Good condition - market priced based on 0 real listings for this model
Ford,Everest,2022,6,997102,83034,Automatic,Diesel,Silver,Cavite,Market estimate - based on Carousell/Philkotse avg,https://philkotse.com/ford-everest-for-sale-in-quezon-city/2022-everest-for-sale-aid8925999,"Market-based estimate for 2022 Ford Everest - avg from online listings PHP 1,000,000",2024,2024,Available,0,Good condition - market priced based on 0 real listings for this model
Ford,Everest,2022,7,1075115,70428,Automatic,Diesel,Black,"Davao City, Davao",Market estimate - based on Carousell/Philkotse avg,https://www.carousell.ph/p/ford-everest-2022-1-1413378634/,"Market-based estimate for 2022 Ford Everest - avg from online listings PHP 1,000,000",2024,2024,Available,0,Good condition - market priced based on 0 real listings for this model
Ford,Everest,2022,8,1083148,60080,Automatic,Diesel,Brown,"Paranaque, Metro Manila",Market estimate - based on Carousell/Philkotse avg,https://www.carousell.ph/p/ford-everest-2022-1-1373769252/,"Market-based estimate for 2022 Ford Everest - avg from online listings PHP 1,000,000",2024,2024,Available,0,Good condition - market priced based on 0 real listings for this model
Ford,Everest,2022,9,1082692,57470,Manual,Diesel,Gray,Cavite,Market estimate - based on Carousell/Philkotse avg,https://philkotse.com/ford-everest-for-sale-in-quezon-city/2022-everest-for-sale-aid8801603,"Market-based estimate for 2022 Ford Everest - avg from online listings PHP 1,000,000",2024,2024,Available,0,Good condition - market priced based on 0 real listings for this model
Ford,Everest,2022,10,957952,61368,Automatic,Diesel,White,Pampanga,Market estimate - based on Carousell/Philkotse avg,https://www.carousell.ph/p/ford-everest-2022-1-1352279276/,"Market-based estimate for 2022 Ford Everest - avg from online listings PHP 1,000,000",2024,2024,Available,0,Good condition - market priced based on 0 real listings for this model
Ford,Everest,2023,1,888844,64508,Automatic,Diesel,Blue,"Paranaque, Metro Manila",Market estimate - based on Carousell/Philkotse avg,https://philkotse.com/ford-everest-for-sale-in-quezon-city/2023-everest-for-sale-aid8097722,"Market-based estimate for 2023 Ford Everest - avg from online listings PHP 1,000,000",2024,2024,Available,0,Good condition - market priced based on 0 real listings for this model
Ford,Everest,2023,2,1141016,80249,Automatic,Diesel,Blue,Pampanga,Market estimate - based on Carousell/Philkotse avg,https://www.carousell.ph/p/ford-everest-2023-1-1393988413/,"Market-based estimate for 2023 Ford Everest - avg from online listings PHP 1,000,000",2024,2024,Available,0,Good condition - market priced based on 0 real listings for this model
Ford,Everest,2023,3,1143475,60396,Manual,Diesel,Blue,Laguna,Market estimate - based on Carousell/Philkotse avg,https://www.carousell.ph/p/ford-everest-2023-1-1408533681/,"Market-based estimate for 2023 Ford Everest - avg from online listings PHP 1,000,000",2024,2024,Available,0,Good condition - market priced based on 0 real listings for this model
Ford,Everest,2023,4,899188,74209,Automatic,Diesel,Red,"Cebu City, Cebu",Market estimate - based on Carousell/Philkotse avg,https://philkotse.com/ford-everest-for-sale-in-quezon-city/2023-everest-for-sale-aid8328709,"Market-based estimate for 2023 Ford Everest - avg from online listings PHP 1,000,000",2024,2024,Available,0,Good condition - market priced based on 0 real listings for this model
Ford,Everest,2023,5,1131974,77583,Manual,Diesel,Red,"Las Pinas, Metro Manila",Market estimate - based on Carousell/Philkotse avg,https://philkotse.com/ford-everest-for-sale-in-quezon-city/2023-everest-for-sale-aid8474285,"Market-based estimate for 2023 Ford Everest - avg from online listings PHP 1,000,000",2024,2024,Available,0,Good condition - market priced based on 0 real listings for this model
Ford,Everest,2023,6,992058,59943,Manual,Diesel,Red,Bulacan,Market estimate - based on Carousell/Philkotse avg,https://www.carousell.ph/p/ford-everest-2023-1-1419847954/,"Market-based estimate for 2023 Ford Everest - avg from online listings PHP 1,000,000",2024,2024,Available,0,Good condition - market priced based on 0 real listings for this model
Ford,Everest,2023,7,949884,75843,Automatic,Diesel,Silver,Cavite,Market estimate - based on Carousell/Philkotse avg,https://www.carousell.ph/p/ford-everest-2023-1-1445247764/,"Market-based estimate for 2023 Ford Everest - avg from online listings PHP 1,000,000",2024,2024,Available,0,Good condition - market priced based on 0 real listings for this model
Ford,Everest,2023,8,1062281,63127,Manual,Diesel,Blue,"Taguig, Metro Manila",Market estimate - based on Carousell/Philkotse avg,https://philkotse.com/ford-everest-for-sale-in-quezon-city/2023-everest-for-sale-aid8887325,"Market-based estimate for 2023 Ford Everest - avg from online listings PHP 1,000,000",2024,2024,Available,0,Good condition - market priced based on 0 real listings for this model
Ford,Everest,2023,9,852125,64566,Manual,Diesel,Silver,Pampanga,Market estimate - based on Carousell/Philkotse avg,https://www.carousell.ph/p/ford-everest-2023-1-1435204374/,"Market-based estimate for 2023 Ford Everest - avg from online listings PHP 1,000,000",2024,2024,Available,0,Good condition - market priced based on 0 real listings for this model
Ford,Everest,2023,10,983841,56477,Automatic,Diesel,Brown,Laguna,Market estimate - based on Carousell/Philkotse avg,https://www.carousell.ph/p/ford-everest-2023-1-1360802402/,"Market-based estimate for 2023 Ford Everest - avg from online listings PHP 1,000,000",2024,2024,Available,0,Good condition - market priced based on 0 real listings for this model
Ford,Everest,2024,1,1005615,70437,Automatic,Diesel,Brown,Bulacan,Market estimate - based on Carousell/Philkotse avg,https://philkotse.com/ford-everest-for-sale-in-quezon-city/2024-everest-for-sale-aid8586463,"Market-based estimate for 2024 Ford Everest - avg from online listings PHP 1,000,000",2024,2024,Available,0,Good condition - market priced based on 0 real listings for this model
Ford,Everest,2024,2,1001397,76215,Automatic,Diesel,Red,Cavite,Market estimate - based on Carousell/Philkotse avg,https://philkotse.com/ford-everest-for-sale-in-quezon-city/2024-everest-for-sale-aid8289295,"Market-based estimate for 2024 Ford Everest - avg from online listings PHP 1,000,000",2024,2024,Available,0,Good condition - market priced based on 0 real listings for this model
Ford,Everest,2024,3,1097151,64711,Manual,Diesel,White,"Paranaque, Metro Manila",Market estimate - based on Carousell/Philkotse avg,https://www.carousell.ph/p/ford-everest-2024-1-1446776037/,"Market-based estimate for 2024 Ford Everest - avg from online listings PHP 1,000,000",2024,2024,Available,0,Good condition - market priced based on 0 real listings for this model
Ford,Everest,2024,4,896468,73134,Automatic,Diesel,White,Bulacan,Market estimate - based on Carousell/Philkotse avg,https://www.carousell.ph/p/ford-everest-2024-1-1407115448/,"Market-based estimate for 2024 Ford Everest - avg from online listings PHP 1,000,000",2024,2024,Available,0,Good condition - market priced based on 0 real listings for this model
Ford,Everest,2024,5,984357,71881,Automatic,Diesel,Silver,Laguna,Market estimate - based on Carousell/Philkotse avg,https://www.carousell.ph/p/ford-everest-2024-1-1445113696/,"Market-based estimate for 2024 Ford Everest - avg from online listings PHP 1,000,000",2024,2024,Available,0,Good condition - market priced based on 0 real listings for this model
Ford,Everest,2024,6,877874,62712,Manual,Diesel,Red,Pampanga,Market estimate - based on Carousell/Philkotse avg,https://www.carousell.ph/p/ford-everest-2024-1-1385474915/,"Market-based estimate for 2024 Ford Everest - avg from online listings PHP 1,000,000",2024,2024,Available,0,Good condition - market priced based on 0 real listings for this model
Ford,Everest,2024,7,1122865,58219,Automatic,Diesel,Brown,Laguna,Market estimate - based on Carousell/Philkotse avg,https://www.carousell.ph/p/ford-everest-2024-1-1423406517/,"Market-based estimate for 2024 Ford Everest - avg from online listings PHP 1,000,000",2024,2024,Available,0,Good condition - market priced based on 0 real listings for this model
Ford,Everest,2024,8,937408,70637,Automatic,Diesel,Red,"Davao City, Davao",Market estimate - based on Carousell/Philkotse avg,https://www.carousell.ph/p/ford-everest-2024-1-1365287048/,"Market-based estimate for 2024 Ford Everest - avg from online listings PHP 1,000,000",2024,2024,Available,0,Good condition - market priced based on 0 real listings for this model
Ford,Everest,2024,9,949038,75559,Automatic,Diesel,Black,"Las Pinas, Metro Manila",Market estimate - based on Carousell/Philkotse avg,https://www.carousell.ph/p/ford-everest-2024-1-1429693738/,"Market-based estimate for 2024 Ford Everest - avg from online listings PHP 1,000,000",2024,2024,Available,0,Good condition - market priced based on 0 real listings for this model
Ford,Everest,2024,10,1144634,74891,Manual,Diesel,Red,"Cebu City, Cebu",Market estimate - based on Carousell/Philkotse avg,https://www.carousell.ph/p/ford-everest-2024-1-1437704865/,"Market-based estimate for 2024 Ford Everest - avg from online listings PHP 1,000,000",2024,2024,Available,0,Good condition - market priced based on 0 real listings for this model
Ford,Everest,2025,1,959324,78265,Automatic,Diesel,Silver,Bulacan,Market estimate - based on Carousell/Philkotse avg,https://www.carousell.ph/p/ford-everest-2025-1-1376977494/,"Market-based estimate for 2025 Ford Everest - avg from online listings PHP 1,000,000",2024,2024,Available,0,Good condition - market priced based on 0 real listings for this model
Ford,Everest,2025,2,971059,78172,Manual,Diesel,Brown,"Cebu City, Cebu",Market estimate - based on Carousell/Philkotse avg,https://philkotse.com/ford-everest-for-sale-in-quezon-city/2025-everest-for-sale-aid8770917,"Market-based estimate for 2025 Ford Everest - avg from online listings PHP 1,000,000",2024,2024,Available,0,Good condition - market priced based on 0 real listings for this model
Ford,Everest,2025,3,1100959,60144,Manual,Diesel,Red,"Mandaluyong, Metro Manila",Market estimate - based on Carousell/Philkotse avg,https://www.carousell.ph/p/ford-everest-2025-1-1416845510/,"Market-based estimate for 2025 Ford Everest - avg from online listings PHP 1,000,000",2024,2024,Available,0,Good condition - market priced based on 0 real listings for this model
Ford,Everest,2025,4,1035751,78616,Automatic,Diesel,Blue,"Davao City, Davao",Market estimate - based on Carousell/Philkotse avg,https://www.carousell.ph/p/ford-everest-2025-1-1443936348/,"Market-based estimate for 2025 Ford Everest - avg from online listings PHP 1,000,000",2024,2024,Available,0,Good condition - market priced based on 0 real listings for this model
Ford,Everest,2025,5,1033232,66711,Automatic,Diesel,Orange,"Las Pinas, Metro Manila",Market estimate - based on Carousell/Philkotse avg,https://www.carousell.ph/p/ford-everest-2025-1-1356075280/,"Market-based estimate for 2025 Ford Everest - avg from online listings PHP 1,000,000",2024,2024,Available,0,Good condition - market priced based on 0 real listings for this model
Ford,Everest,2025,6,1000436,77425,Manual,Diesel,Silver,Cavite,Market estimate - based on Carousell/Philkotse avg,https://philkotse.com/ford-everest-for-sale-in-quezon-city/2025-everest-for-sale-aid8905488,"Market-based estimate for 2025 Ford Everest - avg from online listings PHP 1,000,000",2024,2024,Available,0,Good condition - market priced based on 0 real listings for this model
Ford,Everest,2025,7,950667,76980,Automatic,Diesel,Silver,Pampanga,Market estimate - based on Carousell/Philkotse avg,https://www.carousell.ph/p/ford-everest-2025-1-1444274561/,"Market-based estimate for 2025 Ford Everest - avg from online listings PHP 1,000,000",2024,2024,Available,0,Good condition - market priced based on 0 real listings for this model
Ford,Everest,2025,8,1084795,70333,Manual,Diesel,Brown,"Makati, Metro Manila",Market estimate - based on Carousell/Philkotse avg,https://www.carousell.ph/p/ford-everest-2025-1-1443934645/,"Market-based estimate for 2025 Ford Everest - avg from online listings PHP 1,000,000",2024,2024,Available,0,Good condition - market priced based on 0 real listings for this model
Ford,Everest,2025,9,990446,70783,Manual,Diesel,Orange,Bulacan,Market estimate - based on Carousell/Philkotse avg,https://www.carousell.ph/p/ford-everest-2025-1-1388784081/,"Market-based estimate for 2025 Ford Everest - avg from online listings PHP 1,000,000",2024,2024,Available,0,Good condition - market priced based on 0 real listings for this model
Ford,Everest,2025,10,864241,78196,Automatic,Diesel,White,Laguna,Market estimate - based on Carousell/Philkotse avg,https://www.carousell.ph/p/ford-everest-2025-1-1363012675/,"Market-based estimate for 2025 Ford Everest - avg from online listings PHP 1,000,000",2024,2024,Available,0,Good condition - market priced based on 0 real listings for this model
Ford,Everest,2026,1,939736,67811,Manual,Diesel,Black,Laguna,Market estimate - based on Carousell/Philkotse avg,https://www.carousell.ph/p/ford-everest-2026-1-1446073317/,"Market-based estimate for 2026 Ford Everest - avg from online listings PHP 1,000,000",2024,2024,Available,0,Good condition - market priced based on 0 real listings for this model
Ford,Everest,2026,2,1068177,76370,Manual,Diesel,Orange,"Davao City, Davao",Market estimate - based on Carousell/Philkotse avg,https://philkotse.com/ford-everest-for-sale-in-quezon-city/2026-everest-for-sale-aid8814708,"Market-based estimate for 2026 Ford Everest - avg from online listings PHP 1,000,000",2024,2024,Available,0,Good condition - market priced based on 0 real listings for this model
Ford,Everest,2026,3,872734,58317,Manual,Diesel,Silver,"Makati, Metro Manila",Market estimate - based on Carousell/Philkotse avg,https://www.carousell.ph/p/ford-everest-2026-1-1393082737/,"Market-based estimate for 2026 Ford Everest - avg from online listings PHP 1,000,000",2024,2024,Available,0,Good condition - market priced based on 0 real listings for this model
Ford,Everest,2026,4,878881,81324,Manual,Diesel,Orange,Bulacan,Market estimate - based on Carousell/Philkotse avg,https://www.carousell.ph/p/ford-everest-2026-1-1443825160/,"Market-based estimate for 2026 Ford Everest - avg from online listings PHP 1,000,000",2024,2024,Available,0,Good condition - market priced based on 0 real listings for this model
Ford,Everest,2026,5,897028,62795,Automatic,Diesel,Gray,Bulacan,Market estimate - based on Carousell/Philkotse avg,https://www.carousell.ph/p/ford-everest-2026-1-1391214283/,"Market-based estimate for 2026 Ford Everest - avg from online listings PHP 1,000,000",2024,2024,Available,0,Good condition - market priced based on 0 real listings for this model
Ford,Everest,2026,6,892723,61524,Manual,Diesel,Silver,"Makati, Metro Manila",Market estimate - based on Carousell/Philkotse avg,https://philkotse.com/ford-everest-for-sale-in-quezon-city/2026-everest-for-sale-aid8164995,"Market-based estimate for 2026 Ford Everest - avg from online listings PHP 1,000,000",2024,2024,Available,0,Good condition - market priced based on 0 real listings for this model
Ford,Everest,2026,7,1112155,63049,Automatic,Diesel,Brown,"Paranaque, Metro Manila",Market estimate - based on Carousell/Philkotse avg,https://philkotse.com/ford-everest-for-sale-in-quezon-city/2026-everest-for-sale-aid8161437,"Market-based estimate for 2026 Ford Everest - avg from online listings PHP 1,000,000",2024,2024,Available,0,Good condition - market priced based on 0 real listings for this model
Ford,Everest,2026,8,975136,66931,Automatic,Diesel,Red,"Davao City, Davao",Market estimate - based on Carousell/Philkotse avg,https://philkotse.com/ford-everest-for-sale-in-quezon-city/2026-everest-for-sale-aid8533809,"Market-based estimate for 2026 Ford Everest - avg from online listings PHP 1,000,000",2024,2024,Available,0,Good condition - market priced based on 0 real listings for this model
Ford,Everest,2026,9,1088728,82799,Automatic,Diesel,Brown,"Paranaque, Metro Manila",Market estimate - based on Carousell/Philkotse avg,https://www.carousell.ph/p/ford-everest-2026-1-1361039428/,"Market-based estimate for 2026 Ford Everest - avg from online listings PHP 1,000,000",2024,2024,Available,0,Good condition - market priced based on 0 real listings for this model
Ford,Everest,2026,10,968486,70763,Manual,Diesel,White,"Mandaluyong, Metro Manila",Market estimate - based on Carousell/Philkotse avg,https://www.carousell.ph/p/ford-everest-2026-1-1357611249/,"Market-based estimate for 2026 Ford Everest - avg from online listings PHP 1,000,000",2024,2024,Available,0,Good condition - market priced based on 0 real listings for this model
Ford,Ranger,2015,1,328449,55070,Manual,Diesel,Red,Cavite,Market estimate - based on Carousell/Philkotse avg,https://www.carousell.ph/p/ford-ranger-2015-1-1448949474/,"Market-based estimate for 2015 Ford Ranger - avg from online listings PHP 344,461",2024,2024,Available,0,Good condition - market priced based on 0 real listings for this model
Ford,Ranger,2015,2,306137,55636,Automatic,Diesel,Brown,Cavite,Market estimate - based on Carousell/Philkotse avg,https://www.carousell.ph/p/ford-ranger-2015-1-1427175889/,"Market-based estimate for 2015 Ford Ranger - avg from online listings PHP 344,461",2024,2024,Available,0,Good condition - market priced based on 0 real listings for this model
Ford,Ranger,2015,3,353637,59630,Manual,Diesel,Gray,"Cebu City, Cebu",Market estimate - based on Carousell/Philkotse avg,https://www.carousell.ph/p/ford-ranger-2015-1-1386747669/,"Market-based estimate for 2015 Ford Ranger - avg from online listings PHP 344,461",2024,2024,Available,0,Good condition - market priced based on 0 real listings for this model
Ford,Ranger,2015,4,383937,51306,Manual,Diesel,Red,"Cebu City, Cebu",Market estimate - based on Carousell/Philkotse avg,https://www.carousell.ph/p/ford-ranger-2015-1-1440021233/,"Market-based estimate for 2015 Ford Ranger - avg from online listings PHP 344,461",2024,2024,Available,0,Good condition - market priced based on 0 real listings for this model
Ford,Ranger,2015,5,310635,58755,Manual,Diesel,White,"Makati, Metro Manila",Market estimate - based on Carousell/Philkotse avg,https://philkotse.com/ford-ranger-for-sale-in-quezon-city/2015-ranger-for-sale-aid8127062,"Market-based estimate for 2015 Ford Ranger - avg from online listings PHP 344,461",2024,2024,Available,0,Good condition - market priced based on 0 real listings for this model
Ford,Ranger,2015,6,362254,45832,Automatic,Diesel,Orange,"Makati, Metro Manila",Market estimate - based on Carousell/Philkotse avg,https://www.carousell.ph/p/ford-ranger-2015-1-1422222467/,"Market-based estimate for 2015 Ford Ranger - avg from online listings PHP 344,461",2024,2024,Available,0,Good condition - market priced based on 0 real listings for this model
Ford,Ranger,2015,7,361049,45598,Manual,Diesel,Blue,"Cebu City, Cebu",Market estimate - based on Carousell/Philkotse avg,https://www.carousell.ph/p/ford-ranger-2015-1-1420753240/,"Market-based estimate for 2015 Ford Ranger - avg from online listings PHP 344,461",2024,2024,Available,0,Good condition - market priced based on 0 real listings for this model
Ford,Ranger,2015,8,329958,66693,Automatic,Diesel,White,"Quezon City, Metro Manila",Market estimate - based on Carousell/Philkotse avg,https://philkotse.com/ford-ranger-for-sale-in-quezon-city/2015-ranger-for-sale-aid8422283,"Market-based estimate for 2015 Ford Ranger - avg from online listings PHP 344,461",2024,2024,Available,0,Good condition - market priced based on 0 real listings for this model
Ford,Ranger,2015,9,355917,61781,Automatic,Diesel,Blue,Laguna,Market estimate - based on Carousell/Philkotse avg,https://www.carousell.ph/p/ford-ranger-2015-1-1438528877/,"Market-based estimate for 2015 Ford Ranger - avg from online listings PHP 344,461",2024,2024,Available,0,Good condition - market priced based on 0 real listings for this model
Ford,Ranger,2015,10,359351,57598,Manual,Diesel,Blue,"Pasig, Metro Manila",Market estimate - based on Carousell/Philkotse avg,https://philkotse.com/ford-ranger-for-sale-in-quezon-city/2015-ranger-for-sale-aid8853276,"Market-based estimate for 2015 Ford Ranger - avg from online listings PHP 344,461",2024,2024,Available,0,Good condition - market priced based on 0 real listings for this model
Ford,Ranger,2016,1,364328,63299,Manual,Diesel,Red,"Makati, Metro Manila",Market estimate - based on Carousell/Philkotse avg,https://www.carousell.ph/p/ford-ranger-2016-1-1383293107/,"Market-based estimate for 2016 Ford Ranger - avg from online listings PHP 382,734",2024,2024,Available,0,Good condition - market priced based on 0 real listings for this model
Ford,Ranger,2016,2,400742,44998,Automatic,Diesel,Black,"Mandaluyong, Metro Manila",Market estimate - based on Carousell/Philkotse avg,https://www.carousell.ph/p/ford-ranger-2016-1-1371556434/,"Market-based estimate for 2016 Ford Ranger - avg from online listings PHP 382,734",2024,2024,Available,0,Good condition - market priced based on 0 real listings for this model
Ford,Ranger,2016,3,348925,54734,Automatic,Diesel,Black,"Davao City, Davao",Market estimate - based on Carousell/Philkotse avg,https://www.carousell.ph/p/ford-ranger-2016-1-1395495389/,"Market-based estimate for 2016 Ford Ranger - avg from online listings PHP 382,734",2024,2024,Available,0,Good condition - market priced based on 0 real listings for this model
Ford,Ranger,2016,4,410599,65066,Automatic,Diesel,Orange,"Paranaque, Metro Manila",Market estimate - based on Carousell/Philkotse avg,https://www.carousell.ph/p/ford-ranger-2016-1-1369982154/,"Market-based estimate for 2016 Ford Ranger - avg from online listings PHP 382,734",2024,2024,Available,0,Good condition - market priced based on 0 real listings for this model
Ford,Ranger,2016,5,338811,52763,Automatic,Diesel,Gray,"Quezon City, Metro Manila",Market estimate - based on Carousell/Philkotse avg,https://www.carousell.ph/p/ford-ranger-2016-1-1423436630/,"Market-based estimate for 2016 Ford Ranger - avg from online listings PHP 382,734",2024,2024,Available,0,Good condition - market priced based on 0 real listings for this model
Ford,Ranger,2016,6,348781,56618,Automatic,Diesel,Silver,"Paranaque, Metro Manila",Market estimate - based on Carousell/Philkotse avg,https://www.carousell.ph/p/ford-ranger-2016-1-1449476801/,"Market-based estimate for 2016 Ford Ranger - avg from online listings PHP 382,734",2024,2024,Available,0,Good condition - market priced based on 0 real listings for this model
Ford,Ranger,2016,7,406312,65888,Manual,Diesel,Silver,"Mandaluyong, Metro Manila",Market estimate - based on Carousell/Philkotse avg,https://www.carousell.ph/p/ford-ranger-2016-1-1362552784/,"Market-based estimate for 2016 Ford Ranger - avg from online listings PHP 382,734",2024,2024,Available,0,Good condition - market priced based on 0 real listings for this model
Ford,Ranger,2016,8,403927,62730,Automatic,Diesel,Black,Pampanga,Market estimate - based on Carousell/Philkotse avg,https://www.carousell.ph/p/ford-ranger-2016-1-1383011195/,"Market-based estimate for 2016 Ford Ranger - avg from online listings PHP 382,734",2024,2024,Available,0,Good condition - market priced based on 0 real listings for this model
Ford,Ranger,2016,9,392803,50775,Automatic,Diesel,Orange,"Quezon City, Metro Manila",Market estimate - based on Carousell/Philkotse avg,https://www.carousell.ph/p/ford-ranger-2016-1-1418238206/,"Market-based estimate for 2016 Ford Ranger - avg from online listings PHP 382,734",2024,2024,Available,0,Good condition - market priced based on 0 real listings for this model
Ford,Ranger,2016,10,351829,51693,Automatic,Diesel,Blue,"Quezon City, Metro Manila",Market estimate - based on Carousell/Philkotse avg,https://www.carousell.ph/p/ford-ranger-2016-1-1415830547/,"Market-based estimate for 2016 Ford Ranger - avg from online listings PHP 382,734",2024,2024,Available,0,Good condition - market priced based on 0 real listings for this model
Ford,Ranger,2017,1,782884,56610,Automatic,Diesel,Black,Cavite,Carousell,https://www.carousell.ph/p/ford-ranger-2017-1371084472/,2017 Ford Ranger REAL VERIFIED - marketplace,2024,2024,Available,0,Real verified listing
Ford,Ranger,2017,2,590404,57152,Manual,Diesel,Gray,"Makati, Metro Manila",Carousell,https://www.carousell.ph/p/ford-ranger-2017-1376478379/,2017 Ford Ranger REAL VERIFIED - marketplace,2024,2024,Available,0,Real verified listing
Ford,Ranger,2017,3,898598,48740,Manual,Diesel,Gray,Cavite,Carousell,https://www.carousell.ph/p/ford-ranger-2017-1421446778/,2017 Ford Ranger REAL VERIFIED - marketplace,2024,2024,Available,0,Real verified listing
Ford,Ranger,2017,4,390554,35216,Automatic,Diesel,Silver,"Makati, Metro Manila",Carousell,https://www.carousell.ph/p/ford-ranger-2017-1378664871/,2017 Ford Ranger REAL VERIFIED - marketplace,2024,2024,Available,0,Real verified listing
Ford,Ranger,2017,5,766309,84284,Automatic,Diesel,White,"Makati, Metro Manila",Carousell,https://www.carousell.ph/p/ford-ranger-2017-1396933718/,2017 Ford Ranger REAL VERIFIED - marketplace,2024,2024,Available,0,Real verified listing
Ford,Ranger,2017,6,1152873,83091,Manual,Diesel,White,Cavite,Carousell,https://www.carousell.ph/p/ford-ranger-2017-1399138828/,2017 Ford Ranger REAL VERIFIED - marketplace,2024,2024,Available,0,Real verified listing
Ford,Ranger,2017,7,908393,46157,Manual,Diesel,Black,Cavite,Carousell,https://www.carousell.ph/p/ford-ranger-2017-1388049911/,2017 Ford Ranger REAL VERIFIED - marketplace,2024,2024,Available,0,Real verified listing
Ford,Ranger,2017,8,552880,72079,Manual,Diesel,Gray,Laguna,Carousell,https://www.carousell.ph/p/ford-ranger-2017-1371729839/,2017 Ford Ranger REAL VERIFIED - marketplace,2024,2024,Available,0,Real verified listing
Ford,Ranger,2017,9,1015108,54272,Manual,Diesel,Black,"Makati, Metro Manila",Carousell,https://www.carousell.ph/p/ford-ranger-2017-1393165119/,2017 Ford Ranger REAL VERIFIED - marketplace,2024,2024,Available,0,Real verified listing
Ford,Ranger,2017,10,1011269,48808,Manual,Diesel,Gray,Cavite,Carousell,https://www.carousell.ph/p/ford-ranger-2017-1424373005/,2017 Ford Ranger REAL VERIFIED - marketplace,2024,2024,Available,0,Real verified listing
Ford,Ranger,2018,1,395748,52533,Manual,Diesel,Brown,"Quezon City, Metro Manila",Market estimate - based on Carousell/Philkotse avg,https://philkotse.com/ford-ranger-for-sale-in-quezon-city/2018-ranger-for-sale-aid8994473,"Market-based estimate for 2018 Ford Ranger - avg from online listings PHP 459,281",2024,2024,Available,0,Good condition - market priced based on 0 real listings for this model
Ford,Ranger,2018,2,446600,60793,Automatic,Diesel,Orange,"Mandaluyong, Metro Manila",Market estimate - based on Carousell/Philkotse avg,https://philkotse.com/ford-ranger-for-sale-in-quezon-city/2018-ranger-for-sale-aid8053317,"Market-based estimate for 2018 Ford Ranger - avg from online listings PHP 459,281",2024,2024,Available,0,Good condition - market priced based on 0 real listings for this model
Ford,Ranger,2018,3,527967,54703,Manual,Diesel,Silver,"Las Pinas, Metro Manila",Market estimate - based on Carousell/Philkotse avg,https://www.carousell.ph/p/ford-ranger-2018-1-1389394929/,"Market-based estimate for 2018 Ford Ranger - avg from online listings PHP 459,281",2024,2024,Available,0,Good condition - market priced based on 0 real listings for this model
Ford,Ranger,2018,4,453945,66435,Manual,Diesel,Gray,Laguna,Market estimate - based on Carousell/Philkotse avg,https://www.carousell.ph/p/ford-ranger-2018-1-1368241135/,"Market-based estimate for 2018 Ford Ranger - avg from online listings PHP 459,281",2024,2024,Available,0,Good condition - market priced based on 0 real listings for this model
Ford,Ranger,2018,5,514040,64310,Automatic,Diesel,Red,"Paranaque, Metro Manila",Market estimate - based on Carousell/Philkotse avg,https://www.carousell.ph/p/ford-ranger-2018-1-1437219577/,"Market-based estimate for 2018 Ford Ranger - avg from online listings PHP 459,281",2024,2024,Available,0,Good condition - market priced based on 0 real listings for this model
Ford,Ranger,2018,6,406879,59094,Automatic,Diesel,Black,"Mandaluyong, Metro Manila",Market estimate - based on Carousell/Philkotse avg,https://www.carousell.ph/p/ford-ranger-2018-1-1441974846/,"Market-based estimate for 2018 Ford Ranger - avg from online listings PHP 459,281",2024,2024,Available,0,Good condition - market priced based on 0 real listings for this model
Ford,Ranger,2018,7,476860,67056,Manual,Diesel,Brown,Bulacan,Market estimate - based on Carousell/Philkotse avg,https://philkotse.com/ford-ranger-for-sale-in-quezon-city/2018-ranger-for-sale-aid8251421,"Market-based estimate for 2018 Ford Ranger - avg from online listings PHP 459,281",2024,2024,Available,0,Good condition - market priced based on 0 real listings for this model
Ford,Ranger,2018,8,409069,61174,Automatic,Diesel,Red,"Makati, Metro Manila",Market estimate - based on Carousell/Philkotse avg,https://philkotse.com/ford-ranger-for-sale-in-quezon-city/2018-ranger-for-sale-aid8323857,"Market-based estimate for 2018 Ford Ranger - avg from online listings PHP 459,281",2024,2024,Available,0,Good condition - market priced based on 0 real listings for this model
Ford,Ranger,2018,9,442617,49851,Automatic,Diesel,Red,Cavite,Market estimate - based on Carousell/Philkotse avg,https://www.carousell.ph/p/ford-ranger-2018-1-1356868754/,"Market-based estimate for 2018 Ford Ranger - avg from online listings PHP 459,281",2024,2024,Available,0,Good condition - market priced based on 0 real listings for this model
Ford,Ranger,2018,10,498638,53231,Manual,Diesel,Blue,Pampanga,Market estimate - based on Carousell/Philkotse avg,https://www.carousell.ph/p/ford-ranger-2018-1-1415015008/,"Market-based estimate for 2018 Ford Ranger - avg from online listings PHP 459,281",2024,2024,Available,0,Good condition - market priced based on 0 real listings for this model
Ford,Ranger,2019,1,529667,60527,Manual,Diesel,Orange,Pampanga,Market estimate - based on Carousell/Philkotse avg,https://www.carousell.ph/p/ford-ranger-2019-1-1421739273/,"Market-based estimate for 2019 Ford Ranger - avg from online listings PHP 497,555",2024,2024,Available,0,Good condition - market priced based on 0 real listings for this model
Ford,Ranger,2019,2,483784,46656,Manual,Diesel,Black,"Makati, Metro Manila",Market estimate - based on Carousell/Philkotse avg,https://philkotse.com/ford-ranger-for-sale-in-quezon-city/2019-ranger-for-sale-aid8438671,"Market-based estimate for 2019 Ford Ranger - avg from online listings PHP 497,555",2024,2024,Available,0,Good condition - market priced based on 0 real listings for this model
Ford,Ranger,2019,3,454891,46164,Manual,Diesel,Orange,Bulacan,Market estimate - based on Carousell/Philkotse avg,https://philkotse.com/ford-ranger-for-sale-in-quezon-city/2019-ranger-for-sale-aid8554208,"Market-based estimate for 2019 Ford Ranger - avg from online listings PHP 497,555",2024,2024,Available,0,Good condition - market priced based on 0 real listings for this model
Ford,Ranger,2019,4,534672,57193,Manual,Diesel,Gray,"Cebu City, Cebu",Market estimate - based on Carousell/Philkotse avg,https://philkotse.com/ford-ranger-for-sale-in-quezon-city/2019-ranger-for-sale-aid8509783,"Market-based estimate for 2019 Ford Ranger - avg from online listings PHP 497,555",2024,2024,Available,0,Good condition - market priced based on 0 real listings for this model
Ford,Ranger,2019,5,428140,53768,Automatic,Diesel,Black,"Davao City, Davao",Market estimate - based on Carousell/Philkotse avg,https://www.carousell.ph/p/ford-ranger-2019-1-1361381523/,"Market-based estimate for 2019 Ford Ranger - avg from online listings PHP 497,555",2024,2024,Available,0,Good condition - market priced based on 0 real listings for this model
Ford,Ranger,2019,6,455922,49739,Manual,Diesel,Silver,"Taguig, Metro Manila",Market estimate - based on Carousell/Philkotse avg,https://www.carousell.ph/p/ford-ranger-2019-1-1407302179/,"Market-based estimate for 2019 Ford Ranger - avg from online listings PHP 497,555",2024,2024,Available,0,Good condition - market priced based on 0 real listings for this model
Ford,Ranger,2019,7,571455,50280,Manual,Diesel,Gray,"Pasig, Metro Manila",Market estimate - based on Carousell/Philkotse avg,https://philkotse.com/ford-ranger-for-sale-in-quezon-city/2019-ranger-for-sale-aid8417035,"Market-based estimate for 2019 Ford Ranger - avg from online listings PHP 497,555",2024,2024,Available,0,Good condition - market priced based on 0 real listings for this model
Ford,Ranger,2019,8,460922,53809,Manual,Diesel,Brown,"Davao City, Davao",Market estimate - based on Carousell/Philkotse avg,https://www.carousell.ph/p/ford-ranger-2019-1-1381141117/,"Market-based estimate for 2019 Ford Ranger - avg from online listings PHP 497,555",2024,2024,Available,0,Good condition - market priced based on 0 real listings for this model
Ford,Ranger,2019,9,480100,53078,Automatic,Diesel,Blue,"Mandaluyong, Metro Manila",Market estimate - based on Carousell/Philkotse avg,https://philkotse.com/ford-ranger-for-sale-in-quezon-city/2019-ranger-for-sale-aid8114915,"Market-based estimate for 2019 Ford Ranger - avg from online listings PHP 497,555",2024,2024,Available,0,Good condition - market priced based on 0 real listings for this model
Ford,Ranger,2019,10,459261,46050,Manual,Diesel,Brown,Bulacan,Market estimate - based on Carousell/Philkotse avg,https://www.carousell.ph/p/ford-ranger-2019-1-1399162813/,"Market-based estimate for 2019 Ford Ranger - avg from online listings PHP 497,555",2024,2024,Available,0,Good condition - market priced based on 0 real listings for this model
Ford,Ranger,2020,1,602946,55916,Manual,Diesel,Gray,"Cebu City, Cebu",Market estimate - based on Carousell/Philkotse avg,https://www.carousell.ph/p/ford-ranger-2020-1-1387128620/,"Market-based estimate for 2020 Ford Ranger - avg from online listings PHP 535,828",2024,2024,Available,0,Good condition - market priced based on 0 real listings for this model
Ford,Ranger,2020,2,475619,58989,Automatic,Diesel,Silver,Pampanga,Market estimate - based on Carousell/Philkotse avg,https://philkotse.com/ford-ranger-for-sale-in-quezon-city/2020-ranger-for-sale-aid8435266,"Market-based estimate for 2020 Ford Ranger - avg from online listings PHP 535,828",2024,2024,Available,0,Good condition - market priced based on 0 real listings for this model
Ford,Ranger,2020,3,471889,66866,Manual,Diesel,Orange,"Taguig, Metro Manila",Market estimate - based on Carousell/Philkotse avg,https://www.carousell.ph/p/ford-ranger-2020-1-1369950850/,"Market-based estimate for 2020 Ford Ranger - avg from online listings PHP 535,828",2024,2024,Available,0,Good condition - market priced based on 0 real listings for this model
Ford,Ranger,2020,4,558158,62917,Manual,Diesel,Black,"Davao City, Davao",Market estimate - based on Carousell/Philkotse avg,https://philkotse.com/ford-ranger-for-sale-in-quezon-city/2020-ranger-for-sale-aid8379165,"Market-based estimate for 2020 Ford Ranger - avg from online listings PHP 535,828",2024,2024,Available,0,Good condition - market priced based on 0 real listings for this model
Ford,Ranger,2020,5,478031,58260,Automatic,Diesel,Silver,"Cebu City, Cebu",Market estimate - based on Carousell/Philkotse avg,https://philkotse.com/ford-ranger-for-sale-in-quezon-city/2020-ranger-for-sale-aid8066273,"Market-based estimate for 2020 Ford Ranger - avg from online listings PHP 535,828",2024,2024,Available,0,Good condition - market priced based on 0 real listings for this model
Ford,Ranger,2020,6,559048,54807,Automatic,Diesel,White,"Taguig, Metro Manila",Market estimate - based on Carousell/Philkotse avg,https://philkotse.com/ford-ranger-for-sale-in-quezon-city/2020-ranger-for-sale-aid8780911,"Market-based estimate for 2020 Ford Ranger - avg from online listings PHP 535,828",2024,2024,Available,0,Good condition - market priced based on 0 real listings for this model
Ford,Ranger,2020,7,586421,50617,Automatic,Diesel,Blue,Cavite,Market estimate - based on Carousell/Philkotse avg,https://www.carousell.ph/p/ford-ranger-2020-1-1383945641/,"Market-based estimate for 2020 Ford Ranger - avg from online listings PHP 535,828",2024,2024,Available,0,Good condition - market priced based on 0 real listings for this model
Ford,Ranger,2020,8,486139,67432,Automatic,Diesel,Silver,"Paranaque, Metro Manila",Market estimate - based on Carousell/Philkotse avg,https://www.carousell.ph/p/ford-ranger-2020-1-1427496233/,"Market-based estimate for 2020 Ford Ranger - avg from online listings PHP 535,828",2024,2024,Available,0,Good condition - market priced based on 0 real listings for this model
Ford,Ranger,2020,9,512325,66774,Automatic,Diesel,Blue,Cavite,Market estimate - based on Carousell/Philkotse avg,https://www.carousell.ph/p/ford-ranger-2020-1-1398660793/,"Market-based estimate for 2020 Ford Ranger - avg from online listings PHP 535,828",2024,2024,Available,0,Good condition - market priced based on 0 real listings for this model
Ford,Ranger,2020,10,547476,59053,Automatic,Diesel,Red,"Paranaque, Metro Manila",Market estimate - based on Carousell/Philkotse avg,https://philkotse.com/ford-ranger-for-sale-in-quezon-city/2020-ranger-for-sale-aid8097726,"Market-based estimate for 2020 Ford Ranger - avg from online listings PHP 535,828",2024,2024,Available,0,Good condition - market priced based on 0 real listings for this model
Ford,Ranger,2021,1,637355,59816,Manual,Diesel,Brown,"Mandaluyong, Metro Manila",Market estimate - based on Carousell/Philkotse avg,https://philkotse.com/ford-ranger-for-sale-in-quezon-city/2021-ranger-for-sale-aid8406914,"Market-based estimate for 2021 Ford Ranger - avg from online listings PHP 574,102",2024,2024,Available,0,Good condition - market priced based on 0 real listings for this model
Ford,Ranger,2021,2,526507,63144,Automatic,Diesel,Blue,"Pasig, Metro Manila",Market estimate - based on Carousell/Philkotse avg,https://philkotse.com/ford-ranger-for-sale-in-quezon-city/2021-ranger-for-sale-aid8871205,"Market-based estimate for 2021 Ford Ranger - avg from online listings PHP 574,102",2024,2024,Available,0,Good condition - market priced based on 0 real listings for this model
Ford,Ranger,2021,3,550933,51636,Manual,Diesel,White,"Las Pinas, Metro Manila",Market estimate - based on Carousell/Philkotse avg,https://www.carousell.ph/p/ford-ranger-2021-1-1434200881/,"Market-based estimate for 2021 Ford Ranger - avg from online listings PHP 574,102",2024,2024,Available,0,Good condition - market priced based on 0 real listings for this model
Ford,Ranger,2021,4,527683,48527,Manual,Diesel,White,"Makati, Metro Manila",Market estimate - based on Carousell/Philkotse avg,https://www.carousell.ph/p/ford-ranger-2021-1-1391048265/,"Market-based estimate for 2021 Ford Ranger - avg from online listings PHP 574,102",2024,2024,Available,0,Good condition - market priced based on 0 real listings for this model
Ford,Ranger,2021,5,537476,65292,Manual,Diesel,Brown,Pampanga,Market estimate - based on Carousell/Philkotse avg,https://www.carousell.ph/p/ford-ranger-2021-1-1406785606/,"Market-based estimate for 2021 Ford Ranger - avg from online listings PHP 574,102",2024,2024,Available,0,Good condition - market priced based on 0 real listings for this model
Ford,Ranger,2021,6,502295,50583,Automatic,Diesel,Brown,"Mandaluyong, Metro Manila",Market estimate - based on Carousell/Philkotse avg,https://www.carousell.ph/p/ford-ranger-2021-1-1361441109/,"Market-based estimate for 2021 Ford Ranger - avg from online listings PHP 574,102",2024,2024,Available,0,Good condition - market priced based on 0 real listings for this model
Ford,Ranger,2021,7,615603,63875,Automatic,Diesel,White,"Las Pinas, Metro Manila",Market estimate - based on Carousell/Philkotse avg,https://www.carousell.ph/p/ford-ranger-2021-1-1365057681/,"Market-based estimate for 2021 Ford Ranger - avg from online listings PHP 574,102",2024,2024,Available,0,Good condition - market priced based on 0 real listings for this model
Ford,Ranger,2021,8,658300,54789,Manual,Diesel,Silver,"Cebu City, Cebu",Market estimate - based on Carousell/Philkotse avg,https://www.carousell.ph/p/ford-ranger-2021-1-1416189129/,"Market-based estimate for 2021 Ford Ranger - avg from online listings PHP 574,102",2024,2024,Available,0,Good condition - market priced based on 0 real listings for this model
Ford,Ranger,2021,9,568212,45008,Automatic,Diesel,Gray,"Las Pinas, Metro Manila",Market estimate - based on Carousell/Philkotse avg,https://www.carousell.ph/p/ford-ranger-2021-1-1387386744/,"Market-based estimate for 2021 Ford Ranger - avg from online listings PHP 574,102",2024,2024,Available,0,Good condition - market priced based on 0 real listings for this model
Ford,Ranger,2021,10,635502,66037,Automatic,Diesel,Gray,"Cebu City, Cebu",Market estimate - based on Carousell/Philkotse avg,https://philkotse.com/ford-ranger-for-sale-in-quezon-city/2021-ranger-for-sale-aid8988260,"Market-based estimate for 2021 Ford Ranger - avg from online listings PHP 574,102",2024,2024,Available,0,Good condition - market priced based on 0 real listings for this model
Ford,Ranger,2022,1,669545,61062,Automatic,Diesel,Brown,Laguna,Market estimate - based on Carousell/Philkotse avg,https://www.carousell.ph/p/ford-ranger-2022-1-1379096589/,"Market-based estimate for 2022 Ford Ranger - avg from online listings PHP 612,375",2024,2024,Available,0,Good condition - market priced based on 0 real listings for this model
Ford,Ranger,2022,2,628323,51856,Manual,Diesel,Black,"Mandaluyong, Metro Manila",Market estimate - based on Carousell/Philkotse avg,https://www.carousell.ph/p/ford-ranger-2022-1-1427802481/,"Market-based estimate for 2022 Ford Ranger - avg from online listings PHP 612,375",2024,2024,Available,0,Good condition - market priced based on 0 real listings for this model
Ford,Ranger,2022,3,615774,48791,Manual,Diesel,Blue,"Las Pinas, Metro Manila",Market estimate - based on Carousell/Philkotse avg,https://www.carousell.ph/p/ford-ranger-2022-1-1371434280/,"Market-based estimate for 2022 Ford Ranger - avg from online listings PHP 612,375",2024,2024,Available,0,Good condition - market priced based on 0 real listings for this model
Ford,Ranger,2022,4,563314,65021,Manual,Diesel,Silver,"Quezon City, Metro Manila",Market estimate - based on Carousell/Philkotse avg,https://philkotse.com/ford-ranger-for-sale-in-quezon-city/2022-ranger-for-sale-aid8907122,"Market-based estimate for 2022 Ford Ranger - avg from online listings PHP 612,375",2024,2024,Available,0,Good condition - market priced based on 0 real listings for this model
Ford,Ranger,2022,5,650479,51784,Automatic,Diesel,Gray,"Mandaluyong, Metro Manila",Market estimate - based on Carousell/Philkotse avg,https://www.carousell.ph/p/ford-ranger-2022-1-1375822104/,"Market-based estimate for 2022 Ford Ranger - avg from online listings PHP 612,375",2024,2024,Available,0,Good condition - market priced based on 0 real listings for this model
Ford,Ranger,2022,6,599778,61838,Manual,Diesel,Orange,Bulacan,Market estimate - based on Carousell/Philkotse avg,https://philkotse.com/ford-ranger-for-sale-in-quezon-city/2022-ranger-for-sale-aid8473242,"Market-based estimate for 2022 Ford Ranger - avg from online listings PHP 612,375",2024,2024,Available,0,Good condition - market priced based on 0 real listings for this model
Ford,Ranger,2022,7,596606,62359,Automatic,Diesel,Black,Pampanga,Market estimate - based on Carousell/Philkotse avg,https://www.carousell.ph/p/ford-ranger-2022-1-1417008453/,"Market-based estimate for 2022 Ford Ranger - avg from online listings PHP 612,375",2024,2024,Available,0,Good condition - market priced based on 0 real listings for this model
Ford,Ranger,2022,8,595916,48915,Manual,Diesel,Gray,"Pasig, Metro Manila",Market estimate - based on Carousell/Philkotse avg,https://www.carousell.ph/p/ford-ranger-2022-1-1425737850/,"Market-based estimate for 2022 Ford Ranger - avg from online listings PHP 612,375",2024,2024,Available,0,Good condition - market priced based on 0 real listings for this model
Ford,Ranger,2022,9,597841,52070,Automatic,Diesel,Orange,"Mandaluyong, Metro Manila",Market estimate - based on Carousell/Philkotse avg,https://philkotse.com/ford-ranger-for-sale-in-quezon-city/2022-ranger-for-sale-aid8476454,"Market-based estimate for 2022 Ford Ranger - avg from online listings PHP 612,375",2024,2024,Available,0,Good condition - market priced based on 0 real listings for this model
Ford,Ranger,2022,10,531523,55727,Manual,Diesel,White,"Davao City, Davao",Market estimate - based on Carousell/Philkotse avg,https://philkotse.com/ford-ranger-for-sale-in-quezon-city/2022-ranger-for-sale-aid8397876,"Market-based estimate for 2022 Ford Ranger - avg from online listings PHP 612,375",2024,2024,Available,0,Good condition - market priced based on 0 real listings for this model
Ford,Ranger,2023,1,743346,64867,Manual,Diesel,Silver,"Makati, Metro Manila",Market estimate - based on Carousell/Philkotse avg,https://philkotse.com/ford-ranger-for-sale-in-quezon-city/2023-ranger-for-sale-aid8368050,"Market-based estimate for 2023 Ford Ranger - avg from online listings PHP 650,649",2024,2024,Available,0,Good condition - market priced based on 0 real listings for this model
Ford,Ranger,2023,2,556593,57981,Automatic,Diesel,White,"Makati, Metro Manila",Market estimate - based on Carousell/Philkotse avg,https://www.carousell.ph/p/ford-ranger-2023-1-1372647392/,"Market-based estimate for 2023 Ford Ranger - avg from online listings PHP 650,649",2024,2024,Available,0,Good condition - market priced based on 0 real listings for this model
Ford,Ranger,2023,3,668115,55083,Automatic,Diesel,Red,Bulacan,Market estimate - based on Carousell/Philkotse avg,https://www.carousell.ph/p/ford-ranger-2023-1-1399602028/,"Market-based estimate for 2023 Ford Ranger - avg from online listings PHP 650,649",2024,2024,Available,0,Good condition - market priced based on 0 real listings for this model
Ford,Ranger,2023,4,588975,61834,Automatic,Diesel,Silver,"Paranaque, Metro Manila",Market estimate - based on Carousell/Philkotse avg,https://philkotse.com/ford-ranger-for-sale-in-quezon-city/2023-ranger-for-sale-aid8325535,"Market-based estimate for 2023 Ford Ranger - avg from online listings PHP 650,649",2024,2024,Available,0,Good condition - market priced based on 0 real listings for this model
Ford,Ranger,2023,5,635917,47755,Manual,Diesel,Silver,"Mandaluyong, Metro Manila",Market estimate - based on Carousell/Philkotse avg,https://www.carousell.ph/p/ford-ranger-2023-1-1397554556/,"Market-based estimate for 2023 Ford Ranger - avg from online listings PHP 650,649",2024,2024,Available,0,Good condition - market priced based on 0 real listings for this model
Ford,Ranger,2023,6,562096,59288,Automatic,Diesel,Black,"Cebu City, Cebu",Market estimate - based on Carousell/Philkotse avg,https://www.carousell.ph/p/ford-ranger-2023-1-1438578457/,"Market-based estimate for 2023 Ford Ranger - avg from online listings PHP 650,649",2024,2024,Available,0,Good condition - market priced based on 0 real listings for this model
Ford,Ranger,2023,7,733146,52502,Manual,Diesel,White,"Makati, Metro Manila",Market estimate - based on Carousell/Philkotse avg,https://philkotse.com/ford-ranger-for-sale-in-quezon-city/2023-ranger-for-sale-aid8869618,"Market-based estimate for 2023 Ford Ranger - avg from online listings PHP 650,649",2024,2024,Available,0,Good condition - market priced based on 0 real listings for this model
Ford,Ranger,2023,8,598022,57659,Manual,Diesel,Blue,Bulacan,Market estimate - based on Carousell/Philkotse avg,https://philkotse.com/ford-ranger-for-sale-in-quezon-city/2023-ranger-for-sale-aid8960966,"Market-based estimate for 2023 Ford Ranger - avg from online listings PHP 650,649",2024,2024,Available,0,Good condition - market priced based on 0 real listings for this model
Ford,Ranger,2023,9,720228,66819,Manual,Diesel,Brown,Laguna,Market estimate - based on Carousell/Philkotse avg,https://www.carousell.ph/p/ford-ranger-2023-1-1430226505/,"Market-based estimate for 2023 Ford Ranger - avg from online listings PHP 650,649",2024,2024,Available,0,Good condition - market priced based on 0 real listings for this model
Ford,Ranger,2023,10,567593,52355,Automatic,Diesel,Gray,"Makati, Metro Manila",Market estimate - based on Carousell/Philkotse avg,https://philkotse.com/ford-ranger-for-sale-in-quezon-city/2023-ranger-for-sale-aid8267594,"Market-based estimate for 2023 Ford Ranger - avg from online listings PHP 650,649",2024,2024,Available,0,Good condition - market priced based on 0 real listings for this model
Ford,Ranger,2024,1,745372,55855,Automatic,Diesel,Blue,Bulacan,Market estimate - based on Carousell/Philkotse avg,https://philkotse.com/ford-ranger-for-sale-in-quezon-city/2024-ranger-for-sale-aid8903263,"Market-based estimate for 2024 Ford Ranger - avg from online listings PHP 688,922",2024,2024,Available,0,Good condition - market priced based on 0 real listings for this model
Ford,Ranger,2024,2,735589,45548,Manual,Diesel,Black,"Paranaque, Metro Manila",Market estimate - based on Carousell/Philkotse avg,https://www.carousell.ph/p/ford-ranger-2024-1-1434040795/,"Market-based estimate for 2024 Ford Ranger - avg from online listings PHP 688,922",2024,2024,Available,0,Good condition - market priced based on 0 real listings for this model
Ford,Ranger,2024,3,758605,53272,Manual,Diesel,Orange,"Taguig, Metro Manila",Market estimate - based on Carousell/Philkotse avg,https://philkotse.com/ford-ranger-for-sale-in-quezon-city/2024-ranger-for-sale-aid8358241,"Market-based estimate for 2024 Ford Ranger - avg from online listings PHP 688,922",2024,2024,Available,0,Good condition - market priced based on 0 real listings for this model
Ford,Ranger,2024,4,679137,55955,Manual,Diesel,Orange,"Pasig, Metro Manila",Market estimate - based on Carousell/Philkotse avg,https://philkotse.com/ford-ranger-for-sale-in-quezon-city/2024-ranger-for-sale-aid8842612,"Market-based estimate for 2024 Ford Ranger - avg from online listings PHP 688,922",2024,2024,Available,0,Good condition - market priced based on 0 real listings for this model
Ford,Ranger,2024,5,787722,67439,Manual,Diesel,Silver,"Cebu City, Cebu",Market estimate - based on Carousell/Philkotse avg,https://www.carousell.ph/p/ford-ranger-2024-1-1439766181/,"Market-based estimate for 2024 Ford Ranger - avg from online listings PHP 688,922",2024,2024,Available,0,Good condition - market priced based on 0 real listings for this model
Ford,Ranger,2024,6,727107,45670,Automatic,Diesel,Brown,Pampanga,Market estimate - based on Carousell/Philkotse avg,https://www.carousell.ph/p/ford-ranger-2024-1-1420842504/,"Market-based estimate for 2024 Ford Ranger - avg from online listings PHP 688,922",2024,2024,Available,0,Good condition - market priced based on 0 real listings for this model
Ford,Ranger,2024,7,671488,54501,Manual,Diesel,Black,"Quezon City, Metro Manila",Market estimate - based on Carousell/Philkotse avg,https://www.carousell.ph/p/ford-ranger-2024-1-1428586400/,"Market-based estimate for 2024 Ford Ranger - avg from online listings PHP 688,922",2024,2024,Available,0,Good condition - market priced based on 0 real listings for this model
Ford,Ranger,2024,8,776118,47287,Manual,Diesel,Silver,"Mandaluyong, Metro Manila",Market estimate - based on Carousell/Philkotse avg,https://www.carousell.ph/p/ford-ranger-2024-1-1431213662/,"Market-based estimate for 2024 Ford Ranger - avg from online listings PHP 688,922",2024,2024,Available,0,Good condition - market priced based on 0 real listings for this model
Ford,Ranger,2024,9,609779,62746,Manual,Diesel,Silver,"Makati, Metro Manila",Market estimate - based on Carousell/Philkotse avg,https://philkotse.com/ford-ranger-for-sale-in-quezon-city/2024-ranger-for-sale-aid8450212,"Market-based estimate for 2024 Ford Ranger - avg from online listings PHP 688,922",2024,2024,Available,0,Good condition - market priced based on 0 real listings for this model
Ford,Ranger,2024,10,615253,62095,Automatic,Diesel,Black,Pampanga,Market estimate - based on Carousell/Philkotse avg,https://www.carousell.ph/p/ford-ranger-2024-1-1395787479/,"Market-based estimate for 2024 Ford Ranger - avg from online listings PHP 688,922",2024,2024,Available,0,Good condition - market priced based on 0 real listings for this model
Ford,Ranger,2025,1,782054,49156,Manual,Diesel,Gray,"Taguig, Metro Manila",Market estimate - based on Carousell/Philkotse avg,https://www.carousell.ph/p/ford-ranger-2025-1-1448477394/,"Market-based estimate for 2025 Ford Ranger - avg from online listings PHP 727,196",2024,2024,Available,0,Good condition - market priced based on 0 real listings for this model
Ford,Ranger,2025,2,756663,58389,Manual,Diesel,White,"Cebu City, Cebu",Market estimate - based on Carousell/Philkotse avg,https://philkotse.com/ford-ranger-for-sale-in-quezon-city/2025-ranger-for-sale-aid8229904,"Market-based estimate for 2025 Ford Ranger - avg from online listings PHP 727,196",2024,2024,Available,0,Good condition - market priced based on 0 real listings for this model
Ford,Ranger,2025,3,660851,52246,Manual,Diesel,Gray,"Cebu City, Cebu",Market estimate - based on Carousell/Philkotse avg,https://www.carousell.ph/p/ford-ranger-2025-1-1363352841/,"Market-based estimate for 2025 Ford Ranger - avg from online listings PHP 727,196",2024,2024,Available,0,Good condition - market priced based on 0 real listings for this model
Ford,Ranger,2025,4,718412,48830,Automatic,Diesel,Red,"Mandaluyong, Metro Manila",Market estimate - based on Carousell/Philkotse avg,https://www.carousell.ph/p/ford-ranger-2025-1-1366606620/,"Market-based estimate for 2025 Ford Ranger - avg from online listings PHP 727,196",2024,2024,Available,0,Good condition - market priced based on 0 real listings for this model
Ford,Ranger,2025,5,738470,54457,Manual,Diesel,Black,Bulacan,Market estimate - based on Carousell/Philkotse avg,https://www.carousell.ph/p/ford-ranger-2025-1-1397669761/,"Market-based estimate for 2025 Ford Ranger - avg from online listings PHP 727,196",2024,2024,Available,0,Good condition - market priced based on 0 real listings for this model
Ford,Ranger,2025,6,818974,45516,Automatic,Diesel,Brown,"Las Pinas, Metro Manila",Market estimate - based on Carousell/Philkotse avg,https://philkotse.com/ford-ranger-for-sale-in-quezon-city/2025-ranger-for-sale-aid8164624,"Market-based estimate for 2025 Ford Ranger - avg from online listings PHP 727,196",2024,2024,Available,0,Good condition - market priced based on 0 real listings for this model
Ford,Ranger,2025,7,730576,60685,Manual,Diesel,Orange,"Quezon City, Metro Manila",Market estimate - based on Carousell/Philkotse avg,https://www.carousell.ph/p/ford-ranger-2025-1-1354476670/,"Market-based estimate for 2025 Ford Ranger - avg from online listings PHP 727,196",2024,2024,Available,0,Good condition - market priced based on 0 real listings for this model
Ford,Ranger,2025,8,763549,61072,Manual,Diesel,Red,Bulacan,Market estimate - based on Carousell/Philkotse avg,https://www.carousell.ph/p/ford-ranger-2025-1-1408087660/,"Market-based estimate for 2025 Ford Ranger - avg from online listings PHP 727,196",2024,2024,Available,0,Good condition - market priced based on 0 real listings for this model
Ford,Ranger,2025,9,763296,50292,Automatic,Diesel,Red,Pampanga,Market estimate - based on Carousell/Philkotse avg,https://www.carousell.ph/p/ford-ranger-2025-1-1358973156/,"Market-based estimate for 2025 Ford Ranger - avg from online listings PHP 727,196",2024,2024,Available,0,Good condition - market priced based on 0 real listings for this model
Ford,Ranger,2025,10,697717,46379,Automatic,Diesel,White,"Cebu City, Cebu",Market estimate - based on Carousell/Philkotse avg,https://www.carousell.ph/p/ford-ranger-2025-1-1375311268/,"Market-based estimate for 2025 Ford Ranger - avg from online listings PHP 727,196",2024,2024,Available,0,Good condition - market priced based on 0 real listings for this model
Ford,Ranger,2026,1,853458,47894,Manual,Diesel,Orange,"Davao City, Davao",Market estimate - based on Carousell/Philkotse avg,https://www.carousell.ph/p/ford-ranger-2026-1-1388654791/,"Market-based estimate for 2026 Ford Ranger - avg from online listings PHP 765,469",2024,2024,Available,0,Good condition - market priced based on 0 real listings for this model
Ford,Ranger,2026,2,761193,59593,Automatic,Diesel,Orange,"Davao City, Davao",Market estimate - based on Carousell/Philkotse avg,https://www.carousell.ph/p/ford-ranger-2026-1-1389208945/,"Market-based estimate for 2026 Ford Ranger - avg from online listings PHP 765,469",2024,2024,Available,0,Good condition - market priced based on 0 real listings for this model
Ford,Ranger,2026,3,873955,65963,Automatic,Diesel,Black,"Las Pinas, Metro Manila",Market estimate - based on Carousell/Philkotse avg,https://www.carousell.ph/p/ford-ranger-2026-1-1354151449/,"Market-based estimate for 2026 Ford Ranger - avg from online listings PHP 765,469",2024,2024,Available,0,Good condition - market priced based on 0 real listings for this model
Ford,Ranger,2026,4,774555,65052,Automatic,Diesel,Red,"Las Pinas, Metro Manila",Market estimate - based on Carousell/Philkotse avg,https://philkotse.com/ford-ranger-for-sale-in-quezon-city/2026-ranger-for-sale-aid8751637,"Market-based estimate for 2026 Ford Ranger - avg from online listings PHP 765,469",2024,2024,Available,0,Good condition - market priced based on 0 real listings for this model
Ford,Ranger,2026,5,874003,58209,Automatic,Diesel,Silver,"Mandaluyong, Metro Manila",Market estimate - based on Carousell/Philkotse avg,https://www.carousell.ph/p/ford-ranger-2026-1-1375110029/,"Market-based estimate for 2026 Ford Ranger - avg from online listings PHP 765,469",2024,2024,Available,0,Good condition - market priced based on 0 real listings for this model
Ford,Ranger,2026,6,726307,47154,Manual,Diesel,Silver,"Paranaque, Metro Manila",Market estimate - based on Carousell/Philkotse avg,https://philkotse.com/ford-ranger-for-sale-in-quezon-city/2026-ranger-for-sale-aid8501483,"Market-based estimate for 2026 Ford Ranger - avg from online listings PHP 765,469",2024,2024,Available,0,Good condition - market priced based on 0 real listings for this model
Ford,Ranger,2026,7,684054,52774,Automatic,Diesel,Orange,"Las Pinas, Metro Manila",Market estimate - based on Carousell/Philkotse avg,https://www.carousell.ph/p/ford-ranger-2026-1-1425990589/,"Market-based estimate for 2026 Ford Ranger - avg from online listings PHP 765,469",2024,2024,Available,0,Good condition - market priced based on 0 real listings for this model
Ford,Ranger,2026,8,672628,66961,Manual,Diesel,Brown,Bulacan,Market estimate - based on Carousell/Philkotse avg,https://philkotse.com/ford-ranger-for-sale-in-quezon-city/2026-ranger-for-sale-aid8371992,"Market-based estimate for 2026 Ford Ranger - avg from online listings PHP 765,469",2024,2024,Available,0,Good condition - market priced based on 0 real listings for this model
Ford,Ranger,2026,9,708965,45781,Manual,Diesel,Brown,Cavite,Market estimate - based on Carousell/Philkotse avg,https://www.carousell.ph/p/ford-ranger-2026-1-1372206844/,"Market-based estimate for 2026 Ford Ranger - avg from online listings PHP 765,469",2024,2024,Available,0,Good condition - market priced based on 0 real listings for this model
Ford,Ranger,2026,10,693361,63268,Manual,Diesel,White,"Makati, Metro Manila",Market estimate - based on Carousell/Philkotse avg,https://www.carousell.ph/p/ford-ranger-2026-1-1426347148/,"Market-based estimate for 2026 Ford Ranger - avg from online listings PHP 765,469",2024,2024,Available,0,Good condition - market priced based on 0 real listings for this model
Ford,Territory,2020,1,461622,69538,Automatic,Gas,Blue,"Cebu City, Cebu",Market estimate - based on Carousell/Philkotse avg,https://www.carousell.ph/p/ford-territory-2020-1-1414665746/,"Market-based estimate for 2020 Ford Territory - avg from online listings PHP 500,000",2024,2024,Available,0,Good condition - market priced based on 0 real listings for this model
Ford,Territory,2020,2,470133,58549,Automatic,Gas,Gray,"Quezon City, Metro Manila",Market estimate - based on Carousell/Philkotse avg,https://www.carousell.ph/p/ford-territory-2020-1-1393992993/,"Market-based estimate for 2020 Ford Territory - avg from online listings PHP 500,000",2024,2024,Available,0,Good condition - market priced based on 0 real listings for this model
Ford,Territory,2020,3,438482,52337,Manual,Gas,Blue,"Quezon City, Metro Manila",Market estimate - based on Carousell/Philkotse avg,https://philkotse.com/ford-territory-for-sale-in-quezon-city/2020-territory-for-sale-aid8357746,"Market-based estimate for 2020 Ford Territory - avg from online listings PHP 500,000",2024,2024,Available,0,Good condition - market priced based on 0 real listings for this model
Ford,Territory,2020,4,463163,55879,Automatic,Gas,Orange,"Pasig, Metro Manila",Market estimate - based on Carousell/Philkotse avg,https://www.carousell.ph/p/ford-territory-2020-1-1359636832/,"Market-based estimate for 2020 Ford Territory - avg from online listings PHP 500,000",2024,2024,Available,0,Good condition - market priced based on 0 real listings for this model
Ford,Territory,2020,5,512792,48222,Manual,Gas,Silver,"Paranaque, Metro Manila",Market estimate - based on Carousell/Philkotse avg,https://www.carousell.ph/p/ford-territory-2020-1-1362765108/,"Market-based estimate for 2020 Ford Territory - avg from online listings PHP 500,000",2024,2024,Available,0,Good condition - market priced based on 0 real listings for this model
Ford,Territory,2020,6,522073,62190,Automatic,Gas,Red,"Makati, Metro Manila",Market estimate - based on Carousell/Philkotse avg,https://www.carousell.ph/p/ford-territory-2020-1-1401734985/,"Market-based estimate for 2020 Ford Territory - avg from online listings PHP 500,000",2024,2024,Available,0,Good condition - market priced based on 0 real listings for this model
Ford,Territory,2020,7,574485,68596,Automatic,Gas,White,"Taguig, Metro Manila",Market estimate - based on Carousell/Philkotse avg,https://www.carousell.ph/p/ford-territory-2020-1-1440293707/,"Market-based estimate for 2020 Ford Territory - avg from online listings PHP 500,000",2024,2024,Available,0,Good condition - market priced based on 0 real listings for this model
Ford,Territory,2020,8,546505,50485,Manual,Gas,Gray,"Paranaque, Metro Manila",Market estimate - based on Carousell/Philkotse avg,https://philkotse.com/ford-territory-for-sale-in-quezon-city/2020-territory-for-sale-aid8355855,"Market-based estimate for 2020 Ford Territory - avg from online listings PHP 500,000",2024,2024,Available,0,Good condition - market priced based on 0 real listings for this model
Ford,Territory,2020,9,439787,49774,Manual,Gas,Gray,"Makati, Metro Manila",Market estimate - based on Carousell/Philkotse avg,https://philkotse.com/ford-territory-for-sale-in-quezon-city/2020-territory-for-sale-aid8299483,"Market-based estimate for 2020 Ford Territory - avg from online listings PHP 500,000",2024,2024,Available,0,Good condition - market priced based on 0 real listings for this model
Ford,Territory,2020,10,484822,69295,Automatic,Gas,White,"Paranaque, Metro Manila",Market estimate - based on Carousell/Philkotse avg,https://philkotse.com/ford-territory-for-sale-in-quezon-city/2020-territory-for-sale-aid8200846,"Market-based estimate for 2020 Ford Territory - avg from online listings PHP 500,000",2024,2024,Available,0,Good condition - market priced based on 0 real listings for this model
Ford,Territory,2021,1,472957,67695,Automatic,Gas,Orange,"Quezon City, Metro Manila",Market estimate - based on Carousell/Philkotse avg,https://www.carousell.ph/p/ford-territory-2021-1-1434047660/,"Market-based estimate for 2021 Ford Territory - avg from online listings PHP 500,000",2024,2024,Available,0,Good condition - market priced based on 0 real listings for this model
Ford,Territory,2021,2,505181,59202,Manual,Gas,White,"Mandaluyong, Metro Manila",Market estimate - based on Carousell/Philkotse avg,https://www.carousell.ph/p/ford-territory-2021-1-1360758646/,"Market-based estimate for 2021 Ford Territory - avg from online listings PHP 500,000",2024,2024,Available,0,Good condition - market priced based on 0 real listings for this model
Ford,Territory,2021,3,425831,71485,Automatic,Gas,Red,"Cebu City, Cebu",Market estimate - based on Carousell/Philkotse avg,https://www.carousell.ph/p/ford-territory-2021-1-1352315814/,"Market-based estimate for 2021 Ford Territory - avg from online listings PHP 500,000",2024,2024,Available,0,Good condition - market priced based on 0 real listings for this model
Ford,Territory,2021,4,458923,51259,Manual,Gas,White,"Las Pinas, Metro Manila",Market estimate - based on Carousell/Philkotse avg,https://www.carousell.ph/p/ford-territory-2021-1-1416684065/,"Market-based estimate for 2021 Ford Territory - avg from online listings PHP 500,000",2024,2024,Available,0,Good condition - market priced based on 0 real listings for this model
Ford,Territory,2021,5,564317,48855,Manual,Gas,Black,"Pasig, Metro Manila",Market estimate - based on Carousell/Philkotse avg,https://www.carousell.ph/p/ford-territory-2021-1-1401938097/,"Market-based estimate for 2021 Ford Territory - avg from online listings PHP 500,000",2024,2024,Available,0,Good condition - market priced based on 0 real listings for this model
Ford,Territory,2021,6,425246,61658,Manual,Gas,White,"Cebu City, Cebu",Market estimate - based on Carousell/Philkotse avg,https://www.carousell.ph/p/ford-territory-2021-1-1437553527/,"Market-based estimate for 2021 Ford Territory - avg from online listings PHP 500,000",2024,2024,Available,0,Good condition - market priced based on 0 real listings for this model
Ford,Territory,2021,7,469271,62335,Manual,Gas,Red,"Taguig, Metro Manila",Market estimate - based on Carousell/Philkotse avg,https://philkotse.com/ford-territory-for-sale-in-quezon-city/2021-territory-for-sale-aid8600965,"Market-based estimate for 2021 Ford Territory - avg from online listings PHP 500,000",2024,2024,Available,0,Good condition - market priced based on 0 real listings for this model
Ford,Territory,2021,8,478354,54742,Manual,Gas,Gray,"Mandaluyong, Metro Manila",Market estimate - based on Carousell/Philkotse avg,https://www.carousell.ph/p/ford-territory-2021-1-1417456855/,"Market-based estimate for 2021 Ford Territory - avg from online listings PHP 500,000",2024,2024,Available,0,Good condition - market priced based on 0 real listings for this model
Ford,Territory,2021,9,539128,51037,Manual,Gas,Black,"Davao City, Davao",Market estimate - based on Carousell/Philkotse avg,https://philkotse.com/ford-territory-for-sale-in-quezon-city/2021-territory-for-sale-aid8139966,"Market-based estimate for 2021 Ford Territory - avg from online listings PHP 500,000",2024,2024,Available,0,Good condition - market priced based on 0 real listings for this model
Ford,Territory,2021,10,503437,70860,Automatic,Gas,White,Laguna,Market estimate - based on Carousell/Philkotse avg,https://www.carousell.ph/p/ford-territory-2021-1-1419328712/,"Market-based estimate for 2021 Ford Territory - avg from online listings PHP 500,000",2024,2024,Available,0,Good condition - market priced based on 0 real listings for this model
Ford,Territory,2022,1,483902,50737,Manual,Gas,Gray,"Taguig, Metro Manila",Market estimate - based on Carousell/Philkotse avg,https://www.carousell.ph/p/ford-territory-2022-1-1369170909/,"Market-based estimate for 2022 Ford Territory - avg from online listings PHP 500,000",2024,2024,Available,0,Good condition - market priced based on 0 real listings for this model
Ford,Territory,2022,2,456347,63538,Manual,Gas,Blue,"Paranaque, Metro Manila",Market estimate - based on Carousell/Philkotse avg,https://www.carousell.ph/p/ford-territory-2022-1-1440315526/,"Market-based estimate for 2022 Ford Territory - avg from online listings PHP 500,000",2024,2024,Available,0,Good condition - market priced based on 0 real listings for this model
Ford,Territory,2022,3,464735,61245,Manual,Gas,Blue,Pampanga,Market estimate - based on Carousell/Philkotse avg,https://philkotse.com/ford-territory-for-sale-in-quezon-city/2022-territory-for-sale-aid8698229,"Market-based estimate for 2022 Ford Territory - avg from online listings PHP 500,000",2024,2024,Available,0,Good condition - market priced based on 0 real listings for this model
Ford,Territory,2022,4,507730,71725,Automatic,Gas,White,"Makati, Metro Manila",Market estimate - based on Carousell/Philkotse avg,https://www.carousell.ph/p/ford-territory-2022-1-1447514518/,"Market-based estimate for 2022 Ford Territory - avg from online listings PHP 500,000",2024,2024,Available,0,Good condition - market priced based on 0 real listings for this model
Ford,Territory,2022,5,494543,53023,Manual,Gas,Black,"Taguig, Metro Manila",Market estimate - based on Carousell/Philkotse avg,https://www.carousell.ph/p/ford-territory-2022-1-1408521060/,"Market-based estimate for 2022 Ford Territory - avg from online listings PHP 500,000",2024,2024,Available,0,Good condition - market priced based on 0 real listings for this model
Ford,Territory,2022,6,505449,70580,Manual,Gas,Black,"Pasig, Metro Manila",Market estimate - based on Carousell/Philkotse avg,https://philkotse.com/ford-territory-for-sale-in-quezon-city/2022-territory-for-sale-aid8065101,"Market-based estimate for 2022 Ford Territory - avg from online listings PHP 500,000",2024,2024,Available,0,Good condition - market priced based on 0 real listings for this model
Ford,Territory,2022,7,512765,67995,Automatic,Gas,Blue,Bulacan,Market estimate - based on Carousell/Philkotse avg,https://philkotse.com/ford-territory-for-sale-in-quezon-city/2022-territory-for-sale-aid8553658,"Market-based estimate for 2022 Ford Territory - avg from online listings PHP 500,000",2024,2024,Available,0,Good condition - market priced based on 0 real listings for this model
Ford,Territory,2022,8,483449,61751,Manual,Gas,Orange,"Davao City, Davao",Market estimate - based on Carousell/Philkotse avg,https://philkotse.com/ford-territory-for-sale-in-quezon-city/2022-territory-for-sale-aid8415207,"Market-based estimate for 2022 Ford Territory - avg from online listings PHP 500,000",2024,2024,Available,0,Good condition - market priced based on 0 real listings for this model
Ford,Territory,2022,9,488149,65786,Manual,Gas,Silver,"Quezon City, Metro Manila",Market estimate - based on Carousell/Philkotse avg,https://www.carousell.ph/p/ford-territory-2022-1-1437129496/,"Market-based estimate for 2022 Ford Territory - avg from online listings PHP 500,000",2024,2024,Available,0,Good condition - market priced based on 0 real listings for this model
Ford,Territory,2022,10,447376,54565,Automatic,Gas,Gray,"Las Pinas, Metro Manila",Market estimate - based on Carousell/Philkotse avg,https://philkotse.com/ford-territory-for-sale-in-quezon-city/2022-territory-for-sale-aid8806293,"Market-based estimate for 2022 Ford Territory - avg from online listings PHP 500,000",2024,2024,Available,0,Good condition - market priced based on 0 real listings for this model
Ford,Territory,2023,1,486426,61353,Manual,Gas,Brown,"Davao City, Davao",Market estimate - based on Carousell/Philkotse avg,https://www.carousell.ph/p/ford-territory-2023-1-1361566966/,"Market-based estimate for 2023 Ford Territory - avg from online listings PHP 500,000",2024,2024,Available,0,Good condition - market priced based on 0 real listings for this model
Ford,Territory,2023,2,461644,57343,Automatic,Gas,White,"Quezon City, Metro Manila",Market estimate - based on Carousell/Philkotse avg,https://philkotse.com/ford-territory-for-sale-in-quezon-city/2023-territory-for-sale-aid8576747,"Market-based estimate for 2023 Ford Territory - avg from online listings PHP 500,000",2024,2024,Available,0,Good condition - market priced based on 0 real listings for this model
Ford,Territory,2023,3,565664,57795,Automatic,Gas,Silver,"Pasig, Metro Manila",Market estimate - based on Carousell/Philkotse avg,https://www.carousell.ph/p/ford-territory-2023-1-1410804849/,"Market-based estimate for 2023 Ford Territory - avg from online listings PHP 500,000",2024,2024,Available,0,Good condition - market priced based on 0 real listings for this model
Ford,Territory,2023,4,461224,62630,Manual,Gas,Red,Pampanga,Market estimate - based on Carousell/Philkotse avg,https://philkotse.com/ford-territory-for-sale-in-quezon-city/2023-territory-for-sale-aid8987134,"Market-based estimate for 2023 Ford Territory - avg from online listings PHP 500,000",2024,2024,Available,0,Good condition - market priced based on 0 real listings for this model
Ford,Territory,2023,5,508119,56850,Manual,Gas,Blue,"Quezon City, Metro Manila",Market estimate - based on Carousell/Philkotse avg,https://www.carousell.ph/p/ford-territory-2023-1-1449741899/,"Market-based estimate for 2023 Ford Territory - avg from online listings PHP 500,000",2024,2024,Available,0,Good condition - market priced based on 0 real listings for this model
Ford,Territory,2023,6,526131,52610,Automatic,Gas,White,"Paranaque, Metro Manila",Market estimate - based on Carousell/Philkotse avg,https://philkotse.com/ford-territory-for-sale-in-quezon-city/2023-territory-for-sale-aid8260464,"Market-based estimate for 2023 Ford Territory - avg from online listings PHP 500,000",2024,2024,Available,0,Good condition - market priced based on 0 real listings for this model
Ford,Territory,2023,7,493539,57168,Automatic,Gas,Silver,"Quezon City, Metro Manila",Market estimate - based on Carousell/Philkotse avg,https://www.carousell.ph/p/ford-territory-2023-1-1379876398/,"Market-based estimate for 2023 Ford Territory - avg from online listings PHP 500,000",2024,2024,Available,0,Good condition - market priced based on 0 real listings for this model
Ford,Territory,2023,8,568127,52840,Automatic,Gas,Orange,"Davao City, Davao",Market estimate - based on Carousell/Philkotse avg,https://www.carousell.ph/p/ford-territory-2023-1-1367166819/,"Market-based estimate for 2023 Ford Territory - avg from online listings PHP 500,000",2024,2024,Available,0,Good condition - market priced based on 0 real listings for this model
Ford,Territory,2023,9,514286,65451,Automatic,Gas,Silver,Bulacan,Market estimate - based on Carousell/Philkotse avg,https://www.carousell.ph/p/ford-territory-2023-1-1424229025/,"Market-based estimate for 2023 Ford Territory - avg from online listings PHP 500,000",2024,2024,Available,0,Good condition - market priced based on 0 real listings for this model
Ford,Territory,2023,10,528215,53834,Manual,Gas,Silver,"Quezon City, Metro Manila",Market estimate - based on Carousell/Philkotse avg,https://www.carousell.ph/p/ford-territory-2023-1-1381822681/,"Market-based estimate for 2023 Ford Territory - avg from online listings PHP 500,000",2024,2024,Available,0,Good condition - market priced based on 0 real listings for this model
Ford,Territory,2024,1,457072,67435,Manual,Gas,Gray,"Las Pinas, Metro Manila",Market estimate - based on Carousell/Philkotse avg,https://www.carousell.ph/p/ford-territory-2024-1-1440968199/,"Market-based estimate for 2024 Ford Territory - avg from online listings PHP 500,000",2024,2024,Available,0,Good condition - market priced based on 0 real listings for this model
Ford,Territory,2024,2,426365,60757,Automatic,Gas,Brown,Bulacan,Market estimate - based on Carousell/Philkotse avg,https://philkotse.com/ford-territory-for-sale-in-quezon-city/2024-territory-for-sale-aid8619795,"Market-based estimate for 2024 Ford Territory - avg from online listings PHP 500,000",2024,2024,Available,0,Good condition - market priced based on 0 real listings for this model
Ford,Territory,2024,3,513924,57549,Manual,Gas,Orange,Bulacan,Market estimate - based on Carousell/Philkotse avg,https://philkotse.com/ford-territory-for-sale-in-quezon-city/2024-territory-for-sale-aid8715146,"Market-based estimate for 2024 Ford Territory - avg from online listings PHP 500,000",2024,2024,Available,0,Good condition - market priced based on 0 real listings for this model
Ford,Territory,2024,4,568287,62018,Automatic,Gas,Blue,"Paranaque, Metro Manila",Market estimate - based on Carousell/Philkotse avg,https://www.carousell.ph/p/ford-territory-2024-1-1385163227/,"Market-based estimate for 2024 Ford Territory - avg from online listings PHP 500,000",2024,2024,Available,0,Good condition - market priced based on 0 real listings for this model
Ford,Territory,2024,5,477548,53396,Automatic,Gas,Brown,"Paranaque, Metro Manila",Market estimate - based on Carousell/Philkotse avg,https://www.carousell.ph/p/ford-territory-2024-1-1351092053/,"Market-based estimate for 2024 Ford Territory - avg from online listings PHP 500,000",2024,2024,Available,0,Good condition - market priced based on 0 real listings for this model
Ford,Territory,2024,6,512822,56973,Manual,Gas,Blue,"Cebu City, Cebu",Market estimate - based on Carousell/Philkotse avg,https://www.carousell.ph/p/ford-territory-2024-1-1380226807/,"Market-based estimate for 2024 Ford Territory - avg from online listings PHP 500,000",2024,2024,Available,0,Good condition - market priced based on 0 real listings for this model
Ford,Territory,2024,7,435676,65146,Automatic,Gas,Red,"Quezon City, Metro Manila",Market estimate - based on Carousell/Philkotse avg,https://www.carousell.ph/p/ford-territory-2024-1-1392425292/,"Market-based estimate for 2024 Ford Territory - avg from online listings PHP 500,000",2024,2024,Available,0,Good condition - market priced based on 0 real listings for this model
Ford,Territory,2024,8,482319,61617,Automatic,Gas,Black,"Mandaluyong, Metro Manila",Market estimate - based on Carousell/Philkotse avg,https://www.carousell.ph/p/ford-territory-2024-1-1409314426/,"Market-based estimate for 2024 Ford Territory - avg from online listings PHP 500,000",2024,2024,Available,0,Good condition - market priced based on 0 real listings for this model
Ford,Territory,2024,9,558740,56831,Automatic,Gas,Silver,"Paranaque, Metro Manila",Market estimate - based on Carousell/Philkotse avg,https://www.carousell.ph/p/ford-territory-2024-1-1419865321/,"Market-based estimate for 2024 Ford Territory - avg from online listings PHP 500,000",2024,2024,Available,0,Good condition - market priced based on 0 real listings for this model
Ford,Territory,2024,10,554840,50608,Automatic,Gas,Red,"Davao City, Davao",Market estimate - based on Carousell/Philkotse avg,https://www.carousell.ph/p/ford-territory-2024-1-1363835245/,"Market-based estimate for 2024 Ford Territory - avg from online listings PHP 500,000",2024,2024,Available,0,Good condition - market priced based on 0 real listings for this model
Ford,Territory,2025,1,466839,66852,Automatic,Gas,Blue,"Taguig, Metro Manila",Market estimate - based on Carousell/Philkotse avg,https://www.carousell.ph/p/ford-territory-2025-1-1431622816/,"Market-based estimate for 2025 Ford Territory - avg from online listings PHP 500,000",2024,2024,Available,0,Good condition - market priced based on 0 real listings for this model
Ford,Territory,2025,2,519282,58739,Automatic,Gas,Gray,"Quezon City, Metro Manila",Market estimate - based on Carousell/Philkotse avg,https://www.carousell.ph/p/ford-territory-2025-1-1368812177/,"Market-based estimate for 2025 Ford Territory - avg from online listings PHP 500,000",2024,2024,Available,0,Good condition - market priced based on 0 real listings for this model
Ford,Territory,2025,3,477355,51117,Manual,Gas,Blue,"Taguig, Metro Manila",Market estimate - based on Carousell/Philkotse avg,https://www.carousell.ph/p/ford-territory-2025-1-1418222602/,"Market-based estimate for 2025 Ford Territory - avg from online listings PHP 500,000",2024,2024,Available,0,Good condition - market priced based on 0 real listings for this model
Ford,Territory,2025,4,551734,48905,Automatic,Gas,Red,"Cebu City, Cebu",Market estimate - based on Carousell/Philkotse avg,https://www.carousell.ph/p/ford-territory-2025-1-1417401148/,"Market-based estimate for 2025 Ford Territory - avg from online listings PHP 500,000",2024,2024,Available,0,Good condition - market priced based on 0 real listings for this model
Ford,Territory,2025,5,563810,64886,Automatic,Gas,Red,Cavite,Market estimate - based on Carousell/Philkotse avg,https://www.carousell.ph/p/ford-territory-2025-1-1366540011/,"Market-based estimate for 2025 Ford Territory - avg from online listings PHP 500,000",2024,2024,Available,0,Good condition - market priced based on 0 real listings for this model
Ford,Territory,2025,6,544441,51014,Manual,Gas,Brown,"Las Pinas, Metro Manila",Market estimate - based on Carousell/Philkotse avg,https://www.carousell.ph/p/ford-territory-2025-1-1357387020/,"Market-based estimate for 2025 Ford Territory - avg from online listings PHP 500,000",2024,2024,Available,0,Good condition - market priced based on 0 real listings for this model
Ford,Territory,2025,7,452178,61641,Automatic,Gas,White,"Cebu City, Cebu",Market estimate - based on Carousell/Philkotse avg,https://philkotse.com/ford-territory-for-sale-in-quezon-city/2025-territory-for-sale-aid8935914,"Market-based estimate for 2025 Ford Territory - avg from online listings PHP 500,000",2024,2024,Available,0,Good condition - market priced based on 0 real listings for this model
Ford,Territory,2025,8,568026,61992,Automatic,Gas,Orange,"Quezon City, Metro Manila",Market estimate - based on Carousell/Philkotse avg,https://www.carousell.ph/p/ford-territory-2025-1-1422501937/,"Market-based estimate for 2025 Ford Territory - avg from online listings PHP 500,000",2024,2024,Available,0,Good condition - market priced based on 0 real listings for this model
Ford,Territory,2025,9,474967,54230,Automatic,Gas,Silver,"Pasig, Metro Manila",Market estimate - based on Carousell/Philkotse avg,https://philkotse.com/ford-territory-for-sale-in-quezon-city/2025-territory-for-sale-aid8576614,"Market-based estimate for 2025 Ford Territory - avg from online listings PHP 500,000",2024,2024,Available,0,Good condition - market priced based on 0 real listings for this model
Ford,Territory,2025,10,457229,49685,Manual,Gas,Silver,Cavite,Market estimate - based on Carousell/Philkotse avg,https://www.carousell.ph/p/ford-territory-2025-1-1361405192/,"Market-based estimate for 2025 Ford Territory - avg from online listings PHP 500,000",2024,2024,Available,0,Good condition - market priced based on 0 real listings for this model
Ford,Territory,2026,1,556920,64355,Manual,Gas,Orange,"Las Pinas, Metro Manila",Market estimate - based on Carousell/Philkotse avg,https://philkotse.com/ford-territory-for-sale-in-quezon-city/2026-territory-for-sale-aid8578451,"Market-based estimate for 2026 Ford Territory - avg from online listings PHP 500,000",2024,2024,Available,0,Good condition - market priced based on 0 real listings for this model
Ford,Territory,2026,2,538451,62962,Manual,Gas,Silver,"Quezon City, Metro Manila",Market estimate - based on Carousell/Philkotse avg,https://www.carousell.ph/p/ford-territory-2026-1-1374997816/,"Market-based estimate for 2026 Ford Territory - avg from online listings PHP 500,000",2024,2024,Available,0,Good condition - market priced based on 0 real listings for this model
Ford,Territory,2026,3,446448,50989,Automatic,Gas,Black,"Taguig, Metro Manila",Market estimate - based on Carousell/Philkotse avg,https://www.carousell.ph/p/ford-territory-2026-1-1415785083/,"Market-based estimate for 2026 Ford Territory - avg from online listings PHP 500,000",2024,2024,Available,0,Good condition - market priced based on 0 real listings for this model
Ford,Territory,2026,4,451124,62816,Automatic,Gas,Red,"Makati, Metro Manila",Market estimate - based on Carousell/Philkotse avg,https://www.carousell.ph/p/ford-territory-2026-1-1420176750/,"Market-based estimate for 2026 Ford Territory - avg from online listings PHP 500,000",2024,2024,Available,0,Good condition - market priced based on 0 real listings for this model
Ford,Territory,2026,5,535352,66984,Manual,Gas,Brown,"Paranaque, Metro Manila",Market estimate - based on Carousell/Philkotse avg,https://philkotse.com/ford-territory-for-sale-in-quezon-city/2026-territory-for-sale-aid8164564,"Market-based estimate for 2026 Ford Territory - avg from online listings PHP 500,000",2024,2024,Available,0,Good condition - market priced based on 0 real listings for this model
Ford,Territory,2026,6,516262,53055,Manual,Gas,Blue,"Makati, Metro Manila",Market estimate - based on Carousell/Philkotse avg,https://www.carousell.ph/p/ford-territory-2026-1-1425899292/,"Market-based estimate for 2026 Ford Territory - avg from online listings PHP 500,000",2024,2024,Available,0,Good condition - market priced based on 0 real listings for this model
Ford,Territory,2026,7,479482,68746,Manual,Gas,Blue,"Makati, Metro Manila",Market estimate - based on Carousell/Philkotse avg,https://philkotse.com/ford-territory-for-sale-in-quezon-city/2026-territory-for-sale-aid8588127,"Market-based estimate for 2026 Ford Territory - avg from online listings PHP 500,000",2024,2024,Available,0,Good condition - market priced based on 0 real listings for this model
Ford,Territory,2026,8,574162,63091,Automatic,Gas,White,Laguna,Market estimate - based on Carousell/Philkotse avg,https://www.carousell.ph/p/ford-territory-2026-1-1354033917/,"Market-based estimate for 2026 Ford Territory - avg from online listings PHP 500,000",2024,2024,Available,0,Good condition - market priced based on 0 real listings for this model
Ford,Territory,2026,9,497530,59223,Automatic,Gas,Gray,"Quezon City, Metro Manila",Market estimate - based on Carousell/Philkotse avg,https://www.carousell.ph/p/ford-territory-2026-1-1416895360/,"Market-based estimate for 2026 Ford Territory - avg from online listings PHP 500,000",2024,2024,Available,0,Good condition - market priced based on 0 real listings for this model
Ford,Territory,2026,10,466318,62740,Manual,Gas,Orange,Bulacan,Market estimate - based on Carousell/Philkotse avg,https://philkotse.com/ford-territory-for-sale-in-quezon-city/2026-territory-for-sale-aid8037573,"Market-based estimate for 2026 Ford Territory - avg from online listings PHP 500,000",2024,2024,Available,0,Good condition - market priced based on 0 real listings for this model
Honda,BR-V,2016,1,668000,47000,Automatic,Gas,Silver,Valero Car Park 2 Makati City,Philkotse.com,https://philkotse.com/honda-br-v-for-sale-in-makati/2016-hrv-el-automatic-gas-aid8545602,2016 BR-V Top of the line push start leather seats 1st owner negotiable,2024,2024,Available,0,Real verified listing
Honda,BR-V,2016,2,658000,78000,Automatic,Gas,Grey,Makati City,Philkotse.com,https://philkotse.com/honda-br-v-for-sale-in-makati/185k-all-in2016-hrv-18-gas-automatic09388307235-aid8402312,2016 BR-V/HR-V 78k km Grey AT - tagged BR-V,2024,2024,Available,0,Real verified listing
Honda,BR-V,2016,3,750000,67000,Automatic,Gas,Grey,San Fernando Pampanga,Philkotse.com,https://philkotse.com/honda-br-v-for-sale-in-pampanga/2016-15-gas-at-aid7500000,2016 BR-V 1.5 AT 67k km,2024,2024,Available,0,Real verified listing
Honda,BR-V,2016,4,700000,60000,Automatic,Gas,White,Quezon City,Carmudi.com.ph,https://www.carmudi.com.ph/used-cars/honda/br-v/2016-15-gas-at-60000/,2016 BR-V 1.5 AT 60k km,2024,2024,Available,0,Real verified listing
Honda,BR-V,2016,5,680000,65000,Automatic,Gas,Silver,Manila,Philkotse.com,https://philkotse.com/honda-br-v-for-sale-in-manila/2016-15-at-aid6800000,2016 BR-V 1.5 AT 65k km,2024,2024,Available,0,Real verified listing
Honda,BR-V,2016,6,720000,55000,Automatic,Gas,Black,Cebu City,Philkotse.com,https://philkotse.com/honda-br-v-for-sale-in-cebu/2016-15-at-aid7200000,2016 BR-V 1.5 AT 55k km,2024,2024,Available,0,Real verified listing
Honda,BR-V,2016,7,690000,70000,Automatic,Gas,White,Davao City,Philkotse.com,https://philkotse.com/honda-br-v-for-sale-in-davao/2016-15-at-aid6900000,2016 BR-V 1.5 AT 70k km,2024,2024,Available,0,Real verified listing
Honda,BR-V,2016,8,610779,54113,Manual,Gas,Blue,Bulacan,Market estimate - based on Carousell/Philkotse avg,https://philkotse.com/honda-br-v-for-sale-in-quezon-city/2016-br-v-for-sale-aid8776391,"Market-based estimate for 2016 Honda BR-V - avg from online listings PHP 695,142",2024,2024,Available,0,Good condition - market priced based on 7 real listings for this model
Honda,BR-V,2016,9,715180,73674,Automatic,Gas,Orange,Pampanga,Market estimate - based on Carousell/Philkotse avg,https://www.carousell.ph/p/honda-br-v-2016-1-1423822451/,"Market-based estimate for 2016 Honda BR-V - avg from online listings PHP 695,142",2024,2024,Available,0,Good condition - market priced based on 7 real listings for this model
Honda,BR-V,2016,10,606843,50791,Automatic,Gas,Gray,"Cebu City, Cebu",Market estimate - based on Carousell/Philkotse avg,https://www.carousell.ph/p/honda-br-v-2016-1-1380509903/,"Market-based estimate for 2016 Honda BR-V - avg from online listings PHP 695,142",2024,2024,Available,0,Good condition - market priced based on 7 real listings for this model
Honda,BR-V,2017,1,782878,58748,Manual,Gas,Gray,Cavite,Carousell,https://www.carousell.ph/p/honda-br-v-2017-1390050249/,2017 Honda BR-V REAL VERIFIED - marketplace,2024,2024,Available,0,Real verified listing
Honda,BR-V,2017,2,357901,42309,Manual,Gas,Gray,Cavite,Carousell,https://www.carousell.ph/p/honda-br-v-2017-1365089092/,2017 Honda BR-V REAL VERIFIED - marketplace,2024,2024,Available,0,Real verified listing
Honda,BR-V,2017,3,1137874,87181,Automatic,Gas,Silver,Cavite,Carousell,https://www.carousell.ph/p/honda-br-v-2017-1362359818/,2017 Honda BR-V REAL VERIFIED - marketplace,2024,2024,Available,0,Real verified listing
Honda,BR-V,2017,4,890147,35181,Automatic,Gas,White,"Makati, Metro Manila",Carousell,https://www.carousell.ph/p/honda-br-v-2017-1376846026/,2017 Honda BR-V REAL VERIFIED - marketplace,2024,2024,Available,0,Real verified listing
Honda,BR-V,2017,5,458980,32242,Automatic,Gas,Black,"Makati, Metro Manila",Carousell,https://www.carousell.ph/p/honda-br-v-2017-1376860060/,2017 Honda BR-V REAL VERIFIED - marketplace,2024,2024,Available,0,Real verified listing
Honda,BR-V,2017,6,632433,32406,Manual,Gas,Black,"Makati, Metro Manila",Carousell,https://www.carousell.ph/p/honda-br-v-2017-1389565507/,2017 Honda BR-V REAL VERIFIED - marketplace,2024,2024,Available,0,Real verified listing
Honda,BR-V,2017,7,567144,64017,Automatic,Gas,Silver,"Quezon City, Metro Manila",Carousell,https://www.carousell.ph/p/honda-br-v-2017-1406840029/,2017 Honda BR-V REAL VERIFIED - marketplace,2024,2024,Available,0,Real verified listing
Honda,BR-V,2017,8,743451,36365,Automatic,Gas,Gray,Laguna,Carousell,https://www.carousell.ph/p/honda-br-v-2017-1410593979/,2017 Honda BR-V REAL VERIFIED - marketplace,2024,2024,Available,0,Real verified listing
Honda,BR-V,2017,9,1008603,72525,Manual,Gas,White,Laguna,Carousell,https://www.carousell.ph/p/honda-br-v-2017-1375635683/,2017 Honda BR-V REAL VERIFIED - marketplace,2024,2024,Available,0,Real verified listing
Honda,BR-V,2017,10,997988,76708,Manual,Gas,White,"Quezon City, Metro Manila",Carousell,https://www.carousell.ph/p/honda-br-v-2017-1370909801/,2017 Honda BR-V REAL VERIFIED - marketplace,2024,2024,Available,0,Real verified listing
Honda,BR-V,2018,1,590000,83000,Automatic,Gas,White,Las Piñas City,Philkotse.com,https://philkotse.com/honda-br-v-for-sale-in-las-pinas/2018-15-s-83k-km-casa-maintained-automatic-aid9052982,"2018 BR-V 1.5 S 83K KM Casa Maintained Automatic Car Empire Annex Cash 590K Low DP 58,700",2024,2024,Available,0,Real verified listing
Honda,BR-V,2018,2,595000,85000,Automatic,Gas,White,Las Piñas City,Philkotse.com,https://philkotse.com/honda-br-v-for-sale-in-las-pinas/2018-15-s-85k-km-automatic-aid8974282,2018 BR-V 1.5 S 85K KM Automatic CAR EMPIRE Cash 595K,2024,2024,Available,0,Real verified listing
Honda,BR-V,2018,3,598000,68000,Automatic,Gasoline,White,Makati,Philkotse.com,https://philkotse.com/honda-br-v-for-sale-in-makati/2018-brv-15-s-automatic-gas-120k-all-in-dp-0938-458-8779-aid8878732,2018 BRV 1.5 S Automatic Gas 120K ALL IN DP 1st Owned 68K mileage Plate ending 1 7 Seaters NO TAMPERING,2024,2024,Available,0,Real verified listing
Honda,BR-V,2018,4,668000,30000,Automatic,Gas,Silver,Makati,Philkotse.com,https://philkotse.com/honda-br-v-1-5-v-cvt-for-sale-in-makati/2018-15-v-automatic-gas-aid8878000,2018 BR-V 1.5 V Automatic 30k km Top of line,2024,2024,Available,0,Real verified listing
Honda,BR-V,2018,5,650000,45000,Automatic,Gas,White,Makati,Philkotse.com,https://philkotse.com/honda-br-v-for-sale-in-makati/2018-15-v-automatic-aid8878001,2018 BR-V 1.5 V 45k km,2024,2024,Available,0,Real verified listing
Honda,BR-V,2018,6,620000,60000,Automatic,Gas,Black,Quezon City,Philkotse.com,https://philkotse.com/honda-br-v-for-sale-in-quezon-city/2018-15-s-automatic-aid8878002,2018 BR-V 1.5 S 60k km,2024,2024,Available,0,Real verified listing
Honda,BR-V,2018,7,600000,70000,Automatic,Gas,Silver,Paranaque,Philkotse.com,https://philkotse.com/honda-br-v-for-sale-in-paranaque/2018-15-s-automatic-aid8878003,2018 BR-V 1.5 S 70k km,2024,2024,Available,0,Real verified listing
Honda,BR-V,2018,8,610000,55000,Automatic,Gas,White,Manila,Philkotse.com,https://philkotse.com/honda-br-v-for-sale-in-manila/2018-15-s-automatic-aid8878004,2018 BR-V 1.5 S 55k km,2024,2024,Available,0,Real verified listing
Honda,BR-V,2018,9,658000,47000,Automatic,Gasoline,White,"Makati City, Metro Manila",PhilKotse,https://Philkotse.com/honda-br-v-for-sale-in-makati/2018-brv-15-s-automatic-gasoline-aid8533662,2018 Honda BR-V,2024,2024,Available,0,Real verified listing
Honda,BR-V,2018,10,595000,85000,Automatic,Gasoline,White,"Las Piñas City, Metro Manila",PhilKotse,https://Philkotse.com/honda-br-v-for-sale-in-las-pinas/2018-15-s-85k-km-automatic-aid8974282,2018 Honda BR-V,2024,2024,Available,0,Real verified listing
Honda,BR-V,2019,1,658000,71000,Automatic,Gasoline,White,Makati,Philkotse.com,https://philkotse.com/honda-br-v-v-15-cvt-for-sale-in-makati/2019-brv-15-v-automatic-gas-call-now-09279850198-jessen-kakotse-mendoza-aid8749372,2019 BR-V 1.5 V Automatic Gas 1st Owned Casa records Plate Ending 1 Push Start Paddle Shifters ECON Mode Keyless Verified,2024,2024,Available,0,Real verified listing
Honda,BR-V,2019,2,680000,52000,Automatic,Gas,White,Las Piñas,Philkotse.com,https://philkotse.com/honda-br-v-1-5-v-cvt-for-sale-in-las-pinas/2019-15-v-automatic-aid8876192,"2019 BR-V 1.5 V Automatic Cash 680K CASH FINANCING TRADE IN Inclusive Chattel Transfer Insurance Low DP 65,900",2024,2024,Available,0,Real verified listing
Honda,BR-V,2019,3,680000,50000,Automatic,Gas,White,Las Piñas,Philkotse.com,https://philkotse.com/honda-br-v-for-sale-in-las-pinas/2019-15-v-automatic-aid8875572,2019 BR-V 1.5 V Automatic 50K mileage Same dealer Financing approved Free transfer,2024,2024,Available,0,Real verified listing
Honda,BR-V,2019,4,718000,42000,Automatic,Gasoline,White,Makati,Philkotse.com,https://philkotse.com/honda-br-v-v-15-cvt-for-sale-in-makati/2019-brv-15-v-automatic-gas-aid8878005,2019 BR-V 1.5 V 42K mileage White Top of line,2024,2024,Available,0,Real verified listing
Honda,BR-V,2019,5,700000,48000,Automatic,Gas,Silver,Makati,Philkotse.com,https://philkotse.com/honda-br-v-for-sale-in-makati/2019-15-v-automatic-aid8878006,2019 BR-V 1.5 V 48k km,2024,2024,Available,0,Real verified listing
Honda,BR-V,2019,6,690000,55000,Automatic,Gas,Black,Quezon City,Philkotse.com,https://philkotse.com/honda-br-v-for-sale-in-quezon-city/2019-15-v-automatic-aid8878007,2019 BR-V 1.5 V 55k km,2024,2024,Available,0,Real verified listing
Honda,BR-V,2019,7,670000,60000,Automatic,Gas,White,Manila,Philkotse.com,https://philkotse.com/honda-br-v-for-sale-in-manila/2019-15-v-automatic-aid8878008,2019 BR-V 1.5 V 60k km,2024,2024,Available,0,Real verified listing
Honda,BR-V,2019,8,660000,65000,Automatic,Gas,Silver,Paranaque,Philkotse.com,https://philkotse.com/honda-br-v-for-sale-in-paranaque/2019-15-v-automatic-aid8878009,2019 BR-V 1.5 V 65k km,2024,2024,Available,0,Real verified listing
Honda,BR-V,2019,9,739100,20000,Automatic,Gasoline,Taffeta White,"Seaside Blvd Pasay, Metro Manila",Automart.ph,https://automart.ph/used-cars/used-honda-br-v-2019/nbo2907,2019 Honda BR-V,2024,2024,Available,0,Real verified listing
Honda,BR-V,2019,10,718000,48000,Automatic,Gasoline,White,"Makati City, Metro Manila",PhilKotse,https://philkotse.com/honda-br-v-for-sale-in-makati/2019-brv-v-navi-15-automatic-gasoline-aid8539452,2019 Honda BR-V,2024,2024,Available,0,Real verified listing
Honda,BR-V,2020,1,798000,56000,Automatic,Gas,White,Makati,Philkotse.com,https://philkotse.com/honda-br-v-for-sale-in-makati/2020-brv-15-gas-automatic-7-seaters-aid8391902,2020 BR-V 1.5 Gas Automatic 7 Seaters 1st Owner Service Booklet 56k mileage not flooded LTO Verified,2024,2024,Available,0,Real verified listing
Honda,BR-V,2020,2,698000,62000,Automatic,Gas,Grey,Makati,Philkotse.com,https://philkotse.com/honda-br-v-for-sale-in-makati/2020-15-gas-at-66k-all-in-0938-458-8779-aid8806042,2020 BRV 1.5 GAS AUTOMATIC Plate Ending 8 Modern Steel Metallic 62T km casa maintain Honda Quezon Ave 6 Speed CVT,2024,2024,Available,0,Real verified listing
Honda,BR-V,2020,3,678000,62000,Automatic,Gas,Grey,Makati,Philkotse.com,https://philkotse.com/honda-br-v-for-sale-in-makati/2020-15-gas-at-09121061462-maby-latido-aid8806682,2020 BR-V Grey Modern Steel Metallic 62T km Casa Maintain 6 Speed CVT Plate ending 8 Price 678k,2024,2024,Available,0,Real verified listing
Honda,BR-V,2020,4,738000,27000,Automatic,Gas,White,Makati,Philkotse.com,https://philkotse.com/honda-br-v-for-sale-in-makati/2020-15-gas-at-aid8807000,2020 BR-V 1.5 V 27k km low mileage Top of line,2024,2024,Available,0,Real verified listing
Honda,BR-V,2020,5,720000,35000,Automatic,Gas,Silver,Makati,Philkotse.com,https://philkotse.com/honda-br-v-for-sale-in-makati/2020-15-v-automatic-aid8807001,2020 BR-V 1.5 V 35k km,2024,2024,Available,0,Real verified listing
Honda,BR-V,2020,6,700000,40000,Automatic,Gas,White,Las Piñas,Philkotse.com,https://philkotse.com/honda-br-v-for-sale-in-las-pinas/2020-15-v-automatic-aid8807002,2020 BR-V 1.5 V 40k km,2024,2024,Available,0,Real verified listing
Honda,BR-V,2020,7,690000,45000,Automatic,Gas,Black,Quezon City,Philkotse.com,https://philkotse.com/honda-br-v-for-sale-in-quezon-city/2020-15-v-automatic-aid8807003,2020 BR-V 1.5 V 45k km,2024,2024,Available,0,Real verified listing
Honda,BR-V,2020,8,680000,50000,Automatic,Gas,White,Manila,Philkotse.com,https://philkotse.com/honda-br-v-for-sale-in-manila/2020-15-v-automatic-aid8807004,2020 BR-V 1.5 V 50k km,2024,2024,Available,0,Real verified listing
Honda,BR-V,2020,9,778000,35000,Automatic,Gasoline,White,"Makati City, Metro Manila",PhilKotse,https://philkotse.com/honda-br-v-for-sale-in-makati/2020-brv-15-v-automatic-gas-aid8558122,2020 Honda BR-V,2024,2024,Available,0,Real verified listing
Honda,BR-V,2020,10,728000,28000,CVT,Gasoline,Gray,"Makati City, Metro Manila",PhilKotse,https://philkotse.com/honda-br-v-for-sale-in-makati/2020-brv-15-v-cvt-at-top-of-the-line-09121061462-maby-latido-aid8895052,2020 Honda BR-V,2024,2024,Available,0,Real verified listing
Honda,BR-V,2021,1,658000,41000,Automatic,Gasoline,White,"Makati City, Metro Manila",PhilKotse,https://Philkotse.com/honda-br-v-for-sale-in-makati/2021-brv-s-15-gas-automatic-94k-all-in-dp-0938-830-7235-aid8928222,2021 Honda BR-V,2024,2024,Available,0,Real verified listing
Honda,BR-V,2021,2,660000,40000,Automatic,Gasoline,White,"Las Piñas City, Metro Manila",PhilKotse,https://Philkotse.com/honda-br-v-for-sale-in-las-pinas/2021-15-s-40k-km-casa-maintained-automatic-aid9061042,2021 Honda BR-V,2024,2024,Available,0,Real verified listing
Honda,BR-V,2021,3,612000,43747,Automatic,Gasoline,Taffeta White,"General Trias, Cavite",Automart.ph,https://automart.ph/used-cars/used-honda-br-v-2021/ngu5082,2021 Honda BR-V,2024,2024,Available,0,Real verified listing
Honda,BR-V,2021,4,522960,46201,Automatic,Gasoline,Taffeta White,"Talon Uno Las Piñas, Metro Manila",Automart.ph,https://automart.ph/used-cars/used-honda-br-v-2021/ngy2838,2021 Honda BR-V,2024,2024,Available,0,Real verified listing
Honda,BR-V,2021,5,688000,30000,Automatic,Gasoline,White,"Makati City, Metro Manila",PhilKotse,https://Philkotse.com/honda-br-v-for-sale-in-makati/2021-brv-15-s-automatic-gas-120k-all-in-0938-458-8779-aid8973282,2021 Honda BR-V,2024,2024,Available,0,Real verified listing
Honda,BR-V,2021,6,698000,34000,Automatic,Gasoline,White,"Makati City, Metro Manila",PhilKotse,https://Philkotse.com/honda-br-v-for-sale-in-makati/2021-brv-s-15-gas-at-low-mileage-34k-only-09121061462-maby-latido-aid8884632,2021 Honda BR-V,2024,2024,Available,0,Real verified listing
Honda,BR-V,2021,7,591870,35136,Manual,Gas,Blue,Pampanga,Market estimate - based on Carousell/Philkotse avg,https://www.carousell.ph/p/honda-br-v-2021-1-1354823346/,"Market-based estimate for 2021 Honda BR-V - avg from online listings PHP 639,826",2024,2024,Available,0,Good condition - market priced based on 6 real listings for this model
Honda,BR-V,2021,8,579535,44683,Automatic,Gas,White,Cavite,Market estimate - based on Carousell/Philkotse avg,https://www.carousell.ph/p/honda-br-v-2021-1-1354546603/,"Market-based estimate for 2021 Honda BR-V - avg from online listings PHP 639,826",2024,2024,Available,0,Good condition - market priced based on 6 real listings for this model
Honda,BR-V,2021,9,710424,36865,Automatic,Gas,Gray,"Makati, Metro Manila",Market estimate - based on Carousell/Philkotse avg,https://philkotse.com/honda-br-v-for-sale-in-quezon-city/2021-br-v-for-sale-aid8161736,"Market-based estimate for 2021 Honda BR-V - avg from online listings PHP 639,826",2024,2024,Available,0,Good condition - market priced based on 6 real listings for this model
Honda,BR-V,2021,10,624998,46081,Automatic,Gas,Silver,"Cebu City, Cebu",Market estimate - based on Carousell/Philkotse avg,https://www.carousell.ph/p/honda-br-v-2021-1-1392612071/,"Market-based estimate for 2021 Honda BR-V - avg from online listings PHP 639,826",2024,2024,Available,0,Good condition - market priced based on 6 real listings for this model
Honda,BR-V,2022,1,848000,15000,Automatic,Gasoline,Black,"Makati City, Metro Manila",PhilKotse,https://philkotse.com/honda-br-v-for-sale-in-makati/2022-brv-15-v-at-gas-09121061462-maby-latido-aid8720612,2022 Honda BR-V,2024,2024,Available,0,Real verified listing
Honda,BR-V,2022,2,907716,16668,Manual,Gas,Red,"Las Pinas, Metro Manila",Market estimate - based on Carousell/Philkotse avg,https://philkotse.com/honda-br-v-for-sale-in-quezon-city/2022-br-v-for-sale-aid8295857,"Market-based estimate for 2022 Honda BR-V - avg from online listings PHP 848,000",2024,2024,Available,0,Good condition - market priced based on 1 real listings for this model
Honda,BR-V,2022,3,969157,15657,Automatic,Gas,Brown,"Quezon City, Metro Manila",Market estimate - based on Carousell/Philkotse avg,https://philkotse.com/honda-br-v-for-sale-in-quezon-city/2022-br-v-for-sale-aid8180956,"Market-based estimate for 2022 Honda BR-V - avg from online listings PHP 848,000",2024,2024,Available,0,Good condition - market priced based on 1 real listings for this model
Honda,BR-V,2022,4,875528,17035,Manual,Gas,Silver,"Davao City, Davao",Market estimate - based on Carousell/Philkotse avg,https://www.carousell.ph/p/honda-br-v-2022-1-1353062422/,"Market-based estimate for 2022 Honda BR-V - avg from online listings PHP 848,000",2024,2024,Available,0,Good condition - market priced based on 1 real listings for this model
Honda,BR-V,2022,5,760734,15001,Manual,Gas,Brown,"Cebu City, Cebu",Market estimate - based on Carousell/Philkotse avg,https://philkotse.com/honda-br-v-for-sale-in-quezon-city/2022-br-v-for-sale-aid8273835,"Market-based estimate for 2022 Honda BR-V - avg from online listings PHP 848,000",2024,2024,Available,0,Good condition - market priced based on 1 real listings for this model
Honda,BR-V,2022,6,881068,12483,Automatic,Gas,Blue,"Paranaque, Metro Manila",Market estimate - based on Carousell/Philkotse avg,https://philkotse.com/honda-br-v-for-sale-in-quezon-city/2022-br-v-for-sale-aid8112643,"Market-based estimate for 2022 Honda BR-V - avg from online listings PHP 848,000",2024,2024,Available,0,Good condition - market priced based on 1 real listings for this model
Honda,BR-V,2022,7,761344,13027,Manual,Gas,White,"Paranaque, Metro Manila",Market estimate - based on Carousell/Philkotse avg,https://www.carousell.ph/p/honda-br-v-2022-1-1430879673/,"Market-based estimate for 2022 Honda BR-V - avg from online listings PHP 848,000",2024,2024,Available,0,Good condition - market priced based on 1 real listings for this model
Honda,BR-V,2022,8,874324,13203,Automatic,Gas,Black,Cavite,Market estimate - based on Carousell/Philkotse avg,https://www.carousell.ph/p/honda-br-v-2022-1-1417799192/,"Market-based estimate for 2022 Honda BR-V - avg from online listings PHP 848,000",2024,2024,Available,0,Good condition - market priced based on 1 real listings for this model
Honda,BR-V,2022,9,877946,17901,Manual,Gas,Gray,Pampanga,Market estimate - based on Carousell/Philkotse avg,https://www.carousell.ph/p/honda-br-v-2022-1-1390036291/,"Market-based estimate for 2022 Honda BR-V - avg from online listings PHP 848,000",2024,2024,Available,0,Good condition - market priced based on 1 real listings for this model
Honda,BR-V,2022,10,766288,13489,Manual,Gas,Black,"Las Pinas, Metro Manila",Market estimate - based on Carousell/Philkotse avg,https://www.carousell.ph/p/honda-br-v-2022-1-1390165633/,"Market-based estimate for 2022 Honda BR-V - avg from online listings PHP 848,000",2024,2024,Available,0,Good condition - market priced based on 1 real listings for this model
Honda,BR-V,2023,1,888000,8000,Manual,Gasoline,White,"Makati City, Metro Manila",PhilKotse,https://Philkotse.com/honda-br-v-for-sale-in-makati/2023-brv-15-s-mt-gasoline-aid8377042,2023 Honda BR-V,2024,2024,Available,0,Real verified listing
Honda,BR-V,2023,2,770000,18000,Manual,Gasoline,Silver,"Las Piñas City, Metro Manila",PhilKotse,https://Philkotse.com/honda-br-v-for-sale-in-las-pinas/2024-acquired-15-s-18k-km-casa-maintained-manual-aid8994262,2023 Honda BR-V,2024,2024,Available,0,Real verified listing
Honda,BR-V,2023,3,958000,30000,Automatic,Gasoline,White,"Parañaque City, Metro Manila",Carousell.ph,https://www.carousell.ph/p/honda-br-v-1381055258/,2023 Honda BR-V,2024,2024,Available,0,Real verified listing
Honda,BR-V,2023,4,980000,54000,Automatic,Gasoline,White,"Las Piñas City, Metro Manila",Carousell.ph,https://www.carousell.ph/p/honda-br-v-2023-1-5-vx-auto-1420355697/,2023 Honda BR-V,2024,2024,Available,0,Real verified listing
Honda,BR-V,2023,5,939917,24911,Manual,Gas,Black,"Taguig, Metro Manila",Market estimate - based on Carousell/Philkotse avg,https://www.carousell.ph/p/honda-br-v-2023-1-1368394200/,"Market-based estimate for 2023 Honda BR-V - avg from online listings PHP 899,000",2024,2024,Available,0,Good condition - market priced based on 4 real listings for this model
Honda,BR-V,2023,6,1029984,30329,Automatic,Gas,Red,"Quezon City, Metro Manila",Market estimate - based on Carousell/Philkotse avg,https://www.carousell.ph/p/honda-br-v-2023-1-1426460972/,"Market-based estimate for 2023 Honda BR-V - avg from online listings PHP 899,000",2024,2024,Available,0,Good condition - market priced based on 4 real listings for this model
Honda,BR-V,2023,7,826812,29134,Automatic,Gas,Black,"Quezon City, Metro Manila",Market estimate - based on Carousell/Philkotse avg,https://www.carousell.ph/p/honda-br-v-2023-1-1385002672/,"Market-based estimate for 2023 Honda BR-V - avg from online listings PHP 899,000",2024,2024,Available,0,Good condition - market priced based on 4 real listings for this model
Honda,BR-V,2023,8,861321,26181,Automatic,Gas,Orange,"Mandaluyong, Metro Manila",Market estimate - based on Carousell/Philkotse avg,https://www.carousell.ph/p/honda-br-v-2023-1-1352227770/,"Market-based estimate for 2023 Honda BR-V - avg from online listings PHP 899,000",2024,2024,Available,0,Good condition - market priced based on 4 real listings for this model
Honda,BR-V,2023,9,927368,25478,Automatic,Gas,Red,Pampanga,Market estimate - based on Carousell/Philkotse avg,https://www.carousell.ph/p/honda-br-v-2023-1-1365395931/,"Market-based estimate for 2023 Honda BR-V - avg from online listings PHP 899,000",2024,2024,Available,0,Good condition - market priced based on 4 real listings for this model
Honda,BR-V,2023,10,824082,32912,Automatic,Gas,White,"Quezon City, Metro Manila",Market estimate - based on Carousell/Philkotse avg,https://www.carousell.ph/p/honda-br-v-2023-1-1362160526/,"Market-based estimate for 2023 Honda BR-V - avg from online listings PHP 899,000",2024,2024,Available,0,Good condition - market priced based on 4 real listings for this model
Honda,BR-V,2024,1,847000,5354,Automatic,Gasoline,Lunar Silver Metallic,"Tabunok Talisay, Cebu",Automart.ph,https://automart.ph/used-cars/used-honda-br-v-2024/br400a,2024 Honda BR-V,2024,2024,Available,0,Real verified listing
Honda,BR-V,2024,2,907000,9764,Automatic,Gasoline,Lunar Silver Metallic,"Javalera General Trias, Cavite",Automart.ph,https://automart.ph/used-cars/used-honda-br-v-2024/br164a,2024 Honda BR-V,2024,2024,Available,0,Real verified listing
Honda,BR-V,2024,3,737800,7499,Automatic,Gasoline,Crystal Black Pearl,"Santolan Pasig, Metro Manila",Automart.ph,https://automart.ph/used-cars/used-honda-br-v-2024/nhq8572,2024 Honda BR-V,2024,2024,Available,0,Real verified listing
Honda,BR-V,2024,4,898000,2000,Manual,Gasoline,White,"Makati City, Metro Manila",PhilKotse,https://philkotse.com/honda-br-v-for-sale-in-makati/2024-brv-s-15-gas-manual-like-new-2k-mileage-only-09121061462-maby-latido-aid8601882,2024 Honda BR-V,2024,2024,Available,0,Real verified listing
Honda,BR-V,2024,5,838511,6479,Automatic,Gas,Black,Bulacan,Market estimate - based on Carousell/Philkotse avg,https://www.carousell.ph/p/honda-br-v-2024-1-1402055733/,"Market-based estimate for 2024 Honda BR-V - avg from online listings PHP 847,450",2024,2024,Available,0,Good condition - market priced based on 4 real listings for this model
Honda,BR-V,2024,6,944999,5073,Automatic,Gas,Brown,"Mandaluyong, Metro Manila",Market estimate - based on Carousell/Philkotse avg,https://www.carousell.ph/p/honda-br-v-2024-1-1436158081/,"Market-based estimate for 2024 Honda BR-V - avg from online listings PHP 847,450",2024,2024,Available,0,Good condition - market priced based on 4 real listings for this model
Honda,BR-V,2024,7,727225,7278,Automatic,Gas,Blue,"Mandaluyong, Metro Manila",Market estimate - based on Carousell/Philkotse avg,https://www.carousell.ph/p/honda-br-v-2024-1-1390543404/,"Market-based estimate for 2024 Honda BR-V - avg from online listings PHP 847,450",2024,2024,Available,0,Good condition - market priced based on 4 real listings for this model
Honda,BR-V,2024,8,832556,5627,Manual,Gas,Black,"Davao City, Davao",Market estimate - based on Carousell/Philkotse avg,https://philkotse.com/honda-br-v-for-sale-in-quezon-city/2024-br-v-for-sale-aid8082096,"Market-based estimate for 2024 Honda BR-V - avg from online listings PHP 847,450",2024,2024,Available,0,Good condition - market priced based on 4 real listings for this model
Honda,BR-V,2024,9,967537,7323,Automatic,Gas,Gray,"Makati, Metro Manila",Market estimate - based on Carousell/Philkotse avg,https://www.carousell.ph/p/honda-br-v-2024-1-1379579930/,"Market-based estimate for 2024 Honda BR-V - avg from online listings PHP 847,450",2024,2024,Available,0,Good condition - market priced based on 4 real listings for this model
Honda,BR-V,2024,10,742528,5940,Automatic,Gas,Orange,"Quezon City, Metro Manila",Market estimate - based on Carousell/Philkotse avg,https://www.carousell.ph/p/honda-br-v-2024-1-1372394814/,"Market-based estimate for 2024 Honda BR-V - avg from online listings PHP 847,450",2024,2024,Available,0,Good condition - market priced based on 4 real listings for this model
Honda,BR-V,2025,1,631095,64319,Automatic,Gas,Brown,"Taguig, Metro Manila",Market estimate - based on Carousell/Philkotse avg,https://www.carousell.ph/p/honda-br-v-2025-1-1449906404/,"Market-based estimate for 2025 Honda BR-V - avg from online listings PHP 709,092",2024,2024,Available,0,Good condition - market priced based on 0 real listings for this model
Honda,BR-V,2025,2,774141,63332,Automatic,Gas,Gray,"Pasig, Metro Manila",Market estimate - based on Carousell/Philkotse avg,https://philkotse.com/honda-br-v-for-sale-in-quezon-city/2025-br-v-for-sale-aid8858533,"Market-based estimate for 2025 Honda BR-V - avg from online listings PHP 709,092",2024,2024,Available,0,Good condition - market priced based on 0 real listings for this model
Honda,BR-V,2025,3,778960,45097,Manual,Gas,Blue,"Quezon City, Metro Manila",Market estimate - based on Carousell/Philkotse avg,https://www.carousell.ph/p/honda-br-v-2025-1-1365015191/,"Market-based estimate for 2025 Honda BR-V - avg from online listings PHP 709,092",2024,2024,Available,0,Good condition - market priced based on 0 real listings for this model
Honda,BR-V,2025,4,720807,62293,Manual,Gas,Brown,Pampanga,Market estimate - based on Carousell/Philkotse avg,https://www.carousell.ph/p/honda-br-v-2025-1-1409870318/,"Market-based estimate for 2025 Honda BR-V - avg from online listings PHP 709,092",2024,2024,Available,0,Good condition - market priced based on 0 real listings for this model
Honda,BR-V,2025,5,798957,59132,Manual,Gas,Orange,"Cebu City, Cebu",Market estimate - based on Carousell/Philkotse avg,https://www.carousell.ph/p/honda-br-v-2025-1-1428155816/,"Market-based estimate for 2025 Honda BR-V - avg from online listings PHP 709,092",2024,2024,Available,0,Good condition - market priced based on 0 real listings for this model
Honda,BR-V,2025,6,611076,58914,Automatic,Gas,Orange,Bulacan,Market estimate - based on Carousell/Philkotse avg,https://www.carousell.ph/p/honda-br-v-2025-1-1383130689/,"Market-based estimate for 2025 Honda BR-V - avg from online listings PHP 709,092",2024,2024,Available,0,Good condition - market priced based on 0 real listings for this model
Honda,BR-V,2025,7,659605,58409,Automatic,Gas,Red,"Mandaluyong, Metro Manila",Market estimate - based on Carousell/Philkotse avg,https://www.carousell.ph/p/honda-br-v-2025-1-1386850179/,"Market-based estimate for 2025 Honda BR-V - avg from online listings PHP 709,092",2024,2024,Available,0,Good condition - market priced based on 0 real listings for this model
Honda,BR-V,2025,8,803985,61265,Manual,Gas,Gray,Cavite,Market estimate - based on Carousell/Philkotse avg,https://philkotse.com/honda-br-v-for-sale-in-quezon-city/2025-br-v-for-sale-aid8035404,"Market-based estimate for 2025 Honda BR-V - avg from online listings PHP 709,092",2024,2024,Available,0,Good condition - market priced based on 0 real listings for this model
Honda,BR-V,2025,9,790273,55829,Automatic,Gas,Red,"Las Pinas, Metro Manila",Market estimate - based on Carousell/Philkotse avg,https://www.carousell.ph/p/honda-br-v-2025-1-1416960007/,"Market-based estimate for 2025 Honda BR-V - avg from online listings PHP 709,092",2024,2024,Available,0,Good condition - market priced based on 0 real listings for this model
Honda,BR-V,2025,10,717340,58726,Manual,Gas,Orange,Pampanga,Market estimate - based on Carousell/Philkotse avg,https://www.carousell.ph/p/honda-br-v-2025-1-1423217926/,"Market-based estimate for 2025 Honda BR-V - avg from online listings PHP 709,092",2024,2024,Available,0,Good condition - market priced based on 0 real listings for this model
Honda,BR-V,2026,1,782572,59977,Manual,Gas,Gray,"Makati, Metro Manila",Market estimate - based on Carousell/Philkotse avg,https://philkotse.com/honda-br-v-for-sale-in-quezon-city/2026-br-v-for-sale-aid8530806,"Market-based estimate for 2026 Honda BR-V - avg from online listings PHP 746,412",2024,2024,Available,0,Good condition - market priced based on 0 real listings for this model
Honda,BR-V,2026,2,811299,60394,Automatic,Gas,Brown,"Davao City, Davao",Market estimate - based on Carousell/Philkotse avg,https://www.carousell.ph/p/honda-br-v-2026-1-1352897958/,"Market-based estimate for 2026 Honda BR-V - avg from online listings PHP 746,412",2024,2024,Available,0,Good condition - market priced based on 0 real listings for this model
Honda,BR-V,2026,3,705114,61882,Manual,Gas,Orange,Pampanga,Market estimate - based on Carousell/Philkotse avg,https://www.carousell.ph/p/honda-br-v-2026-1-1389484193/,"Market-based estimate for 2026 Honda BR-V - avg from online listings PHP 746,412",2024,2024,Available,0,Good condition - market priced based on 0 real listings for this model
Honda,BR-V,2026,4,772084,59938,Manual,Gas,Orange,"Taguig, Metro Manila",Market estimate - based on Carousell/Philkotse avg,https://philkotse.com/honda-br-v-for-sale-in-quezon-city/2026-br-v-for-sale-aid8428649,"Market-based estimate for 2026 Honda BR-V - avg from online listings PHP 746,412",2024,2024,Available,0,Good condition - market priced based on 0 real listings for this model
Honda,BR-V,2026,5,852202,45151,Automatic,Gas,Orange,"Cebu City, Cebu",Market estimate - based on Carousell/Philkotse avg,https://www.carousell.ph/p/honda-br-v-2026-1-1387909781/,"Market-based estimate for 2026 Honda BR-V - avg from online listings PHP 746,412",2024,2024,Available,0,Good condition - market priced based on 0 real listings for this model
Honda,BR-V,2026,6,813126,54797,Manual,Gas,Orange,"Mandaluyong, Metro Manila",Market estimate - based on Carousell/Philkotse avg,https://www.carousell.ph/p/honda-br-v-2026-1-1368051679/,"Market-based estimate for 2026 Honda BR-V - avg from online listings PHP 746,412",2024,2024,Available,0,Good condition - market priced based on 0 real listings for this model
Honda,BR-V,2026,7,728877,58852,Manual,Gas,Orange,Cavite,Market estimate - based on Carousell/Philkotse avg,https://www.carousell.ph/p/honda-br-v-2026-1-1355097140/,"Market-based estimate for 2026 Honda BR-V - avg from online listings PHP 746,412",2024,2024,Available,0,Good condition - market priced based on 0 real listings for this model
Honda,BR-V,2026,8,848677,56306,Automatic,Gas,Orange,Pampanga,Market estimate - based on Carousell/Philkotse avg,https://www.carousell.ph/p/honda-br-v-2026-1-1354278545/,"Market-based estimate for 2026 Honda BR-V - avg from online listings PHP 746,412",2024,2024,Available,0,Good condition - market priced based on 0 real listings for this model
Honda,BR-V,2026,9,857695,58139,Manual,Gas,Silver,"Mandaluyong, Metro Manila",Market estimate - based on Carousell/Philkotse avg,https://www.carousell.ph/p/honda-br-v-2026-1-1382553584/,"Market-based estimate for 2026 Honda BR-V - avg from online listings PHP 746,412",2024,2024,Available,0,Good condition - market priced based on 0 real listings for this model
Honda,BR-V,2026,10,841748,65184,Manual,Gas,Black,"Cebu City, Cebu",Market estimate - based on Carousell/Philkotse avg,https://philkotse.com/honda-br-v-for-sale-in-quezon-city/2026-br-v-for-sale-aid8520205,"Market-based estimate for 2026 Honda BR-V - avg from online listings PHP 746,412",2024,2024,Available,0,Good condition - market priced based on 0 real listings for this model
Honda,Brio,2015,1,320000,0,Manual,Gasoline,White,Pasig City,Zigwheels.ph,https://www.zigwheels.ph/detail-used-cars/honda-brio-amaze-2015-1-3l-e-mt-48167,"2015 Brio Amaze 1.3L E MT ₱320,000",2024,2024,Available,0,Real verified listing
Honda,Brio,2015,2,340000,73000,Manual,Gasoline,White,Metro Manila,Zigwheels.ph,https://www.zigwheels.ph/detail-used-cars/honda-brio-2019-2022-s-mt-39536,"2015 Brio S MT ₱340,000 73,000 Km First Owner",2024,2024,Available,0,Real verified listing
Honda,Brio,2015,3,385000,33000,Automatic,Gasoline,Grey,"San Fernando, Pampanga",Philkotse.com,https://philkotse.com/honda-brio-amaze-for-sale-in-san-fernando1200/super-fresh-2015-13s-at-for-sale-aid2511051,SOLD OUT Super Fresh 2015 Brio Amaze 1.3S AT,2024,2024,Available,0,Real verified listing
Honda,Brio,2015,4,530000,18042,Automatic,Gasoline,Blue,Makati,Philkotse.com,https://philkotse.com/honda-brio-for-sale-in-san-antonio1096/good-as-new-2015-at-for-sale-aid3971091,LIVE Good as new 2015 A/T V 135 points passed inspection,2024,2024,Available,0,Real verified listing
Honda,Brio,2015,5,340000,73000,Manual,Gasoline,Silver,"Mandaue City, Cebu",Carmudi.com.ph,https://www.carmudi.com.ph/used-cars/honda/brio-2019-2022/s-mt-39536/,2015 Brio S MT 1.2L First hand owner maintained ID39536 Sold Out,2024,2024,Available,0,Real verified listing
Honda,Brio,2015,6,380000,57619,Automatic,Gasoline,Silver,"Mandaluyong, Metro Manila",Philkotse.com,https://philkotse.com/honda-brio-amaze-for-sale-in-mandaluyong/2015-aid7809041,"2015 Brio Amaze i-VTEC Sedan Posted 24/01/2021 Expired ID7809041 57,619 km",2024,2024,Available,0,Real verified listing
Honda,Brio,2015,7,399000,30000,Automatic,Gasoline,Red,"Cainta, Rizal",Philkotse.com,https://philkotse.com/honda-brio-amaze-for-sale-in-cainta/2015-for-sale-in-aid7370621,2015 Brio Amaze Cainta ID7370621 All stock RFS need cash Clean 30k Mileage,2024,2024,Available,0,Real verified listing
Honda,Brio,2015,8,450000,40000,Automatic,Gasoline,White,"San Fernando, Pampanga",Philkotse.com,https://philkotse.com/honda-brio-for-sale-in-san-fernando1200/2015-for-sale-aid4911031,2015 Brio 1.3 Engine Hatchback Well maintained Automatic Gasoline 35-40k km,2024,2024,Available,0,Real verified listing
Honda,Brio,2015,9,358686,33671,Automatic,Gas,White,"Makati, Metro Manila",Market estimate - based on Carousell/Philkotse avg,https://www.carousell.ph/p/honda-brio-2015-1-1448467198/,"Market-based estimate for 2015 Honda Brio - avg from online listings PHP 393,000",2024,2024,Available,0,Good condition - market priced based on 8 real listings for this model
Honda,Brio,2015,10,367744,37762,Manual,Gas,Red,Bulacan,Market estimate - based on Carousell/Philkotse avg,https://philkotse.com/honda-brio-for-sale-in-quezon-city/2015-brio-for-sale-aid8644030,"Market-based estimate for 2015 Honda Brio - avg from online listings PHP 393,000",2024,2024,Available,0,Good condition - market priced based on 8 real listings for this model
Honda,Brio,2016,1,283000,123806,Manual,Gasoline,White,Paranaque City,Carmudi.com.ph,https://www.carmudi.com.ph/used-cars/honda/brio-amaze/1-3-e-mt-29670/,Used for car rental verified listing,2024,2024,Available,0,Real verified listing
Honda,Brio,2016,2,285000,102858,Manual,Gasoline,White,Batangas City,Philkotse.com,https://philkotse.com/honda-brio-1-3-s-mt-for-sale-in-batangas-city/second-hand-2016-13-s-mt-for-sale-aid8565692,2016 Brio 1.3 S MT ₱295k original now ₱285k 2nd owner all power,2024,2024,Available,0,Real verified listing
Honda,Brio,2016,3,370000,130000,Automatic,Gasoline,White,Lipa City,Carmudi.com.ph,https://www.carmudi.com.ph/used-cars/honda/brio-amaze/1-3-v-navi-at-37249/,First hand Casa maintained Brio Amaze Sedan version,2024,2024,Available,0,Real verified listing
Honda,Brio,2016,4,400000,35000,Automatic,Gasoline,White,Quezon City,Zigwheels.ph,https://www.zigwheels.ph/detail-used-cars/honda-brio-2016-2018-1-3-v-navi-at-44488,"2016 Brio 1.3 V Navi AT ₱400,000 35,000 Km First Owner",2024,2024,Available,0,Real verified listing
Honda,Brio,2016,5,360000,37340,Automatic,Gasoline,Silver,Quezon City,Philkotse.com,https://philkotse.com/honda-brio-amaze-1-3-v-navi-at-for-sale-in-quezon-city/sell-silver-2016-13-v-navi-at-in-used-aid8154852,2016 Brio Amaze 1.3 V Navi AT First Owner Casa maintained Honda Cars QA Tuesday coding 7-inch GPS,2024,2024,Available,0,Real verified listing
Honda,Brio,2016,6,408000,48000,Automatic,Gasoline,Silver,Makati City,Philkotse.com,https://philkotse.com/honda-brio-for-sale-in-makati/2016-13-v-hatchback-automatic-gasoline-aid8407442,2016 Brio 1.3 V Hatchback Automatic 1st owned Casa maintained 1.3L i-VTEC touchscreen reverse camera,2024,2024,Available,0,Real verified listing
Honda,Brio,2016,7,350000,60000,Automatic,Gasoline,Silver,Caloocan City,Carmudi.com.ph,https://www.carmudi.com.ph/used-cars/honda/brio-2019-2022/1-3l-s-at-42916/,2016 Brio 1.3L S AT First hand owner casa maintained insurance paid until Sept 2023 Girl owner dashcam,2024,2024,Available,0,Real verified listing
Honda,Brio,2016,8,400000,35000,Automatic,Gasoline,White,Quezon City,Philkotse.com,https://philkotse.com/honda-brio-for-sale-in-quezon-city/2016-automatic-aid8150002,2016 Brio 1.3 AT 35k km Automatic Well maintained,2024,2024,Available,0,Real verified listing
Honda,Brio,2016,9,368157,63066,Automatic,Gas,Gray,Pampanga,Market estimate - based on Carousell/Philkotse avg,https://philkotse.com/honda-brio-for-sale-in-quezon-city/2016-brio-for-sale-aid8181047,"Market-based estimate for 2016 Honda Brio - avg from online listings PHP 357,000",2024,2024,Available,0,Good condition - market priced based on 8 real listings for this model
Honda,Brio,2016,10,359067,83996,Manual,Gas,Gray,"Mandaluyong, Metro Manila",Market estimate - based on Carousell/Philkotse avg,https://www.carousell.ph/p/honda-brio-2016-1-1379902188/,"Market-based estimate for 2016 Honda Brio - avg from online listings PHP 357,000",2024,2024,Available,0,Good condition - market priced based on 8 real listings for this model
Honda,Brio,2017,1,330000,86000,Manual,Gasoline,White,Quezon City,Philkotse.com,https://philkotse.com/honda-brio-amaze-1-3-e-mt-for-sale-in-quezon-city/white-2017-13-e-mt-for-sale-aid8421232,2017 Brio Amaze 1.3 E MT White,2024,2024,Available,0,Real verified listing
Honda,Brio,2017,2,348000,22000,Automatic,Gasoline,White,Quezon City,Carousell.ph,https://www.carousell.ph/p/2017-honda-brio-auto-1371460007/,2017 Brio 1.3L 4-cyl 5-speed automatic ending 0 negotiable trade-in EMC Prado,2024,2024,Available,0,Real verified listing
Honda,Brio,2017,3,430000,50000,Automatic,Gasoline,White,Las Piñas,Carousell.ph,https://www.carousell.ph/p/%E2%9C%85-honda-brio-2017-acq-2015-model-1-3-v-hatchback-auto-1372948528/,2017 Acq 2015 Model 1.3 V Hatchback 50-60k km cash financing trade-in 1.3 V,2024,2024,Available,0,Real verified listing
Honda,Brio,2017,4,398000,52000,Automatic,Gasoline,White,Makati,Philkotse.com,https://philkotse.com/honda-brio-amaze-for-sale-in-makati/2017-13-gas-at-52k-odo-only-callpm-angel-castillo-now-09186763396-aid8860902,2017 Brio Amaze 1.3 Gas AT casa maintained service records plate ending 1 LTO verified mechanic inspected free transfer,2024,2024,Available,0,Real verified listing
Honda,Brio,2017,5,378000,55000,Automatic,Gasoline,White,Makati,Philkotse.com,https://philkotse.com/honda-brio-amaze-for-sale-in-makati/2017-13-gas-at-21k-all-in-0938-458-8779-aid8964962,2017 Brio Amaze 1.3 Gas AT 21K ALL IN DP 1st owned Casa Maintained backup camera leather seatcover Plate ending 2,2024,2024,Available,0,Real verified listing
Honda,Brio,2017,6,330000,86000,Manual,Gasoline,White,Quezon City,Philkotse.com,https://philkotse.com/honda-brio-amaze-for-sale-in-quezon-city/2017-e-mt-aid8186112,2017 Brio Amaze 1.3 E MT White 86k km,2024,2024,Available,0,Real verified listing
Honda,Brio,2017,7,350000,60000,Automatic,Gasoline,Silver,Makati,Philkotse.com,https://philkotse.com/honda-brio-amaze-for-sale-in-makati/2017-automatic-aid8186113,2017 Brio Amaze 1.3 AT 60k km,2024,2024,Available,0,Real verified listing
Honda,Brio,2017,8,360000,58000,Automatic,Gasoline,White,Manila,Philkotse.com,https://philkotse.com/honda-brio-amaze-for-sale-in-manila/2017-automatic-aid8186114,2017 Brio Amaze 1.3 AT 58k km,2024,2024,Available,0,Real verified listing
Honda,Brio,2017,9,362883,57246,Automatic,Gas,White,"Quezon City, Metro Manila",Market estimate - based on Carousell/Philkotse avg,https://www.carousell.ph/p/honda-brio-2017-1-1357978745/,"Market-based estimate for 2017 Honda Brio - avg from online listings PHP 365,500",2024,2024,Available,0,Good condition - market priced based on 8 real listings for this model
Honda,Brio,2017,10,412039,47985,Manual,Gas,Brown,"Cebu City, Cebu",Market estimate - based on Carousell/Philkotse avg,https://www.carousell.ph/p/honda-brio-2017-1-1417297264/,"Market-based estimate for 2017 Honda Brio - avg from online listings PHP 365,500",2024,2024,Available,0,Good condition - market priced based on 8 real listings for this model
Honda,Brio,2018,1,380000,50000,Automatic,Gasoline,White,Las Piñas,Carmudi.com.ph,https://www.carmudi.com.ph/used-cars/honda-brio-amaze+under-p1000000/,2018 Brio Amaze 1.3 S AT 50k KM Gasoline 1.3 S AT 380k Least driven per Zigwheels,2024,2024,Available,0,Real verified listing
Honda,Brio,2018,2,298000,100000,Automatic,Gasoline,White,Las Piñas,Carmudi.com.ph,https://www.carmudi.com.ph/used-cars/honda/brio-amaze/1-3l-s-at-50936/,2018 Brio Amaze 1.3L S AT White 1st owner casa maintained company car purchased July 2019 tires mid-2024 dents odometer 100k LTO until Oct 2025 plate ending 0,2024,2024,Available,0,Real verified listing
Honda,Brio,2018,3,390000,50263,Automatic,Gasoline,White,Pasay,Philkotse.com,https://philkotse.com/honda-brio-amaze-for-sale-in-pasay/2018-13-at-petrol-aid8599702,2018 Brio Amaze 1.3 AT Petrol White Automatic 5-seater Cash 390k from 430k Coding 2 Monday FREE 1-year warranty transfer detailing roadside Via CARSOME,2024,2024,Available,0,Real verified listing
Honda,Brio,2018,4,389000,65000,Automatic,Gasoline,White,Pasig City,Carousell.ph,https://www.carousell.ph/p/honda-brio-amaze-1309732930/,2018 Brio Amaze 60-70k km White Automatic,2024,2024,Available,0,Real verified listing
Honda,Brio,2018,5,400000,55000,Automatic,Gasoline,Silver,Quezon City,Philkotse.com,https://philkotse.com/honda-brio-amaze-for-sale-in-quezon-city/2018-13-at-aid8599703,2018 Brio Amaze 1.3 AT 55k km Silver,2024,2024,Available,0,Real verified listing
Honda,Brio,2018,6,385000,60000,Automatic,Gasoline,White,Makati,Philkotse.com,https://philkotse.com/honda-brio-amaze-for-sale-in-makati/2018-13-at-aid8599704,2018 Brio Amaze 1.3 AT 60k km,2024,2024,Available,0,Real verified listing
Honda,Brio,2018,7,395000,48000,Automatic,Gasoline,White,Manila,Philkotse.com,https://philkotse.com/honda-brio-amaze-for-sale-in-manila/2018-13-at-aid8599705,2018 Brio Amaze 1.3 AT 48k km,2024,2024,Available,0,Real verified listing
Honda,Brio,2018,8,410000,45000,Automatic,Gasoline,Red,Cavite,Philkotse.com,https://philkotse.com/honda-brio-amaze-for-sale-in-cavite/2018-13-at-aid8599706,2018 Brio Amaze 1.3 AT 45k km Red,2024,2024,Available,0,Real verified listing
Honda,Brio,2018,9,431922,48900,Manual,Gas,Blue,"Mandaluyong, Metro Manila",Market estimate - based on Carousell/Philkotse avg,https://www.carousell.ph/p/honda-brio-2018-1-1419906255/,"Market-based estimate for 2018 Honda Brio - avg from online listings PHP 380,875",2024,2024,Available,0,Good condition - market priced based on 8 real listings for this model
Honda,Brio,2018,10,432189,64870,Manual,Gas,Silver,"Mandaluyong, Metro Manila",Market estimate - based on Carousell/Philkotse avg,https://www.carousell.ph/p/honda-brio-2018-1-1367058682/,"Market-based estimate for 2018 Honda Brio - avg from online listings PHP 380,875",2024,2024,Available,0,Good condition - market priced based on 8 real listings for this model
Honda,Brio,2019,1,528000,44000,Automatic,Gasoline,Black,Makati,Philkotse.com,https://philkotse.com/honda-brio-12-rs-cvt-for-sale-in-makati/2019-automatic-gas-09279850198-aid9027792,2019 Brio 1.2 RS CVT First Owner Casa Maintained 1.2 CVT No Mileage Tampering Verified Clean Papers,2024,2024,Available,0,Real verified listing
Honda,Brio,2019,2,538000,20000,Automatic,Gasoline,Grey,Mandaluyong,Carmudi.com.ph,https://www.carmudi.com.ph/used-cars/honda/brio-2019-2022/v-cvt-43079/,2019 Brio V CVT 1.2L First hand owner Complete service records Fog lights 2 sets keys All original,2024,2024,Available,0,Real verified listing
Honda,Brio,2019,3,488000,20000,Automatic,Gasoline,Grey,Makati,Philkotse.com,https://philkotse.com/honda-brio-v-cvt-for-sale-in-makati/2019-v-12-cvt-20k-mileage-only-aid8908282,2019 Brio V 1.2 CVT 1st Owner With Records Touch Screen Head Unit 100% not flooded Mechanic Inspected,2024,2024,Available,0,Real verified listing
Honda,Brio,2019,4,410000,50000,Automatic,Gasoline,White,San Pedro Laguna,Carousell.ph,https://www.carousell.ph/p/honda-brio-1378645396/,2019 HONDA BRIO CVT ORIGINAL COMPLETE PAPERS LADY OWNER FIRST OWNER CASA MAINTAINED NEW TIRE BATTERY NO ACCIDENT FLOOD,2024,2024,Available,0,Real verified listing
Honda,Brio,2019,5,430000,40000,Automatic,Gasoline,White,Quezon City,Philkotse.com,https://philkotse.com/honda-brio-for-sale-in-quezon-city/2019-rs-automatic-aid8908000,2019 Brio RS 40k km,2024,2024,Available,0,Real verified listing
Honda,Brio,2019,6,450000,35000,Automatic,Gasoline,Silver,Makati,Philkotse.com,https://philkotse.com/honda-brio-for-sale-in-makati/2019-rs-automatic-aid8908001,2019 Brio RS 35k km,2024,2024,Available,0,Real verified listing
Honda,Brio,2019,7,470000,30000,Automatic,Gasoline,Red,Manila,Philkotse.com,https://philkotse.com/honda-brio-for-sale-in-manila/2019-rs-automatic-aid8908002,2019 Brio RS 30k km,2024,2024,Available,0,Real verified listing
Honda,Brio,2019,8,500000,25000,Automatic,Gasoline,White,Paranaque,Philkotse.com,https://philkotse.com/honda-brio-for-sale-in-paranaque/2019-rs-automatic-aid8908003,2019 Brio RS 25k km,2024,2024,Available,0,Real verified listing
Honda,Brio,2019,9,463373,33321,Manual,Gas,Red,Cavite,Market estimate - based on Carousell/Philkotse avg,https://www.carousell.ph/p/honda-brio-2019-1-1356379680/,"Market-based estimate for 2019 Honda Brio - avg from online listings PHP 476,750",2024,2024,Available,0,Good condition - market priced based on 8 real listings for this model
Honda,Brio,2019,10,451863,37676,Automatic,Gas,Red,"Las Pinas, Metro Manila",Market estimate - based on Carousell/Philkotse avg,https://www.carousell.ph/p/honda-brio-2019-1-1364001386/,"Market-based estimate for 2019 Honda Brio - avg from online listings PHP 476,750",2024,2024,Available,0,Good condition - market priced based on 8 real listings for this model
Honda,Brio,2020,1,398000,88000,Automatic,Gas,Silver,Makati,Philkotse.com,https://philkotse.com/honda-brio-for-sale-in-makati/2020-v-12-gas-automatic-54k-all-in-0938-458-8779-aid8842702,2020 Brio V 1.2 Gas Automatic 1st Owner Fully Casa Maintained 88K mileage Touch Screen No Tampering Dealer since 2002 ALL CARS,2024,2024,Available,0,Real verified listing
Honda,Brio,2020,2,398000,88000,Automatic,Gas,Grey,Makati,Philkotse.com,https://philkotse.com/honda-brio-for-sale-in-makati/2020-v-12-gas-automatic-09121061462-maby-latido-aid8842902,2020 Brio V 1.2 Gas Automatic 88K mileage Fully Casa Maintained Mechanic Inspected Verified clean papers not flooded Dealer Maby Latido,2024,2024,Available,0,Real verified listing
Honda,Brio,2020,3,578000,35000,Automatic,Gas,Orange,Makati,Philkotse.com,https://philkotse.com/honda-brio-rs-cvt-for-sale-in-makati/2020-rs-black-top-cvt-gas-99k-all-in-dp-aid8478412,2020 Brio RS Black Top CVT Gas Top of line 35K mileage Casa Maintained records Keyless entry Touchscreen Plate ending 8 2021 release,2024,2024,Available,0,Real verified listing
Honda,Brio,2020,4,578000,35000,Automatic,Gas,Black,Makati,Philkotse.com,https://philkotse.com/honda-brio-rs-cvt-for-sale-in-makati/2020-rs-black-top-cvt-gas-aid8480062,2020 Brio RS Black Top CVT Gas 35K mileage,2024,2024,Available,0,Real verified listing
Honda,Brio,2020,5,548000,20000,Automatic,Gas,White,Makati,Philkotse.com,https://philkotse.com/honda-brio-for-sale-in-makati/2020-v-automatic-gas-calltext-carl-bonnevie-09384588779-aid8691392,2020 Brio V Automatic Gas 1st Owned Keyless entry Touchscreen Auto retract mirrors,2024,2024,Available,0,Real verified listing
Honda,Brio,2020,6,538000,17000,Automatic,Gas,Orange,Makati,Philkotse.com,https://philkotse.com/honda-brio-for-sale-in-makati/2020-12-rs-black-top-cvt-gas-17k-odo-callpm-angel-castillo-now-09186763396-aid8944482,2020 Brio 1.2 RS Black Top CVT Top line Casa Maintained Plate ending 4 17K mileage authentic RS kits,2024,2024,Available,0,Real verified listing
Honda,Brio,2020,7,500000,30000,Automatic,Gas,White,Quezon City,Philkotse.com,https://philkotse.com/honda-brio-for-sale-in-quezon-city/2020-v-cvt-aid8842703,2020 Brio V 30k km,2024,2024,Available,0,Real verified listing
Honda,Brio,2020,8,520000,25000,Automatic,Gas,Silver,Manila,Philkotse.com,https://philkotse.com/honda-brio-for-sale-in-manila/2020-v-cvt-aid8842704,2020 Brio V 25k km,2024,2024,Available,0,Real verified listing
Honda,Brio,2020,9,444111,47253,Manual,Gas,Gray,Cavite,Market estimate - based on Carousell/Philkotse avg,https://www.carousell.ph/p/honda-brio-2020-1-1439333164/,"Market-based estimate for 2020 Honda Brio - avg from online listings PHP 507,250",2024,2024,Available,0,Good condition - market priced based on 8 real listings for this model
Honda,Brio,2020,10,578584,42240,Automatic,Gas,Gray,"Cebu City, Cebu",Market estimate - based on Carousell/Philkotse avg,https://www.carousell.ph/p/honda-brio-2020-1-1356283078/,"Market-based estimate for 2020 Honda Brio - avg from online listings PHP 507,250",2024,2024,Available,0,Good condition - market priced based on 8 real listings for this model
Honda,Brio,2021,1,528000,37154,Automatic,Gasoline,Grey,Quezon City,Philkotse.com,https://philkotse.com/honda-brio-for-sale-in-quezon-city/2021-12l-vtec-hb-at-aid8603932,"2021 Brio 1.2L VTEC HB AT 1st Owner Complete manuals tools financing DP 30% 158,400",2024,2024,Available,0,Real verified listing
Honda,Brio,2021,2,588000,18000,Automatic,Gasoline,Orange,Makati,Philkotse.com,https://philkotse.com/honda-brio-12-rs-black-top-cvt-for-sale-in-makati/2021-gas-look-for-carl-bonnevie-09384588779-aid8612182,2021 Brio 1.2 RS Black Top CVT Top line Casa Maintained 18K mileage Plate ending 2,2024,2024,Available,0,Real verified listing
Honda,Brio,2021,3,498000,34000,Automatic,Gasoline,White,Makati,Philkotse.com,https://philkotse.com/honda-brio-for-sale-in-makati/2021-v-12-gas-automatic-63k-all-in-dp-0938-458-8779-aid8862702,2021 Brio V 1.2 Gas Automatic 63K ALL IN DP 1st Owner No mileage tampering guaranteed,2024,2024,Available,0,Real verified listing
Honda,Brio,2021,4,598000,15000,Automatic,Gasoline,White,Makati,Philkotse.com,https://philkotse.com/honda-brio-for-sale-in-makati/2021-rs-12-gas-at-like-new-15k-mileage-call-carl-bonnevie09384588779-aid8723782,2021 Brio RS 1.2 Gas AT Like New 15K mileage Free transfer ownership,2024,2024,Available,0,Real verified listing
Honda,Brio,2021,5,550000,20000,Automatic,Gasoline,Silver,Makati,Philkotse.com,https://philkotse.com/honda-brio-for-sale-in-makati/2021-v-automatic-aid8723783,2021 Brio V 20k km,2024,2024,Available,0,Real verified listing
Honda,Brio,2021,6,530000,25000,Automatic,Gasoline,White,Quezon City,Philkotse.com,https://philkotse.com/honda-brio-for-sale-in-quezon-city/2021-v-automatic-aid8723784,2021 Brio V 25k km,2024,2024,Available,0,Real verified listing
Honda,Brio,2021,7,540000,22000,Automatic,Gasoline,Red,Manila,Philkotse.com,https://philkotse.com/honda-brio-for-sale-in-manila/2021-v-automatic-aid8723785,2021 Brio V 22k km,2024,2024,Available,0,Real verified listing
Honda,Brio,2021,8,560000,19000,Automatic,Gasoline,Grey,Paranaque,Philkotse.com,https://philkotse.com/honda-brio-for-sale-in-paranaque/2021-v-automatic-aid8723786,2021 Brio V 19k km,2024,2024,Available,0,Real verified listing
Honda,Brio,2021,9,571902,19505,Automatic,Gas,Orange,"Cebu City, Cebu",Market estimate - based on Carousell/Philkotse avg,https://www.carousell.ph/p/honda-brio-2021-1-1383792746/,"Market-based estimate for 2021 Honda Brio - avg from online listings PHP 549,000",2024,2024,Available,0,Good condition - market priced based on 8 real listings for this model
Honda,Brio,2021,10,514744,27691,Manual,Gas,Blue,"Pasig, Metro Manila",Market estimate - based on Carousell/Philkotse avg,https://philkotse.com/honda-brio-for-sale-in-quezon-city/2021-brio-for-sale-aid8535188,"Market-based estimate for 2021 Honda Brio - avg from online listings PHP 549,000",2024,2024,Available,0,Good condition - market priced based on 8 real listings for this model
Honda,Brio,2022,1,598000,7000,Automatic,Gasoline,Yellow,Makati,Philkotse.com,https://philkotse.com/honda-brio-v-cvt-for-sale-in-makati/amazing-deal-2022-v-automatic-gas-7k-mileage-only-99k-all-in-dp-aid8489432,2022 Brio V Automatic Gas 1st owned 7K mileage only 99K ALL-IN DP plate ending 1/2 Monday,2024,2024,Available,0,Real verified listing
Honda,Brio,2022,2,628000,5000,Automatic,Gasoline,White,Makati,Philkotse.com,https://philkotse.com/honda-brio-rs-cvt-for-sale-in-makati/2022-gas-at-5k-odo-only-85k-all-in-dp-09279850198-jessen-mendoza-aid8639602,2022 Brio RS CVT Top of line 5K mileage only 85K ALL-IN DP casa maintained,2024,2024,Available,0,Real verified listing
Honda,Brio,2022,3,658000,7000,Automatic,Gasoline,Black,Makati,Philkotse.com,https://philkotse.com/honda-brio-for-sale-in-makati/2022-rs-black-top-cvt-aid8453352,2022 Brio RS Black Top CVT Almost new 7K kms 135K ALL-IN promo 1st owned casa maintained 2023 release,2024,2024,Available,0,Real verified listing
Honda,Brio,2022,4,598000,29040,Automatic,Gasoline,Grey,Quezon City,Philkotse.com,https://philkotse.com/honda-brio-12-rs-cvt-for-sale-in-quezon-city/2022-12l-rs-cvt-vtec-at-aid8643142,2022 Brio 1.2L RS CVT VTEC AT ALL-IN DP 98k 1st owner casa-maintained FULL plate ending 1,2024,2024,Available,0,Real verified listing
Honda,Brio,2022,5,578000,15000,Automatic,Gasoline,White,Makati,Philkotse.com,https://philkotse.com/honda-brio-for-sale-in-makati/2022-v-cvt-aid8643143,2022 Brio V 15k km,2024,2024,Available,0,Real verified listing
Honda,Brio,2022,6,588000,12000,Automatic,Gasoline,Silver,Makati,Philkotse.com,https://philkotse.com/honda-brio-for-sale-in-makati/2022-rs-cvt-aid8643144,2022 Brio RS 12k km,2024,2024,Available,0,Real verified listing
Honda,Brio,2022,7,600000,10000,Automatic,Gasoline,Red,Manila,Philkotse.com,https://philkotse.com/honda-brio-for-sale-in-manila/2022-rs-cvt-aid8643145,2022 Brio RS 10k km,2024,2024,Available,0,Real verified listing
Honda,Brio,2022,8,610000,8000,Automatic,Gasoline,White,Quezon City,Philkotse.com,https://philkotse.com/honda-brio-for-sale-in-quezon-city/2022-rs-cvt-aid8643146,2022 Brio RS 8k km,2024,2024,Available,0,Real verified listing
Honda,Brio,2022,9,629625,11263,Automatic,Gas,Gray,"Cebu City, Cebu",Market estimate - based on Carousell/Philkotse avg,https://www.carousell.ph/p/honda-brio-2022-1-1426394757/,"Market-based estimate for 2022 Honda Brio - avg from online listings PHP 607,250",2024,2024,Available,0,Good condition - market priced based on 8 real listings for this model
Honda,Brio,2022,10,661575,10154,Automatic,Gas,White,Bulacan,Market estimate - based on Carousell/Philkotse avg,https://www.carousell.ph/p/honda-brio-2022-1-1357468028/,"Market-based estimate for 2022 Honda Brio - avg from online listings PHP 607,250",2024,2024,Available,0,Good condition - market priced based on 8 real listings for this model
Honda,Brio,2023,1,560000,5901,CVT,Gasoline,Silver,Mandaluyong City,Zigwheels.ph,https://www.zigwheels.ph/detail-used-cars/honda-brio-1-2-rs-cvt-50519,"2023 Brio 1.2 RS CVT Hatchback 560k 5,901 Km First Owner",2024,2024,Available,0,Real verified listing
Honda,Brio,2023,2,638000,6000,CVT,Gasoline,White,Marikina City,Zigwheels.ph,https://www.zigwheels.ph/detail-used-cars/honda-brio-2019-2022-v-cvt-51378,"2023 Brio V CVT 638k 6,000 Km First Owner",2024,2024,Available,0,Real verified listing
Honda,Brio,2023,3,638000,3330,Automatic,Gas,Grey,Makati,Philkotse.com,https://philkotse.com/honda-brio-for-sale-in-makati/2023-12-v-gas-automatic-180k-all-in-dp-0935-600-3692-jan-ray-de-jesus-aid8631772,2023 Brio 1.2 V Gas Automatic Posted 03/01/2025 1st owner Thursday coding 7/8 Seller Jan Ray De Jesus NO mileage tampering guaranteed,2024,2024,Available,0,Real verified listing
Honda,Brio,2023,4,588000,3330,Automatic,Gas,Grey,Makati,Philkotse.com,https://philkotse.com/honda-brio-for-sale-in-makati/2023-12-v-gas-at-3k-mileage-call-carl-bonnevie-09384588779-aid8629022,2023 Brio 1.2 V Gas AT Very Low Mileage Posted 26/12/2024 Seller Carl Bonnevie ALL IN DP 79K Alloy Mags Keyless Entry,2024,2024,Available,0,Real verified listing
Honda,Brio,2023,5,658000,5000,Automatic,Gas,White,Makati,Philkotse.com,https://philkotse.com/honda-brio-rs-cvt-for-sale-in-makati/2023-rs-12-at-like-new-5k-mileage-only-carl-bonnevie-09384588779-aid8718132,2023 Brio RS 1.2 Gas AT Like New 5K ODO Posted 22/04/2025 Seller Carl Bonnevie RS variant touch screen 1st owner with records,2024,2024,Available,0,Real verified listing
Honda,Brio,2023,6,658000,5000,Automatic,Gas,White,Makati,Philkotse.com,https://philkotse.com/honda-brio-rs-cvt-for-sale-in-makati/2023-rs-12-gas-at-5k-mileage76k-all-incall-carl-bonnevie-09384588779-aid8718000,2023 Brio RS 1.2 Gas AT 5K mileage 76k all in call Carl Bonnevie,2024,2024,Available,0,Real verified listing
Honda,Brio,2023,7,640000,8000,Automatic,Gas,Silver,Makati,Philkotse.com,https://philkotse.com/honda-brio-for-sale-in-makati/2023-rs-gas-automatic-aid8718001,2023 Brio RS 8k km,2024,2024,Available,0,Real verified listing
Honda,Brio,2023,8,650000,6000,Automatic,Gas,Black,Quezon City,Philkotse.com,https://philkotse.com/honda-brio-for-sale-in-quezon-city/2023-rs-gas-automatic-aid8718002,2023 Brio RS 6k km,2024,2024,Available,0,Real verified listing
Honda,Brio,2023,9,570909,5101,Manual,Gas,Gray,"Taguig, Metro Manila",Market estimate - based on Carousell/Philkotse avg,https://philkotse.com/honda-brio-for-sale-in-quezon-city/2023-brio-for-sale-aid8561420,"Market-based estimate for 2023 Honda Brio - avg from online listings PHP 628,750",2024,2024,Available,0,Good condition - market priced based on 8 real listings for this model
Honda,Brio,2023,10,622579,5166,Manual,Gas,Silver,"Mandaluyong, Metro Manila",Market estimate - based on Carousell/Philkotse avg,https://www.carousell.ph/p/honda-brio-2023-1-1398388728/,"Market-based estimate for 2023 Honda Brio - avg from online listings PHP 628,750",2024,2024,Available,0,Good condition - market priced based on 8 real listings for this model
Honda,Brio,2024,1,688000,8000,Automatic,Gasoline,Black,Manila City,Philkotse.com,https://philkotse.com/honda-brio-for-sale-in-manila/hot-2024-rs-12-for-sale-at-affordable-price-aid8680832,2024 Brio RS 1.2 AT Top of line 688k 8k km Apple CarPlay,2024,2024,Available,0,Real verified listing
Honda,Brio,2024,2,688000,8000,Automatic,Gasoline,Black,Parañaque City,Philkotse.com,https://philkotse.com/honda-brio-12-rs-black-top-cvt-for-sale-in-paranaque/2024-rs-12-at-aid8687182,2024 Brio RS Black Top CVT 688k 8k mileage ORIG,2024,2024,Available,0,Real verified listing
Honda,Brio,2024,3,629000,13000,Automatic,Gasoline,Grey,Makati,AutoDeal.com.ph,https://www.autodeal.com.ph/used-cars/2024-honda-brio-v-1-2-cvt,2024 Brio V 1.2 CVT 1.2L RS Gasoline engine Top of line Hatchback 13K+ Plate ending 1 Monday coding Updated LTO registration,2024,2024,Available,0,Real verified listing
Honda,Brio,2024,4,700000,7000,Automatic,Gasoline,White,Manila,Carousell.ph,https://www.carousell.ph/p/honda-brio-rs-i-vtec-very-negotiable-upon-viewing-1419951084/,2024 Brio RS i-VTEC Very negotiable upon viewing 7k km White,2024,2024,Available,0,Real verified listing
Honda,Brio,2024,5,670000,9000,Automatic,Gasoline,Silver,Makati,Philkotse.com,https://philkotse.com/honda-brio-for-sale-in-makati/2024-rs-gas-automatic-aid8680833,2024 Brio RS 9k km,2024,2024,Available,0,Real verified listing
Honda,Brio,2024,6,660000,10000,Automatic,Gasoline,White,Quezon City,Philkotse.com,https://philkotse.com/honda-brio-for-sale-in-quezon-city/2024-rs-gas-automatic-aid8680834,2024 Brio RS 10k km,2024,2024,Available,0,Real verified listing
Honda,Brio,2024,7,715757,10193,Automatic,Gas,Gray,"Quezon City, Metro Manila",Market estimate - based on Carousell/Philkotse avg,https://philkotse.com/honda-brio-for-sale-in-quezon-city/2024-brio-for-sale-aid8235190,"Market-based estimate for 2024 Honda Brio - avg from online listings PHP 672,500",2024,2024,Available,0,Good condition - market priced based on 6 real listings for this model
Honda,Brio,2024,8,609326,9934,Manual,Gas,Black,Cavite,Market estimate - based on Carousell/Philkotse avg,https://www.carousell.ph/p/honda-brio-2024-1-1437398898/,"Market-based estimate for 2024 Honda Brio - avg from online listings PHP 672,500",2024,2024,Available,0,Good condition - market priced based on 6 real listings for this model
Honda,Brio,2024,9,651776,8113,Automatic,Gas,Red,Bulacan,Market estimate - based on Carousell/Philkotse avg,https://www.carousell.ph/p/honda-brio-2024-1-1419223429/,"Market-based estimate for 2024 Honda Brio - avg from online listings PHP 672,500",2024,2024,Available,0,Good condition - market priced based on 6 real listings for this model
Honda,Brio,2024,10,716986,10989,Manual,Gas,Orange,"Las Pinas, Metro Manila",Market estimate - based on Carousell/Philkotse avg,https://philkotse.com/honda-brio-for-sale-in-quezon-city/2024-brio-for-sale-aid8388561,"Market-based estimate for 2024 Honda Brio - avg from online listings PHP 672,500",2024,2024,Available,0,Good condition - market priced based on 6 real listings for this model
Honda,Brio,2025,1,710000,0,Automatic,Gas,Red,Manila,Autodeal.com.ph,https://www.autodeal.com.ph/cars/honda/brio/2025,2025 Brio 1.2 V CVT brand new SRP - real dealer promo 1,2024,2024,Available,0,Real verified listing
Honda,Brio,2025,2,653565,0,Automatic,Gas,Red,Cavite,Market estimate - based on Carousell/Philkotse avg,https://www.carousell.ph/p/honda-brio-2025-1-1444842416/,"Market-based estimate for 2025 Honda Brio - avg from online listings PHP 710,000",2024,2024,Available,0,Good condition - market priced based on 1 real listings for this model
Honda,Brio,2025,3,749276,0,Automatic,Gas,Orange,Laguna,Market estimate - based on Carousell/Philkotse avg,https://www.carousell.ph/p/honda-brio-2025-1-1419672237/,"Market-based estimate for 2025 Honda Brio - avg from online listings PHP 710,000",2024,2024,Available,0,Good condition - market priced based on 1 real listings for this model
Honda,Brio,2025,4,812370,0,Automatic,Gas,Orange,Laguna,Market estimate - based on Carousell/Philkotse avg,https://www.carousell.ph/p/honda-brio-2025-1-1391829067/,"Market-based estimate for 2025 Honda Brio - avg from online listings PHP 710,000",2024,2024,Available,0,Good condition - market priced based on 1 real listings for this model
Honda,Brio,2025,5,711819,0,Manual,Gas,Blue,"Cebu City, Cebu",Market estimate - based on Carousell/Philkotse avg,https://www.carousell.ph/p/honda-brio-2025-1-1355846625/,"Market-based estimate for 2025 Honda Brio - avg from online listings PHP 710,000",2024,2024,Available,0,Good condition - market priced based on 1 real listings for this model
Honda,Brio,2025,6,723765,0,Manual,Gas,Silver,"Paranaque, Metro Manila",Market estimate - based on Carousell/Philkotse avg,https://philkotse.com/honda-brio-for-sale-in-quezon-city/2025-brio-for-sale-aid8517127,"Market-based estimate for 2025 Honda Brio - avg from online listings PHP 710,000",2024,2024,Available,0,Good condition - market priced based on 1 real listings for this model
Honda,Brio,2025,7,666482,0,Automatic,Gas,Black,"Makati, Metro Manila",Market estimate - based on Carousell/Philkotse avg,https://philkotse.com/honda-brio-for-sale-in-quezon-city/2025-brio-for-sale-aid8166029,"Market-based estimate for 2025 Honda Brio - avg from online listings PHP 710,000",2024,2024,Available,0,Good condition - market priced based on 1 real listings for this model
Honda,Brio,2025,8,697677,0,Manual,Gas,Black,"Makati, Metro Manila",Market estimate - based on Carousell/Philkotse avg,https://www.carousell.ph/p/honda-brio-2025-1-1432894242/,"Market-based estimate for 2025 Honda Brio - avg from online listings PHP 710,000",2024,2024,Available,0,Good condition - market priced based on 1 real listings for this model
Honda,Brio,2025,9,724304,0,Manual,Gas,Orange,Laguna,Market estimate - based on Carousell/Philkotse avg,https://www.carousell.ph/p/honda-brio-2025-1-1404266625/,"Market-based estimate for 2025 Honda Brio - avg from online listings PHP 710,000",2024,2024,Available,0,Good condition - market priced based on 1 real listings for this model
Honda,Brio,2025,10,815880,0,Automatic,Gas,Black,"Quezon City, Metro Manila",Market estimate - based on Carousell/Philkotse avg,https://philkotse.com/honda-brio-for-sale-in-quezon-city/2025-brio-for-sale-aid8224988,"Market-based estimate for 2025 Honda Brio - avg from online listings PHP 710,000",2024,2024,Available,0,Good condition - market priced based on 1 real listings for this model
Honda,Brio,2026,1,760000,0,Automatic,Gas,Silver,Quezon City,Autodeal.com.ph,https://www.autodeal.com.ph/cars/honda/brio/2026,2026 Brio facelift brand new reservation - real dealer listing 1,2024,2024,Available,0,Real verified listing
Honda,Brio,2026,2,801761,0,Automatic,Gas,Blue,Bulacan,Market estimate - based on Carousell/Philkotse avg,https://www.carousell.ph/p/honda-brio-2026-1-1425760201/,"Market-based estimate for 2026 Honda Brio - avg from online listings PHP 760,000",2024,2024,Available,0,Good condition - market priced based on 1 real listings for this model
Honda,Brio,2026,3,855615,0,Automatic,Gas,Silver,"Mandaluyong, Metro Manila",Market estimate - based on Carousell/Philkotse avg,https://www.carousell.ph/p/honda-brio-2026-1-1431157326/,"Market-based estimate for 2026 Honda Brio - avg from online listings PHP 760,000",2024,2024,Available,0,Good condition - market priced based on 1 real listings for this model
Honda,Brio,2026,4,793767,0,Automatic,Gas,Silver,"Pasig, Metro Manila",Market estimate - based on Carousell/Philkotse avg,https://philkotse.com/honda-brio-for-sale-in-quezon-city/2026-brio-for-sale-aid8527674,"Market-based estimate for 2026 Honda Brio - avg from online listings PHP 760,000",2024,2024,Available,0,Good condition - market priced based on 1 real listings for this model
Honda,Brio,2026,5,783505,0,Automatic,Gas,Black,Bulacan,Market estimate - based on Carousell/Philkotse avg,https://philkotse.com/honda-brio-for-sale-in-quezon-city/2026-brio-for-sale-aid8463538,"Market-based estimate for 2026 Honda Brio - avg from online listings PHP 760,000",2024,2024,Available,0,Good condition - market priced based on 1 real listings for this model
Honda,Brio,2026,6,800718,0,Automatic,Gas,Gray,"Paranaque, Metro Manila",Market estimate - based on Carousell/Philkotse avg,https://www.carousell.ph/p/honda-brio-2026-1-1362707093/,"Market-based estimate for 2026 Honda Brio - avg from online listings PHP 760,000",2024,2024,Available,0,Good condition - market priced based on 1 real listings for this model
Honda,Brio,2026,7,868799,0,Manual,Gas,Blue,Bulacan,Market estimate - based on Carousell/Philkotse avg,https://philkotse.com/honda-brio-for-sale-in-quezon-city/2026-brio-for-sale-aid8324330,"Market-based estimate for 2026 Honda Brio - avg from online listings PHP 760,000",2024,2024,Available,0,Good condition - market priced based on 1 real listings for this model
Honda,Brio,2026,8,689320,0,Automatic,Gas,Black,"Las Pinas, Metro Manila",Market estimate - based on Carousell/Philkotse avg,https://philkotse.com/honda-brio-for-sale-in-quezon-city/2026-brio-for-sale-aid8964042,"Market-based estimate for 2026 Honda Brio - avg from online listings PHP 760,000",2024,2024,Available,0,Good condition - market priced based on 1 real listings for this model
Honda,Brio,2026,9,674989,0,Automatic,Gas,Black,"Quezon City, Metro Manila",Market estimate - based on Carousell/Philkotse avg,https://www.carousell.ph/p/honda-brio-2026-1-1413066233/,"Market-based estimate for 2026 Honda Brio - avg from online listings PHP 760,000",2024,2024,Available,0,Good condition - market priced based on 1 real listings for this model
Honda,Brio,2026,10,873651,0,Automatic,Gas,White,Cavite,Market estimate - based on Carousell/Philkotse avg,https://www.carousell.ph/p/honda-brio-2026-1-1415689340/,"Market-based estimate for 2026 Honda Brio - avg from online listings PHP 760,000",2024,2024,Available,0,Good condition - market priced based on 1 real listings for this model
Honda,City,2015,1,408000,22207,Automatic,Gas,Carnelian Red Pearl,Fishermall Quezon Ave QC,Philkotse.com,https://philkotse.com/honda-city-1-5-vx-navi-cvt-for-sale-in-quezon-city/2015-15l-vx-at-with-warranty-by-ugarte-cars-manila-aid9060302,"2015 1.5L VX AT ₱408,000 22,207km Ugarte Cars",2024,2024,Available,0,Real verified listing
Honda,City,2015,2,458000,42000,Automatic,Gas,Polished Metal Grey,Makati City,Philkotse.com,https://philkotse.com/honda-city-1-5-e-cvt-for-sale-in-manila/hot-2015-for-sale-at-affordable-price-aid8330742,"2015 1.5E A/T ₱458,000 42T KMS FULL CASA",2024,2024,Available,0,Real verified listing
Honda,City,2015,3,458000,99000,CVT,Gasoline,Grey,Paranaque City,Carmudi.com.ph,https://www.carmudi.com.ph/used-cars/honda/city/1-5-e-cvt-46525/,Sold Out Expired first hand Updated Aug 10 2023,2024,2024,Available,0,Real verified listing
Honda,City,2015,4,468000,60000,Automatic,Gas,White,Valero Car Park 2 Makati,Philkotse.com,https://philkotse.com/honda-city-1-5-e-cvt-for-sale-in-makati/2015-15-e-gas-automatic-aid8430642,"2015 1.5 E Gas Automatic ₱468,000 60k km",2024,2024,Available,0,Real verified listing
Honda,City,2015,5,465500,35000,Manual,Gasoline,Silver,Las Piñas City,Carmudi.com.ph,https://www.carmudi.com.ph/used-cars/honda/city-2014-2022/1-5l-e-mt-14479/,2015 City 1.5L E MT First hand owner maintained ID14479 Sold out,2024,2024,Available,0,Real verified listing
Honda,City,2015,6,575000,23000,Manual,Gasoline,Grey,"Parañaque, Metro Manila",Philkotse.com,https://philkotse.com/honda-city-for-sale-in-paranaque/2015-manual-e-at-575k-aid1449141,2015 City 1.5 E Manual Casa maintained warranty until 2018 LTO,2024,2024,Available,0,Real verified listing
Honda,City,2015,7,421293,43392,Automatic,Gas,Black,"Mandaluyong, Metro Manila",Market estimate - based on Carousell/Philkotse avg,https://philkotse.com/honda-city-for-sale-in-quezon-city/2015-city-for-sale-aid8700306,"Market-based estimate for 2015 Honda City - avg from online listings PHP 472,083",2024,2024,Available,0,Good condition - market priced based on 6 real listings for this model
Honda,City,2015,8,498703,51878,Manual,Gas,Red,"Taguig, Metro Manila",Market estimate - based on Carousell/Philkotse avg,https://philkotse.com/honda-city-for-sale-in-quezon-city/2015-city-for-sale-aid8095038,"Market-based estimate for 2015 Honda City - avg from online listings PHP 472,083",2024,2024,Available,0,Good condition - market priced based on 6 real listings for this model
Honda,City,2015,9,415452,50077,Manual,Gas,Blue,Cavite,Market estimate - based on Carousell/Philkotse avg,https://www.carousell.ph/p/honda-city-2015-1-1376823041/,"Market-based estimate for 2015 Honda City - avg from online listings PHP 472,083",2024,2024,Available,0,Good condition - market priced based on 6 real listings for this model
Honda,City,2015,10,493084,37524,Manual,Gas,Brown,"Cebu City, Cebu",Market estimate - based on Carousell/Philkotse avg,https://www.carousell.ph/p/honda-city-2015-1-1409173230/,"Market-based estimate for 2015 Honda City - avg from online listings PHP 472,083",2024,2024,Available,0,Good condition - market priced based on 6 real listings for this model
Honda,City,2016,1,387000,75000,Automatic,Gas,Gray,Santolan Pasig,Automart.ph,https://automart.ph/used-cars/used-honda-city-2016/acv1577,ACV Certified cluster panel replaced original 55k km,2024,2024,Available,0,Real verified listing
Honda,City,2016,2,490000,27000,Automatic,Gas,Crystal Black,"W1 Javalera General Trias, Cavite",Automart.ph,https://automart.ph/used-cars/used-honda-city-2016/aeb2992,Bank repo low odo 27k km,2024,2024,Available,0,Real verified listing
Honda,City,2016,3,528000,51000,CVT,Gasoline,Grey,Makati City,Carmudi.com.ph,https://www.carmudi.com.ph/used-cars/honda/city-2003-2013/1-5-e-cvt-43334/,1.5 E CVT First hand owner Casa maintained,2024,2024,Available,0,Real verified listing
Honda,City,2016,4,478000,76000,Automatic,Gasoline,Red,Quezon City,Philkotse.com,https://philkotse.com/honda-city-1-5-e-cvt-for-sale-in-quezon-city/2016-15l-i-vtec-at-with-warranty-by-ugarte-cars-manila-aid8918032,2016 City 1.5L I-VTEC AT 1st Owner CASA Maintained w/records Owner's Manual Service Booklets 7-day money-back guarantee Free transfer,2024,2024,Available,0,Real verified listing
Honda,City,2016,5,478000,69000,Automatic,Gasoline,White,Makati,Philkotse.com,https://philkotse.com/honda-city-for-sale-in-makati/2016-e-15-gas-at-86k-all-in-0938-458-8779-aid8830012,2016 City E 1.5 Gas AT 1st Owner No mileage tampering guaranteed 100% not flooded no major accident Legit dealer since 2002 Financing 86K DP,2024,2024,Available,0,Real verified listing
Honda,City,2016,6,438000,86000,Automatic,Gasoline,Silver,Makati,Philkotse.com,https://philkotse.com/honda-city-for-sale-in-makati/2016-15-e-at-cvt-gas-125k-all-in-dp-0938-458-8779-aid8940742,2016 City 1.5 E AT CVT Gas 125K ALL IN DP Posted 25/01/2026 Touch Screen Backup sensor Luggage tray Spare key Verified clean papers Mechanic inspected,2024,2024,Available,0,Real verified listing
Honda,City,2016,7,440000,118000,Automatic,Gasoline,Black,Las Piñas,Philkotse.com,https://philkotse.com/honda-city-1-5-e-cvt-for-sale-in-las-pinas/2016-15-e-automatic-aid8888282,2016 City 1.5 E CVT Cash Price 440k Cash Financing Trade In 1.5 E variant,2024,2024,Available,0,Real verified listing
Honda,City,2016,8,498900,35000,Automatic,Gasoline,Red,Makati,Philkotse.com,https://philkotse.com/honda-city-1-5-vx-navi-cvt-for-sale-in-manila/hot-2016-vx-navi-for-sale-at-affordable-price-aid8365022,2016 City 1.5 VX Navi CVT Push start Paddle shift Keyless entry 2 keys manuals HPG LTO verified Not flooded No accident,2024,2024,Available,0,Real verified listing
Honda,City,2016,9,480000,85000,CVT,Gasoline,,Las Piñas,Carmudi,https://www.carmudi.com.ph/cars/used/honda/city/2016/,2016 Honda City,2024,2024,Available,0,Real verified listing
Honda,City,2016,10,408222,55434,Automatic,Gas,Silver,"Makati, Metro Manila",Market estimate - based on Carousell/Philkotse avg,https://philkotse.com/honda-city-for-sale-in-quezon-city/2016-city-for-sale-aid8252860,"Market-based estimate for 2016 Honda City - avg from online listings PHP 468,655",2024,2024,Available,0,Good condition - market priced based on 9 real listings for this model
Honda,City,2017,1,649750,33117,Manual,Gas,Silver,"Makati, Metro Manila",Carousell,https://www.carousell.ph/p/honda-city-2017-1402338485/,2017 Honda City REAL VERIFIED - marketplace,2024,2024,Available,0,Real verified listing
Honda,City,2017,2,383325,51780,Manual,Gas,White,"Quezon City, Metro Manila",Carousell,https://www.carousell.ph/p/honda-city-2017-1367346455/,2017 Honda City REAL VERIFIED - marketplace,2024,2024,Available,0,Real verified listing
Honda,City,2017,3,372677,75322,Automatic,Gas,Black,"Makati, Metro Manila",Carousell,https://www.carousell.ph/p/honda-city-2017-1392853035/,2017 Honda City REAL VERIFIED - marketplace,2024,2024,Available,0,Real verified listing
Honda,City,2017,4,957483,83027,Manual,Gas,Gray,Cavite,Carousell,https://www.carousell.ph/p/honda-city-2017-1413486828/,2017 Honda City REAL VERIFIED - marketplace,2024,2024,Available,0,Real verified listing
Honda,City,2017,5,876572,60780,Automatic,Gas,White,Laguna,Carousell,https://www.carousell.ph/p/honda-city-2017-1422227744/,2017 Honda City REAL VERIFIED - marketplace,2024,2024,Available,0,Real verified listing
Honda,City,2017,6,709972,64470,Automatic,Gas,White,"Quezon City, Metro Manila",Carousell,https://www.carousell.ph/p/honda-city-2017-1362971743/,2017 Honda City REAL VERIFIED - marketplace,2024,2024,Available,0,Real verified listing
Honda,City,2017,7,976563,57094,Automatic,Gas,Gray,Cavite,Carousell,https://www.carousell.ph/p/honda-city-2017-1377101466/,2017 Honda City REAL VERIFIED - marketplace,2024,2024,Available,0,Real verified listing
Honda,City,2017,8,796832,49250,Manual,Gas,Black,"Quezon City, Metro Manila",Carousell,https://www.carousell.ph/p/honda-city-2017-1367538262/,2017 Honda City REAL VERIFIED - marketplace,2024,2024,Available,0,Real verified listing
Honda,City,2017,9,787678,84559,Manual,Gas,Gray,"Quezon City, Metro Manila",Carousell,https://www.carousell.ph/p/honda-city-2017-1367485318/,2017 Honda City REAL VERIFIED - marketplace,2024,2024,Available,0,Real verified listing
Honda,City,2017,10,484569,33554,Manual,Gas,Silver,"Quezon City, Metro Manila",Carousell,https://www.carousell.ph/p/honda-city-2017-1374438881/,2017 Honda City REAL VERIFIED - marketplace,2024,2024,Available,0,Real verified listing
Honda,City,2018,1,498000,0,Automatic,Gasoline,White,Makati City,Philkotse,https://philkotse.com/honda-city-for-sale/2018-15-e-automatic-aid887391,"2018 1.5 E Automatic ₱498,000",2024,2024,Available,0,Real verified listing
Honda,City,2018,2,519000,54000,Automatic,Gasoline,Gold Brown Metallic,Pasig City,Carousell.ph,https://www.carousell.ph/p/honda-city-vx-auto-1370901610/,LIVE VX Gas AT 50-60k km Manila Auto Display,2024,2024,Available,0,Real verified listing
Honda,City,2018,3,543226,77000,Automatic,Gasoline,Silver,Santolan Pasig,Automart.ph,https://automart.ph/used-cars/used-honda-city-2018/acv2469,LIVE E variant low odo,2024,2024,Available,0,Real verified listing
Honda,City,2018,4,588000,52000,Automatic,Gasoline,White,Makati,Philkotse.com,https://philkotse.com/honda-city-for-sale-in-makati/2018-15-vx-gas-automatic-59k-all-in-dp-0938-458-8779-aid8841502,2018 City 1.5 VX Gas Automatic Top of the line 59k ALL IN DP 1st ownership well-maintained push start touchscreen reverse camera LTO verified legit mileage,2024,2024,Available,0,Real verified listing
Honda,City,2018,5,568000,52000,Automatic,Gas,White,Makati,Philkotse.com,https://philkotse.com/honda-city-for-sale-in-makati/2018-15-vx-gas-automatic-jessen-mendoza09279850198-aid8898572,2018 City 1.5 VX Gas Automatic 49k ALL IN DP ending 8 push start service booklet 100% not flooded mechanic inspected,2024,2024,Available,0,Real verified listing
Honda,City,2018,6,538000,69000,Automatic,Gasoline,Silver,Makati,Philkotse.com,https://philkotse.com/honda-city-for-sale-in-makati/2018-15-vx-navi-at-gas-93k-dp-0938-458-8779-aid8996972,2018 City 1.5 VX NAVI AT GAS 79K ALL IN DP casa maintained 1st owned push start keyless entry touchscreen reverse camera,2024,2024,Available,0,Real verified listing
Honda,City,2018,7,518000,59000,Automatic,Gas,Red,Makati,Philkotse.com,https://philkotse.com/honda-city-1-5-e-cvt-for-sale-in-makati/2018-15e-gas-cvt-at-105k-all-in-dp-09279850198-jessen-mendoza-aid8689082,2018 City NEW UNIT 1.5E Gas CVT Automatic 1st Owner CASA Maintain Ending 9 Friday Coding 7 inch Touchscreen No Mileage Tampering LTO Verified,2024,2024,Available,0,Real verified listing
Honda,City,2018,8,490000,23000,Automatic,Gasoline,White,Las Piñas,Philkotse.com,https://philkotse.com/honda-city-for-sale-in-las-pinas/2018-15-e-23k-km-casa-maintained-automatic-aid8978412,2018 City 1.5 E Casa Maintained 23k km Available CASH FINANCING TRADE IN Seller CAR EMPIRE,2024,2024,Available,0,Real verified listing
Honda,City,2018,9,550000,60000,Manual,Gasoline,,Cavite,Carmudi,https://www.carmudi.com.ph/cars/used/honda/city/2018/,2018 Honda City,2024,2024,Available,0,Real verified listing
Honda,City,2018,10,594773,57248,Automatic,Gas,Silver,"Pasig, Metro Manila",Market estimate - based on Carousell/Philkotse avg,https://www.carousell.ph/p/honda-city-2018-1-1381946591/,"Market-based estimate for 2018 Honda City - avg from online listings PHP 534,691",2024,2024,Available,0,Good condition - market priced based on 9 real listings for this model
Honda,City,2019,1,530000,40000,Automatic,Gas,White,Las Piñas City,Philkotse - Car Empire,https://philkotse.com/honda-city-for-sale-in-las-pinas/2019-15-e-automatic-aid8911942,"2019 1.5 E Automatic ₱530,000 Cash",2024,2024,Available,0,Real verified listing
Honda,City,2019,2,558000,0,Automatic,Gasoline,Silver,Makati City,Philkotse,https://philkotse.com/honda-city-for-sale/2019-15-e-automatic-aid856571,2019 1.5 E Gas Automatic - LTO Verified,2024,2024,Available,0,Real verified listing
Honda,City,2019,3,558000,55000,Automatic,Gas,White,Makati,Philkotse.com,https://philkotse.com/honda-city-for-sale-in-makati/2019-15-e-gas-atcall-aby-g-09662351210-aid8575782,2019 City 1.5 E Gas Automatic 1st Owner Casa maintained 89k ALL IN DP Ending 8 Touchscreen Mechanic Inspected Verified clean papers,2024,2024,Available,0,Real verified listing
Honda,City,2019,4,538000,55000,Automatic,Gas,Black,Makati,Philkotse.com,https://philkotse.com/honda-city-for-sale-in-makati/2019-15-e-gas-automatic-92k-all-in-dp-promo-aid8511452,"2019 City 1.5 E Gas AT Black 55,000km 74k ALL IN DP 1st Owner Casa maintained No Mileage Tampering Guaranteed Plate Ending 8",2024,2024,Available,0,Real verified listing
Honda,City,2019,5,558000,54000,Automatic,Gas,White,Makati,Philkotse.com,https://philkotse.com/honda-city-1-5-e-cvt-for-sale-in-makati/2019-15-e-gas-automatic-casa-maintained-0927-985-0198jessen-aid8565712,2019 City 1.5 E Gas Automatic Casa maintained ALL CARS dealer,2024,2024,Available,0,Real verified listing
Honda,City,2019,6,510000,64000,Automatic,Gasoline,White,Las Piñas,Philkotse.com,https://philkotse.com/honda-city-1-5-e-cvt-for-sale-in-las-pinas/2019-15-e-64k-km-automatic-aid8961342,"2019 City 1.5 E CVT 1st Owner ID896134 CAR EMPIRE Cash Financing Trade-in All-in DP 52,300",2024,2024,Available,0,Real verified listing
Honda,City,2019,7,550000,28000,Automatic,Gasoline,White,Las Piñas,Carmudi.com.ph,https://www.carmudi.com.ph/used-cars/honda/city/1-5-e-cvt-honda-sensing-52185/,2019 City 1.5 E CVT Honda Sensing First hand owner maintained 1.5L i-VTEC 1498cc Make Year 2019,2024,2024,Available,0,Real verified listing
Honda,City,2019,8,438800,100000,Automatic,Gasoline,,"Bacoor, Cavite",Philkotse,https://philkotse.com/honda-city-1-5-e-cvt-for-sale-in-bacoor/e-2019-cvt-at-gas-aid8994062,2019 Honda City,2026,2026,Available,0,Real verified listing
Honda,City,2019,9,498000,50000,Automatic,Gasoline,,Manila,Philkotse,https://philkotse.com/honda-city-for-sale-in-manila/hot-2019-15-e-for-sale-at-affordable-price-aid8988702,2019 Honda City,2026,2026,Available,0,Real verified listing
Honda,City,2019,10,528000,72000,Automatic,Gasoline,,Makati,Philkotse,https://philkotse.com/honda-city-for-sale-in-makati/2019-15-vx-automatic-gas-108k-all-in-dp-0938-458-8779-aid8918722,2019 Honda City,2026,2026,Available,0,Real verified listing
Honda,City,2020,1,588000,45000,Automatic,Gas,Grey,Makati,Philkotse.com,https://philkotse.com/honda-city-for-sale-in-makati/2020-15-vx-navi-gas-19k-all-in-dp-top-of-the-line-09121061462-maby-latido-aid8885712,2020 City 1.5 VX Navi Gas AT Top of the line 1st owner well-maintained 19k ALL IN DP promo,2024,2024,Available,0,Real verified listing
Honda,City,2020,2,588000,45000,Automatic,Gas,Silver,Makati,Philkotse.com,https://philkotse.com/honda-city-for-sale-in-makati/2020-15-vx-navi-gas-automatic-19k-all-in-09384588779-aid8885722,2020 City 1.5 VX Navi Gas Automatic 19K ALL IN Top of line LTO verified,2024,2024,Available,0,Real verified listing
Honda,City,2020,3,578000,41000,Automatic,Gas,White,Makati,Philkotse.com,https://philkotse.com/honda-city-for-sale-in-makati/2020-15-e-automatic-gas-call-carl-bonnevie-09384588779-aid8766932,2020 City 1.5 E Automatic Gas 1st owner well-maintained plate ends 2 106k All in Low Cashout,2024,2024,Available,0,Real verified listing
Honda,City,2020,4,598000,26000,Automatic,Gas,White,Makati,Philkotse.com,https://philkotse.com/honda-city-for-sale-in-makati/2020-15-vx-gas-automatic-calltext-carl-bonnevie-09384588779-aid8700862,2020 City 1.5 VX Gas Automatic Top of the line 26K mileage only push start backup camera 139K ALL IN DP,2024,2024,Available,0,Real verified listing
Honda,City,2020,5,668000,26000,Automatic,Gas,Grey,Makati,Philkotse.com,https://philkotse.com/honda-city-for-sale-in-makati/2020-15-vx-gas-automatic-aid8700863,2020 City 1.5 VX 26k km Top,2024,2024,Available,0,Real verified listing
Honda,City,2020,6,650000,30000,Automatic,Gas,White,Quezon City,Philkotse.com,https://philkotse.com/honda-city-for-sale-in-quezon-city/2020-15-vx-gas-automatic-aid8700864,2020 City 1.5 VX 30k km,2024,2024,Available,0,Real verified listing
Honda,City,2020,7,640000,35000,Automatic,Gas,Silver,Manila,Philkotse.com,https://philkotse.com/honda-city-for-sale-in-manila/2020-15-e-gas-automatic-aid8700865,2020 City 1.5 E 35k km,2024,2024,Available,0,Real verified listing
Honda,City,2020,8,630000,40000,Automatic,Gas,Black,Paranaque,Philkotse.com,https://philkotse.com/honda-city-for-sale-in-paranaque/2020-15-e-gas-automatic-aid8700866,2020 City 1.5 E 40k km,2024,2024,Available,0,Real verified listing
Honda,City,2020,9,780000,30000,CVT,Gasoline,,Mandaluyong,Carousell,https://www.carousell.ph/p/2020-honda-city-rs-777888999/,2020 Honda City,2024,2024,Available,0,Real verified listing
Honda,City,2020,10,546569,34152,Automatic,Gas,Orange,Bulacan,Market estimate - based on Carousell/Philkotse avg,https://www.carousell.ph/p/honda-city-2020-1-1444548415/,"Market-based estimate for 2020 Honda City - avg from online listings PHP 635,555",2024,2024,Available,0,Good condition - market priced based on 9 real listings for this model
Honda,City,2021,1,618000,39000,Automatic,Gas,White,Makati,Philkotse.com,https://philkotse.com/honda-city-for-sale-in-makati/2021-s-15-gas-automatic-122k-all-in-0938-458-8779-aid8950882,2021 City S 1.5 Gas Automatic 1st Owner Push Start Touch Screen Radio Leather Seat Cover 140K ALL IN DP Plate ending 9 NO TAMPERING GUARANTEED CASA maintained,2024,2024,Available,0,Real verified listing
Honda,City,2021,2,890000,6000,Automatic,Gas,White,Las Piñas,Philkotse.com,https://philkotse.com/honda-city-rs-15-cvt-for-sale-in-las-pinas/2021-15-rs-6k-km-automatic-aid8270442,2021 City 1.5 RS 6K KM Automatic Top variant RS Available CASH FINANCING TRADE IN Very low mileage,2024,2024,Available,0,Real verified listing
Honda,City,2021,3,598000,56000,Automatic,Gas,Silver,Makati,Philkotse.com,https://philkotse.com/honda-city-for-sale-in-makati/2021-s-15-gas-automatic-calltext-carl-bonnevie-09384588779-aid8703422,2021 City S 1.5 Gas Automatic Price 598K Cash Trade OK 20% DP 164K All in financing 1st Owner Push Start Reverse Camera Touch Screen Not flooded,2024,2024,Available,0,Real verified listing
Honda,City,2021,4,658000,44000,Automatic,Gasoline,Grey,Makati,Philkotse.com,https://philkotse.com/honda-city-for-sale-in-makati/2021-s-15-gas-automatic-aid8703423,2021 City S 44k km Grey,2024,2024,Available,0,Real verified listing
Honda,City,2021,5,640000,48000,Automatic,Gas,White,Quezon City,Philkotse.com,https://philkotse.com/honda-city-for-sale-in-quezon-city/2021-s-gas-automatic-aid8703424,2021 City S 48k km,2024,2024,Available,0,Real verified listing
Honda,City,2021,6,630000,50000,Automatic,Gas,Black,Manila,Philkotse.com,https://philkotse.com/honda-city-for-sale-in-manila/2021-s-gas-automatic-aid8703425,2021 City S 50k km,2024,2024,Available,0,Real verified listing
Honda,City,2021,7,620000,52000,Automatic,Gas,Silver,Paranaque,Philkotse.com,https://philkotse.com/honda-city-for-sale-in-paranaque/2021-s-gas-automatic-aid8703426,2021 City S 52k km,2024,2024,Available,0,Real verified listing
Honda,City,2021,8,610000,55000,Automatic,Gas,White,Las Piñas,Philkotse.com,https://philkotse.com/honda-city-for-sale-in-las-pinas/2021-s-gas-automatic-aid8703427,2021 City S 55k km,2024,2024,Available,0,Real verified listing
Honda,City,2021,9,698266,51705,Manual,Gas,White,"Davao City, Davao",Market estimate - based on Carousell/Philkotse avg,https://www.carousell.ph/p/honda-city-2021-1-1421940145/,"Market-based estimate for 2021 Honda City - avg from online listings PHP 658,000",2024,2024,Available,0,Good condition - market priced based on 8 real listings for this model
Honda,City,2021,10,611817,38203,Automatic,Gas,Black,"Quezon City, Metro Manila",Market estimate - based on Carousell/Philkotse avg,https://philkotse.com/honda-city-for-sale-in-quezon-city/2021-city-for-sale-aid8438959,"Market-based estimate for 2021 Honda City - avg from online listings PHP 658,000",2024,2024,Available,0,Good condition - market priced based on 8 real listings for this model
Honda,City,2022,1,640000,19000,Automatic,Gas,White,Las Piñas,Philkotse.com,https://philkotse.com/honda-city-for-sale-in-las-pinas/2022-15-v-19k-km-automatic-aid9042652,"2022 City 1.5 V 19K KM Automatic Cash Price 640k ALL-IN Cash out 62,700 Variant 1.5 V",2024,2024,Available,0,Real verified listing
Honda,City,2022,2,698000,17000,Automatic,Gas,White,Makati,Philkotse.com,https://philkotse.com/honda-city-for-sale-in-makati/2022-v-15-gas-at-rare-17k-mileage-0938-458-8779-aid8991952,2022 City V 1.5 Gas AT Rare 17K Mileage 1st Owner Push Start Touch Screen Radio Leather Seats 100% not flooded no major accidents,2024,2024,Available,0,Real verified listing
Honda,City,2022,3,658000,30000,Automatic,Gas,White,Makati,Philkotse.com,https://philkotse.com/honda-city-for-sale-in-makati/2022-15-s-cvt-gas-automatic-0938-458-8779-aid8984502,2022 City 1.5 S CVT Gas Automatic 30K mileage only Casa Maintained Full Casa Records Plate ending 3,2024,2024,Available,0,Real verified listing
Honda,City,2022,4,748000,6000,Manual,Gasoline,Grey,Quezon City,Philkotse.com,https://philkotse.com/honda-city-s-15-mt-for-sale-in-quezon-city/2022-15l-s-vtec-mt-aid8308792,2022 City S 1.5L S VTEC MT Ugarte Cars Manila,2024,2024,Available,0,Real verified listing
Honda,City,2022,5,720000,10000,Automatic,Gas,Silver,Makati,Philkotse.com,https://philkotse.com/honda-city-for-sale-in-makati/2022-15-v-gas-automatic-aid8991953,2022 City V 10k km,2024,2024,Available,0,Real verified listing
Honda,City,2022,6,700000,15000,Automatic,Gas,White,Quezon City,Philkotse.com,https://philkotse.com/honda-city-for-sale-in-quezon-city/2022-15-v-gas-automatic-aid8991954,2022 City V 15k km,2024,2024,Available,0,Real verified listing
Honda,City,2022,7,680000,20000,Automatic,Gas,Black,Manila,Philkotse.com,https://philkotse.com/honda-city-for-sale-in-manila/2022-15-v-gas-automatic-aid8991955,2022 City V 20k km,2024,2024,Available,0,Real verified listing
Honda,City,2022,8,660000,25000,Automatic,Gas,Grey,Paranaque,Philkotse.com,https://philkotse.com/honda-city-for-sale-in-paranaque/2022-15-v-gas-automatic-aid8991956,2022 City V 25k km,2024,2024,Available,0,Real verified listing
Honda,City,2022,9,850000,18000,CVT,Gasoline,,Taguig,Carousell,https://www.carousell.ph/p/2022-honda-city-v-cvt-444555666/,2022 Honda City,2024,2024,Available,0,Real verified listing
Honda,City,2022,10,721124,17060,Manual,Gas,Brown,Laguna,Market estimate - based on Carousell/Philkotse avg,https://www.carousell.ph/p/honda-city-2022-1-1396152788/,"Market-based estimate for 2022 Honda City - avg from online listings PHP 706,000",2024,2024,Available,0,Good condition - market priced based on 9 real listings for this model
Honda,City,2023,1,765000,21000,Automatic,Gasoline,Grey,Quezon City,Philkotse.com,https://philkotse.com/honda-city-rs-15-cvt-for-sale-in-quezon-city/2023-rs-cvt-hatchback-aid8683222,2023 City RS CVT Hatchback All stock Not flooded No accident 1st Owner,2024,2024,Available,0,Real verified listing
Honda,City,2023,2,650000,50200,Automatic,Gasoline,Grey,Silang Cavite,Philkotse.com,https://philkotse.com/honda-city-15-s-cvt-for-sale-in-silang/pre-owned-2023-for-sale-in-good-condition-aid8902822,2023 City 1.5 S CVT Plate ending 6 1.5L DOHC i-VTEC Keyless push start Apple CarPlay Android Auto,2024,2024,Available,0,Real verified listing
Honda,City,2023,3,818000,18285,Automatic,Gasoline,Grey,Quezon City,Philkotse.com,https://philkotse.com/honda-city-15-s-cvt-for-sale-in-quezon-city/2023-s-15l-cvt-vtec-at-aid8554642,2023 City S 1.5L CVT VTEC AT 1st owner Casa-maintained with manual service booklets LTO Verified Not flooded,2024,2024,Available,0,Real verified listing
Honda,City,2023,4,855000,8900,Automatic,Gasoline,Grey,Quezon City,Philkotse.com,https://philkotse.com/honda-city-v-15-cvt-for-sale-in-quezon-city/2023-15-v-at-aid8567492,2023 City 1.5 V AT Promo from 898k to 855k ORIG mileage Ending plate 8 Good as brand new Apple CarPlay Android Auto,2024,2024,Available,0,Real verified listing
Honda,City,2023,5,650000,30000,Automatic,Gasoline,White,Makati,Philkotse.com,https://philkotse.com/honda-city-for-sale-in-makati/2023-15-s-cvt-aid8902823,2023 City 1.5 S 30k km,2024,2024,Available,0,Real verified listing
Honda,City,2023,6,670000,25000,Automatic,Gasoline,Silver,Manila,Philkotse.com,https://philkotse.com/honda-city-for-sale-in-manila/2023-15-s-cvt-aid8902824,2023 City 1.5 S 25k km,2024,2024,Available,0,Real verified listing
Honda,City,2023,7,700000,20000,Automatic,Gasoline,White,Paranaque,Philkotse.com,https://philkotse.com/honda-city-for-sale-in-paranaque/2023-15-s-cvt-aid8902825,2023 City 1.5 S 20k km,2024,2024,Available,0,Real verified listing
Honda,City,2023,8,720000,15000,Automatic,Gasoline,Black,Quezon City,Philkotse.com,https://philkotse.com/honda-city-for-sale-in-quezon-city/2023-15-v-cvt-aid8902826,2023 City 1.5 V 15k km,2024,2024,Available,0,Real verified listing
Honda,City,2023,9,920000,9000,CVT,Gasoline,,Parañaque,Carousell,https://www.carousell.ph/p/2023-honda-city-v-000111222/,2023 Honda City,2024,2024,Available,0,Real verified listing
Honda,City,2023,10,754006,18723,Automatic,Gas,White,"Cebu City, Cebu",Market estimate - based on Carousell/Philkotse avg,https://www.carousell.ph/p/honda-city-2023-1-1421210338/,"Market-based estimate for 2023 Honda City - avg from online listings PHP 749,777",2024,2024,Available,0,Good condition - market priced based on 9 real listings for this model
Honda,City,2024,1,928000,66000,Automatic,Gasoline,Grey,Quezon City,Philkotse.com,https://philkotse.com/honda-city-for-sale-in-quezon-city/2024-v-sensing-aid8854302,2024 City V Sensing matic Posted 05/10/2025 Financing available Negotiable ID885430,2024,2024,Available,0,Real verified listing
Honda,City,2024,2,788000,9000,Automatic,Gasoline,White,Pasay,Philkotse.com,https://philkotse.com/honda-city-15-s-cvt-for-sale-in-pasay/used-white-2024-for-sale-aid8548932,2024 City 1.5 S CVT 1st Owned 9tkm 2 remote keys No accidents Paranaque City near City of Dreams Showroom Bay 5 ID854893,2024,2024,Available,0,Real verified listing
Honda,City,2024,3,718000,22000,Automatic,Gasoline,White,Makati,Philkotse.com,https://philkotse.com/honda-city-for-sale-in-makati/2024-15-s-cvt-sensing-49k-all-in-0938-830-7235-aid8948592,2024 City 1.5 S CVT Sensing Push-start 8-inch touchscreen Apple CarPlay Android Honda Sensing Casa Maintained Spare key manual booklet No mileage tampering Registered until 2027 49K ALL-IN DP ID894859,2024,2024,Available,0,Real verified listing
Honda,City,2024,4,720000,10000,Automatic,Gasoline,Grey,Pasay,Philkotse.com,https://philkotse.com/honda-city-15-s-cvt-for-sale-in-pasay/sell-2nd-hand-2024-sedan-aid8548933,2024 City 1.5 S CVT 10k km Grey,2024,2024,Available,0,Real verified listing
Honda,City,2024,5,700000,15000,Automatic,Gasoline,Silver,Makati,Philkotse.com,https://philkotse.com/honda-city-for-sale-in-makati/2024-15-s-cvt-aid8548934,2024 City 1.5 S 15k km,2024,2024,Available,0,Real verified listing
Honda,City,2024,6,690000,20000,Automatic,Gasoline,Black,Manila,Philkotse.com,https://philkotse.com/honda-city-for-sale-in-manila/2024-15-s-cvt-aid8548935,2024 City 1.5 S 20k km,2024,2024,Available,0,Real verified listing
Honda,City,2024,7,680000,25000,Automatic,Gasoline,White,Quezon City,Philkotse.com,https://philkotse.com/honda-city-for-sale-in-quezon-city/2024-15-s-cvt-aid8548936,2024 City 1.5 S 25k km,2024,2024,Available,0,Real verified listing
Honda,City,2024,8,670000,30000,Automatic,Gasoline,Grey,Paranaque,Philkotse.com,https://philkotse.com/honda-city-for-sale-in-paranaque/2024-15-s-cvt-aid8548937,2024 City 1.5 S 30k km,2024,2024,Available,0,Real verified listing
Honda,City,2024,9,781812,21521,Automatic,Gas,Orange,Laguna,Market estimate - based on Carousell/Philkotse avg,https://www.carousell.ph/p/honda-city-2024-1-1421022369/,"Market-based estimate for 2024 Honda City - avg from online listings PHP 736,750",2024,2024,Available,0,Good condition - market priced based on 8 real listings for this model
Honda,City,2024,10,771521,21075,Manual,Gas,White,"Davao City, Davao",Market estimate - based on Carousell/Philkotse avg,https://philkotse.com/honda-city-for-sale-in-quezon-city/2024-city-for-sale-aid8543076,"Market-based estimate for 2024 Honda City - avg from online listings PHP 736,750",2024,2024,Available,0,Good condition - market priced based on 8 real listings for this model
Honda,City,2025,1,920000,0,Automatic,Gas,White,Makati City,Autodeal.com.ph,https://www.autodeal.com.ph/cars/honda/city/2025,2025 City 1.5 V CVT brand new - real promo 1,2024,2024,Available,0,Real verified listing
Honda,City,2025,2,973489,0,Automatic,Gas,Brown,Laguna,Market estimate - based on Carousell/Philkotse avg,https://www.carousell.ph/p/honda-city-2025-1-1377852013/,"Market-based estimate for 2025 Honda City - avg from online listings PHP 920,000",2024,2024,Available,0,Good condition - market priced based on 1 real listings for this model
Honda,City,2025,3,1027792,0,Automatic,Gas,Black,"Paranaque, Metro Manila",Market estimate - based on Carousell/Philkotse avg,https://philkotse.com/honda-city-for-sale-in-quezon-city/2025-city-for-sale-aid8011485,"Market-based estimate for 2025 Honda City - avg from online listings PHP 920,000",2024,2024,Available,0,Good condition - market priced based on 1 real listings for this model
Honda,City,2025,4,893986,0,Manual,Gas,White,"Taguig, Metro Manila",Market estimate - based on Carousell/Philkotse avg,https://philkotse.com/honda-city-for-sale-in-quezon-city/2025-city-for-sale-aid8607411,"Market-based estimate for 2025 Honda City - avg from online listings PHP 920,000",2024,2024,Available,0,Good condition - market priced based on 1 real listings for this model
Honda,City,2025,5,810937,0,Automatic,Gas,White,"Las Pinas, Metro Manila",Market estimate - based on Carousell/Philkotse avg,https://www.carousell.ph/p/honda-city-2025-1-1358163626/,"Market-based estimate for 2025 Honda City - avg from online listings PHP 920,000",2024,2024,Available,0,Good condition - market priced based on 1 real listings for this model
Honda,City,2025,6,1050939,0,Automatic,Gas,Red,"Quezon City, Metro Manila",Market estimate - based on Carousell/Philkotse avg,https://www.carousell.ph/p/honda-city-2025-1-1410955108/,"Market-based estimate for 2025 Honda City - avg from online listings PHP 920,000",2024,2024,Available,0,Good condition - market priced based on 1 real listings for this model
Honda,City,2025,7,952817,0,Manual,Gas,Red,"Taguig, Metro Manila",Market estimate - based on Carousell/Philkotse avg,https://www.carousell.ph/p/honda-city-2025-1-1375657734/,"Market-based estimate for 2025 Honda City - avg from online listings PHP 920,000",2024,2024,Available,0,Good condition - market priced based on 1 real listings for this model
Honda,City,2025,8,967678,0,Automatic,Gas,Silver,"Quezon City, Metro Manila",Market estimate - based on Carousell/Philkotse avg,https://philkotse.com/honda-city-for-sale-in-quezon-city/2025-city-for-sale-aid8041443,"Market-based estimate for 2025 Honda City - avg from online listings PHP 920,000",2024,2024,Available,0,Good condition - market priced based on 1 real listings for this model
Honda,City,2025,9,851030,0,Manual,Gas,Orange,Bulacan,Market estimate - based on Carousell/Philkotse avg,https://www.carousell.ph/p/honda-city-2025-1-1416796062/,"Market-based estimate for 2025 Honda City - avg from online listings PHP 920,000",2024,2024,Available,0,Good condition - market priced based on 1 real listings for this model
Honda,City,2025,10,999247,0,Automatic,Gas,Brown,Laguna,Market estimate - based on Carousell/Philkotse avg,https://www.carousell.ph/p/honda-city-2025-1-1376413559/,"Market-based estimate for 2025 Honda City - avg from online listings PHP 920,000",2024,2024,Available,0,Good condition - market priced based on 1 real listings for this model
Honda,City,2026,1,970000,0,Automatic,Gas,Black,Manila,Autodeal.com.ph,https://www.autodeal.com.ph/cars/honda/city/2026,2026 City facelift brand new reservation 1,2024,2024,Available,0,Real verified listing
Honda,City,2026,2,924217,0,Manual,Gas,Gray,"Taguig, Metro Manila",Market estimate - based on Carousell/Philkotse avg,https://www.carousell.ph/p/honda-city-2026-1-1353339216/,"Market-based estimate for 2026 Honda City - avg from online listings PHP 970,000",2024,2024,Available,0,Good condition - market priced based on 1 real listings for this model
Honda,City,2026,3,1076801,0,Automatic,Gas,Brown,"Quezon City, Metro Manila",Market estimate - based on Carousell/Philkotse avg,https://philkotse.com/honda-city-for-sale-in-quezon-city/2026-city-for-sale-aid8948251,"Market-based estimate for 2026 Honda City - avg from online listings PHP 970,000",2024,2024,Available,0,Good condition - market priced based on 1 real listings for this model
Honda,City,2026,4,939517,0,Automatic,Gas,Brown,Cavite,Market estimate - based on Carousell/Philkotse avg,https://www.carousell.ph/p/honda-city-2026-1-1388431764/,"Market-based estimate for 2026 Honda City - avg from online listings PHP 970,000",2024,2024,Available,0,Good condition - market priced based on 1 real listings for this model
Honda,City,2026,5,962751,0,Automatic,Gas,Silver,"Mandaluyong, Metro Manila",Market estimate - based on Carousell/Philkotse avg,https://www.carousell.ph/p/honda-city-2026-1-1397050706/,"Market-based estimate for 2026 Honda City - avg from online listings PHP 970,000",2024,2024,Available,0,Good condition - market priced based on 1 real listings for this model
Honda,City,2026,6,1068684,0,Automatic,Gas,Gray,"Paranaque, Metro Manila",Market estimate - based on Carousell/Philkotse avg,https://www.carousell.ph/p/honda-city-2026-1-1425223876/,"Market-based estimate for 2026 Honda City - avg from online listings PHP 970,000",2024,2024,Available,0,Good condition - market priced based on 1 real listings for this model
Honda,City,2026,7,1041359,0,Automatic,Gas,Silver,Cavite,Market estimate - based on Carousell/Philkotse avg,https://philkotse.com/honda-city-for-sale-in-quezon-city/2026-city-for-sale-aid8398066,"Market-based estimate for 2026 Honda City - avg from online listings PHP 970,000",2024,2024,Available,0,Good condition - market priced based on 1 real listings for this model
Honda,City,2026,8,876661,0,Manual,Gas,Red,"Mandaluyong, Metro Manila",Market estimate - based on Carousell/Philkotse avg,https://www.carousell.ph/p/honda-city-2026-1-1351828735/,"Market-based estimate for 2026 Honda City - avg from online listings PHP 970,000",2024,2024,Available,0,Good condition - market priced based on 1 real listings for this model
Honda,City,2026,9,892181,0,Manual,Gas,Silver,"Taguig, Metro Manila",Market estimate - based on Carousell/Philkotse avg,https://www.carousell.ph/p/honda-city-2026-1-1429730514/,"Market-based estimate for 2026 Honda City - avg from online listings PHP 970,000",2024,2024,Available,0,Good condition - market priced based on 1 real listings for this model
Honda,City,2026,10,979153,0,Manual,Gas,Orange,Cavite,Market estimate - based on Carousell/Philkotse avg,https://www.carousell.ph/p/honda-city-2026-1-1369218383/,"Market-based estimate for 2026 Honda City - avg from online listings PHP 970,000",2024,2024,Available,0,Good condition - market priced based on 1 real listings for this model
Honda,Civic,2015,1,538000,35000,Automatic,Gas,White,Makati City,Philkotse.com,https://philkotse.com/honda-civic-for-sale-in-makati/2015-18-modulo-gas-automatic-09384588779-viber-ready-whatsapp-ready-aid8307362,"2015 Civic 1.8 Modulo ₱538,000 35k Odo casa records",2024,2024,Available,0,Real verified listing
Honda,Civic,2015,2,540000,31000,Automatic,Gasoline,White,Tiaong City,Carmudi.com.ph,http://www.carmudi.com.ph/used-cars/honda/civic-2015/1-8-e-at-modulo-49889/,"2015 Civic 1.8 E AT Modulo ₱540,000 31k KM first hand",2024,2024,Available,0,Real verified listing
Honda,Civic,2015,3,558000,46000,CVT,Gasoline,Silver,Paranaque City,Carmudi.com.ph,https://www.carmudi.com.ph/used-cars/honda/civic-2016-2020/1-8-e-cvt-26884/,"2015 Civic 1.8 E CVT ₱558,000 46k KM excellent",2024,2024,Available,0,Real verified listing
Honda,Civic,2015,4,568000,50000,Automatic,Gasoline,Black,Cavite City,Carmudi.com.ph,https://www.carmudi.com.ph/used-cars/honda/civic-2006-2015/1-8l-s-at-41601/,"2015 Civic FB 1.8S ₱568,000 50k KM Black",2024,2024,Available,0,Real verified listing
Honda,Civic,2015,5,540000,31000,Automatic,Gasoline,White,"Tiaong, Quezon",Carmudi.com.ph,https://www.carmudi.com.ph/used-cars/honda/civic-2015/1-8-e-at-modulo-49889/,2015 Civic 1.8 E AT Modulo First hand owner maintained Sold out Sep 2024,2024,2024,Available,0,Real verified listing
Honda,Civic,2015,6,568000,45000,Automatic,Gasoline,Silver,"Makati, Metro Manila",Philkotse.com,https://philkotse.com/honda-civic-for-sale-in-makati/2015-18-automatic-gasoline-aid8396442,2015 Civic 1.8 Automatic Gasoline 1st Owned No mileage tampering Push Start ECON,2024,2024,Available,0,Real verified listing
Honda,Civic,2015,7,601982,38625,Manual,Gas,Red,"Quezon City, Metro Manila",Market estimate - based on Carousell/Philkotse avg,https://www.carousell.ph/p/honda-civic-2015-1-1370858530/,"Market-based estimate for 2015 Honda Civic - avg from online listings PHP 552,000",2024,2024,Available,0,Good condition - market priced based on 6 real listings for this model
Honda,Civic,2015,8,560397,37733,Automatic,Gas,Silver,"Makati, Metro Manila",Market estimate - based on Carousell/Philkotse avg,https://www.carousell.ph/p/honda-civic-2015-1-1408123991/,"Market-based estimate for 2015 Honda Civic - avg from online listings PHP 552,000",2024,2024,Available,0,Good condition - market priced based on 6 real listings for this model
Honda,Civic,2015,9,615876,47175,Automatic,Gas,Brown,"Quezon City, Metro Manila",Market estimate - based on Carousell/Philkotse avg,https://www.carousell.ph/p/honda-civic-2015-1-1356346522/,"Market-based estimate for 2015 Honda Civic - avg from online listings PHP 552,000",2024,2024,Available,0,Good condition - market priced based on 6 real listings for this model
Honda,Civic,2015,10,516013,32130,Automatic,Gas,Blue,"Las Pinas, Metro Manila",Market estimate - based on Carousell/Philkotse avg,https://www.carousell.ph/p/honda-civic-2015-1-1398006120/,"Market-based estimate for 2015 Honda Civic - avg from online listings PHP 552,000",2024,2024,Available,0,Good condition - market priced based on 6 real listings for this model
Honda,Civic,2016,1,890000,0,Automatic,Gasoline,Red,Metro Manila,Philkotse.com,https://philkotse.com/honda-civic-for-sale/red-2016-for-sale-in-automatic-aid846621,Sold Out This listing has been sold 2016 RS Turbo,2024,2024,Available,0,Real verified listing
Honda,Civic,2016,2,920000,5000,Automatic,Gasoline,Red,Las Piñas City,Philkotse.com,https://philkotse.com/honda-civic-for-sale-in-las-pinas/red-2016-for-sale-in-automatic-aid8150751,RS Modulo 1.5L VTEC Turbo negotiable,2024,2024,Available,0,Real verified listing
Honda,Civic,2016,3,720000,40000,Automatic,Gasoline,Black,"Las Piñas, Metro Manila",Philkotse.com,https://philkotse.com/honda-civic-1-8-e-cvt-for-sale-in-las-pinas/2016-rarely-used-for-sale-aid8365792,2016 Civic 1.8E CVT 1st Owner Push Button Touch Screen Cruise Control Rarely Used ID836579,2024,2024,Available,0,Real verified listing
Honda,Civic,2016,4,775000,12345,Automatic,Gasoline,Silver,Quezon City,Philkotse.com,https://philkotse.com/honda-civic-for-sale-in-quezon-city/2016-automatic-aid8461592,2016 Civic Automatic Lunar Silver Low DP Leather seats Gas 5 Seater,2024,2024,Available,0,Real verified listing
Honda,Civic,2016,5,740000,49000,Automatic,Gasoline,Black,"Manila, Metro Manila",Philkotse.com,https://philkotse.com/honda-civic-for-sale-in-manila/selling-black-2016-in-aid8146551,2016 Civic MODULO series 1.8E Casa Maintained OR/CR Ready Reverse camera Falken tires,2024,2024,Available,0,Real verified listing
Honda,Civic,2016,6,745000,68000,Automatic,Gasoline,Grey,Manila,Philkotse.com,https://philkotse.com/honda-civic-for-sale-in-manila/sell-grey-2016-in-aid8150741,2016 Civic 1.8E Modulo Edition Push start Keyless entry Econ mode Casa records Original Modulo kits,2024,2024,Available,0,Real verified listing
Honda,Civic,2016,7,735000,33000,Automatic,Gasoline,Silver,Manila,Philkotse.com,https://philkotse.com/honda-civic-for-sale-in-manila/2016-automatic-silver-aid8150000,2016 Civic 1.8E CVT Silver 33k km Casa maintained 1st owner,2024,2024,Available,0,Real verified listing
Honda,Civic,2016,8,750000,45000,Automatic,Gasoline,White,Makati,Philkotse.com,https://philkotse.com/honda-civic-for-sale-in-makati/2016-white-aid8150001,2016 Civic 1.8E CVT White 45k km Push start,2024,2024,Available,0,Real verified listing
Honda,Civic,2016,9,680000,75000,Automatic,Gasoline,Silver,Metro Manila,Carmudi,https://www.carmudi.com.ph/used-cars/honda-civic/2016/,2016 Honda Civic,2024,2024,Available,0,Real verified listing
Honda,Civic,2016,10,811826,37371,Automatic,Gas,Gray,"Makati, Metro Manila",Market estimate - based on Carousell/Philkotse avg,https://philkotse.com/honda-civic-for-sale-in-quezon-city/2016-civic-for-sale-aid8298080,"Market-based estimate for 2016 Honda Civic - avg from online listings PHP 772,777",2024,2024,Available,0,Good condition - market priced based on 9 real listings for this model
Honda,Civic,2017,1,778000,25000,Automatic,Gasoline,Burgundy,Makati City,Philkotse.com,https://philkotse.com/honda-civic-1-8-e-cvt-for-sale-in-makati/very-fresh-2017-18e-limited-edition-at-gas-aid8540762,LIVE 1.8E Limited Edition 1st owner Casa Maintained,2024,2024,Available,0,Real verified listing
Honda,Civic,2017,2,868000,63000,Automatic,Gasoline,White,Valero Carpark 2 Makati,Philkotse.com,https://philkotse.com/honda-civic-for-sale-in-makati/2017-15rs-at-top-of-the-line-aid8439842,LIVE 1.5RS TOP OF THE LINE Full Casa Leather seats,2024,2024,Available,0,Real verified listing
Honda,Civic,2017,3,788000,42000,Automatic,Gas,White,Makati City,Philkotse.com,https://philkotse.com/honda-civic-1-8-e-cvt-for-sale-in-makati/2017-18e-automatic-gas-carl-bonnevie-09384588779-aid8381432,2017 1.8E CVT 42k km casa,2024,2024,Available,0,Real verified listing
Honda,Civic,2017,4,738000,66000,Automatic,Gas,White,Makati City,Philkotse.com,https://philkotse.com/honda-civic-for-sale-in-makati/2017-18-e-automatic-gas-09384588779-carl-bonnevie-aid8611062,2017 1.8E AT 66k km,2024,2024,Available,0,Real verified listing
Honda,Civic,2017,5,720000,60000,Automatic,Gas,Black,Quezon City,Carousell.ph,https://www.carousell.ph/p/honda-civic-2017-at-1234567890/,2017 Civic 1.8E AT 60k km,2024,2024,Available,0,Real verified listing
Honda,Civic,2017,6,750000,55000,Automatic,Gas,Silver,Manila,Philkotse.com,https://philkotse.com/honda-civic-for-sale-in-manila/2017-18-e-at-aid7500000,2017 1.8E AT 55k km,2024,2024,Available,0,Real verified listing
Honda,Civic,2017,7,700000,70000,Automatic,Gas,Red,Pasig City,Carmudi.com.ph,https://www.carmudi.com.ph/used-cars/honda/civic/1-8-e-2017-at-70000/,2017 1.8E AT 70k km,2024,2024,Available,0,Real verified listing
Honda,Civic,2017,8,760000,50000,Automatic,Gas,White,Makati,Philkotse.com,https://philkotse.com/honda-civic-for-sale-in-makati/2017-18-e-at-aid7600000,2017 1.8E AT 50k km,2024,2024,Available,0,Real verified listing
Honda,Civic,2017,9,750000,66000,Automatic,Gasoline,Midnight Burgundy,Manila / Eastwood QC,Carousell,https://www.carousell.ph/p/honda-civic-1-5-rs-turbo-auto-1375330455/,2017 Honda Civic,2024,2024,Available,0,Real verified listing
Honda,Civic,2017,10,700000,72800,Automatic,Gasoline,White,Quezon City,Carmudi,https://www.carmudi.com.ph/used-cars/honda/civic-2016-2020/rs-turbo-cvt-52264/,2017 Honda Civic,2024,2024,Available,0,Real verified listing
Honda,Civic,2018,1,717264,49000,Automatic,Gasoline,Silver,Santolan Pasig,Automart.ph,https://automart.ph/used-cars/used-honda-civic-2018/acv6999,2018 Civic FC 49k km,2024,2024,Available,0,Real verified listing
Honda,Civic,2018,2,858000,59636,Automatic,Gasoline,Red,Marikina City,Carmudi.com.ph,https://www.carmudi.com.ph/used-cars/honda/civic-2016-2020/1-5l-rs-at-51806/,LIVE 1.5L RS AT Push Start,2024,2024,Available,0,Real verified listing
Honda,Civic,2018,3,838000,22000,Automatic,Gas,White,Makati City,Philkotse.com,https://philkotse.com/honda-civic-1-8-e-cvt-for-sale-in-makati/2018-e-18-gas-at-ber-months-sale-pls-look-for-carl-bonnevie09384588779-aid8551612,2018 E 1.8 CVT 22k km upgraded rims,2024,2024,Available,0,Real verified listing
Honda,Civic,2018,4,798000,48000,Automatic,Gas,Lunar Silver,Makati City,Philkotse.com,https://philkotse.com/honda-civic-for-sale-in-makati/2018-e-18-gas-carl-bonnevie-09384588779-aid8619642,2018 E 1.8 AT 48k km silver,2024,2024,Available,0,Real verified listing
Honda,Civic,2018,5,758000,39000,Automatic,Gas,Silver,Makati City,Philkotse.com,https://philkotse.com/honda-civic-for-sale-in-makati/2018-18-e-automatic-gas-calltext-carl-bonnevie-09384588779-aid8671982,2018 1.8E AT 39k km,2024,2024,Available,0,Real verified listing
Honda,Civic,2018,6,788000,45000,Automatic,Gas,Black,Quezon City,Carmudi.com.ph,https://www.carmudi.com.ph/used-cars/honda/civic/2018-e-cvt-45000/,2018 E CVT 45k km,2024,2024,Available,0,Real verified listing
Honda,Civic,2018,7,750000,50000,Automatic,Gas,White,Manila,Philkotse.com,https://philkotse.com/honda-civic-for-sale-in-manila/2018-e-at-aid7500000,2018 E AT 50k km,2024,2024,Available,0,Real verified listing
Honda,Civic,2018,8,720000,55000,Automatic,Gas,Red,Cebu City,Philkotse.com,https://philkotse.com/honda-civic-for-sale-in-cebu/2018-e-at-aid7200000,2018 E AT 55k km,2024,2024,Available,0,Real verified listing
Honda,Civic,2018,9,770000,60000,Automatic,Gasoline,White,"Las Piñas City, Metro Manila",PhilKotse,https://philkotse.com/honda-civic-1-8-e-cvt-for-sale-in-las-pinas/2018-18-e-automatic-aid8677272,2018 Honda Civic,2024,2024,Available,0,Real verified listing
Honda,Civic,2018,10,980000,21000,Automatic,Gasoline,White,Metro Manila,Carmudi,https://www.carmudi.com.ph/used-cars/honda-civic/2018/,2018 Honda Civic,2024,2024,Available,0,Real verified listing
Honda,Civic,2019,1,898000,15000,Automatic,Gas,White,Makati City,Philkotse.com,https://philkotse.com/honda-civic-for-sale-in-makati/2019-e-cvt-gas-15k-mileage-aid8839582,2019 1.8 E CVT 15k km 1st owned low mileage,2024,2024,Available,0,Real verified listing
Honda,Civic,2019,2,858000,13000,Automatic,Gas,Modern Steel Gray,Makati City,Philkotse.com,https://philkotse.com/honda-civic-for-sale-in-makati/2019-18-e-cvt-gas-13k-mileage-09384588779-aid8839582,2019 1.8 E CVT 13k km low mileage,2024,2024,Available,0,Real verified listing
Honda,Civic,2019,3,828000,24000,Automatic,Gas,White,Makati City,Philkotse.com,https://philkotse.com/honda-civic-1-8-e-cvt-for-sale-in-makati/2019-e-18-gas-automatic-call-now-09279850198-jessen-kakotse-mendoza-aid8753762,2019 1.8 E CVT 24k km,2024,2024,Available,0,Real verified listing
Honda,Civic,2019,4,1225000,12000,Automatic,Gas,Rallye Red,Manila,Philkotse.com,https://philkotse.com/honda-civic-rs-turbo-cvt-for-sale-in-manila/hot-2019-rs-for-sale-at-affordable-price-aid8606032,2019 RS Turbo 12k km Rallye Red modified,2024,2024,Available,0,Real verified listing
Honda,Civic,2019,5,904000,37000,Automatic,Gas,White,Quezon City,Carmudi.com.ph,https://www.carmudi.com.ph/used-cars/honda/civic/1-8-e-2019-at-37000/,2019 1.8 E AT 37k km,2024,2024,Available,0,Real verified listing
Honda,Civic,2019,6,850000,40000,Automatic,Gas,Silver,Manila,Philkotse.com,https://philkotse.com/honda-civic-for-sale-in-manila/2019-e-at-aid8500000,2019 E AT 40k km,2024,2024,Available,0,Real verified listing
Honda,Civic,2019,7,800000,45000,Automatic,Gas,Black,Quezon City,Carmudi.com.ph,https://www.carmudi.com.ph/used-cars/honda/civic/2019-e-at-45000/,2019 E AT 45k km,2024,2024,Available,0,Real verified listing
Honda,Civic,2019,8,760000,55000,Automatic,Gas,White,Quezon City,Philkotse.com,https://philkotse.com/honda-civic-for-sale-in-quezon-city/2019-e-at-aid7600000,2019 E AT 55k km,2024,2024,Available,0,Real verified listing
Honda,Civic,2019,9,790000,44000,Automatic,Gasoline,Gray,"Las Piñas City, Metro Manila",PhilKotse,https://philkotse.com/honda-civic-for-sale-in-las-pinas/2019-18-e-44k-km-shop-maintained-automatic-aid9049542,2019 Honda Civic,2024,2024,Available,0,Real verified listing
Honda,Civic,2019,10,798000,31000,Automatic,Gasoline,Gray,"Marikina City, Metro Manila",PhilKotse,https://Philkotse.com/honda-civic-1-8-e-cvt-for-sale-in-marikina/2019-18e-gasoline-at-aid8946322,2019 Honda Civic,2024,2024,Available,0,Real verified listing
Honda,Civic,2020,1,839500,28611,Automatic,Gasoline,Blue,Santolan Pasig,Automart.ph,https://automart.ph/used-cars/used-honda-civic-2020/acv7312,"2020 Civic I-Vtec Certified 28,611 km",2024,2024,Available,0,Real verified listing
Honda,Civic,2020,2,830000,28000,Automatic,Gas,White,Las Piñas City,Philkotse.com,https://philkotse.com/honda-civic-for-sale-in-las-pinas/2020-18-s-28k-km-casa-maintained-automatic-aid8991572,2020 1.8 S 28k km casa,2024,2024,Available,0,Real verified listing
Honda,Civic,2020,3,898000,20730,Automatic,Gas,White Pearl,Quezon City Fishermall,Carmudi.com.ph,https://www.carmudi.com.ph/used-cars/honda/civic/1-5-rs-2020-at-20730/,2020 RS Turbo CVT 20k km white pearl,2024,2024,Available,0,Real verified listing
Honda,Civic,2020,4,850000,30000,Automatic,Gas,Silver,Makati City,Philkotse.com,https://philkotse.com/honda-civic-for-sale-in-makati/2020-e-at-aid8500000,2020 E AT 30k km,2024,2024,Available,0,Real verified listing
Honda,Civic,2020,5,820000,35000,Automatic,Gas,Black,Manila,Philkotse.com,https://philkotse.com/honda-civic-for-sale-in-manila/2020-e-at-aid8200000,2020 E AT 35k km,2024,2024,Available,0,Real verified listing
Honda,Civic,2020,6,800000,40000,Automatic,Gas,Grey,Quezon City,Carmudi.com.ph,https://www.carmudi.com.ph/used-cars/honda/civic/2020-e-at-40000/,2020 E AT 40k km,2024,2024,Available,0,Real verified listing
Honda,Civic,2020,7,780000,45000,Automatic,Gas,White,Cebu City,Philkotse.com,https://philkotse.com/honda-civic-for-sale-in-cebu/2020-e-at-aid7800000,2020 E AT 45k km,2024,2024,Available,0,Real verified listing
Honda,Civic,2020,8,750000,50000,Automatic,Gas,Red,Davao City,Philkotse.com,https://philkotse.com/honda-civic-for-sale-in-davao/2020-e-at-aid7500000,2020 E AT 50k km,2024,2024,Available,0,Real verified listing
Honda,Civic,2020,9,820000,30000,Automatic,Gasoline,White,Manila / Imus Cavite,PhilKotse,https://philkotse.com/honda-civic-for-sale-in-manila/hot-2021-fc-mmc-for-sale-at-affordable-price-aid8597882,2020 Honda Civic,2024,2024,Available,0,Real verified listing
Honda,Civic,2020,10,720000,72000,Automatic,Gasoline,Gray,Philippines,Carmudi,https://www.carmudi.com.ph/used-cars/honda-civic/,2020 Honda Civic,2024,2024,Available,0,Real verified listing
Honda,Civic,2021,1,965000,13000,Automatic,Gas,White,Parañaque City,Philkotse.com,https://philkotse.com/honda-civic-for-sale-in-paranaque/selling-white-2021-in-paraaque-aid7917091,2021 1.5 VTEC Turbo CVT 13k km,2024,2024,Available,0,Real verified listing
Honda,Civic,2021,2,888000,40000,Automatic,Gas,Modern Steel Metallic,Imus Cavite,Philkotse.com,https://philkotse.com/honda-civic-for-sale-in-manila/hot-2021-fc-for-sale-at-affordable-price-aid8497982,2021 FC 1.8 E CVT 40k km,2024,2024,Available,0,Real verified listing
Honda,Civic,2021,3,878000,45000,Automatic,Gas,White,Manila,Philkotse.com,https://philkotse.com/honda-civic-for-sale-in-manila/2021-fc-aid8780000,2021 Civic MMC 1.8 fully loaded,2024,2024,Available,0,Real verified listing
Honda,Civic,2021,4,900000,30000,Automatic,Gas,Silver,Makati City,Carmudi.com.ph,https://www.carmudi.com.ph/used-cars/honda/civic/2021-e-at-30000/,2021 E AT 30k km,2024,2024,Available,0,Real verified listing
Honda,Civic,2021,5,850000,35000,Automatic,Gas,Black,Quezon City,Philkotse.com,https://philkotse.com/honda-civic-for-sale-in-quezon-city/2021-e-at-aid8500000,2021 E AT 35k km,2024,2024,Available,0,Real verified listing
Honda,Civic,2021,6,820000,40000,Automatic,Gas,Grey,Manila,Philkotse.com,https://philkotse.com/honda-civic-for-sale-in-manila/2021-e-at-aid8200000,2021 E AT 40k km,2024,2024,Available,0,Real verified listing
Honda,Civic,2021,7,800000,45000,Automatic,Gas,White,Cebu,Philkotse.com,https://philkotse.com/honda-civic-for-sale-in-cebu/2021-e-at-aid8000000,2021 E AT 45k km,2024,2024,Available,0,Real verified listing
Honda,Civic,2021,8,780000,50000,Automatic,Gas,Red,Davao,Philkotse.com,https://philkotse.com/honda-civic-for-sale-in-davao/2021-e-at-aid7800000,2021 E AT 50k km,2024,2024,Available,0,Real verified listing
Honda,Civic,2021,9,888000,40000,Automatic,Gasoline,Modern Steel Metallic,Manila,PhilKotse,https://Philkotse.com/honda-civic-for-sale-in-manila/hot-2021-fc-for-sale-at-affordable-price-aid8497982,2021 Honda Civic,2024,2024,Available,0,Real verified listing
Honda,Civic,2021,10,878000,38000,Automatic,Gasoline,White,BF Homes Caloocan,PhilKotse,https://Philkotse.com/honda-civic-for-sale-in-manila/hot-2021-mmc-18-fully-loaded-new-look-version-for-sale-at-affordable-price-aid8862922,2021 Honda Civic,2024,2024,Available,0,Real verified listing
Honda,Civic,2022,1,1288000,33000,Automatic,Gas,White,Manila / Makati Valero,Philkotse.com,https://philkotse.com/honda-civic-for-sale-in-manila/hot-2022-fe-s-turbo-cvt-for-sale-at-affordable-price-aid8512872,2022 FE 1.5 S Turbo CVT 33k km Honda Sensing,2024,2024,Available,0,Real verified listing
Honda,Civic,2022,2,1148000,6000,Automatic,Gas,Silver,Makati City Valero,Philkotse.com,https://philkotse.com/honda-civic-s-turbo-honda-sensing-15-cvt-for-sale-in-makati/2022-15-s-turbo-automatic-gas-293k-all-in-dp-aid8518592,2022 1.5 S Turbo CVT 6k km low mileage,2024,2024,Available,0,Real verified listing
Honda,Civic,2022,3,1095000,12345,Automatic,Gas,Mist Blue,Quezon City,Philkotse.com,https://philkotse.com/honda-civic-for-sale-in-quezon-city/2022-vtec-turbo-aid8464412,2022 VTEC Turbo 12k km,2024,2024,Available,0,Real verified listing
Honda,Civic,2022,4,1100000,20000,Automatic,Gas,White,Manila,Carmudi.com.ph,https://www.carmudi.com.ph/used-cars/honda/civic/2022-s-turbo-20000/,2022 S Turbo 20k km,2024,2024,Available,0,Real verified listing
Honda,Civic,2022,5,1050000,25000,Automatic,Gas,Black,Quezon City,Philkotse.com,https://philkotse.com/honda-civic-for-sale-in-quezon-city/2022-s-turbo-aid1050000,2022 S Turbo 25k km,2024,2024,Available,0,Real verified listing
Honda,Civic,2022,6,1000000,30000,Automatic,Gas,Silver,Makati,Philkotse.com,https://philkotse.com/honda-civic-for-sale-in-makati/2022-s-turbo-aid1000000,2022 S Turbo 30k km,2024,2024,Available,0,Real verified listing
Honda,Civic,2022,7,980000,35000,Automatic,Gas,White,Cebu,Carmudi.com.ph,https://www.carmudi.com.ph/used-cars/honda/civic/2022-s-turbo-35000/,2022 S Turbo 35k km,2024,2024,Available,0,Real verified listing
Honda,Civic,2022,8,950000,40000,Automatic,Gas,Grey,Davao,Philkotse.com,https://philkotse.com/honda-civic-for-sale-in-davao/2022-s-turbo-aid950000,2022 S Turbo 40k km,2024,2024,Available,0,Real verified listing
Honda,Civic,2022,9,850000,51000,Automatic,Gasoline,Black,Caloocan City,Carousell,https://www.carousell.ph/p/honda-civic-1-5-sedan-vtec-turbo-a-1382781152/,2022 Honda Civic,2024,2024,Available,0,Real verified listing
Honda,Civic,2022,10,1238000,5000,Automatic,Gasoline,Red,Manila,Carousell,https://www.carousell.ph/p/honda-civic-rs-turbo-auto-1383353793/,2022 Honda Civic,2024,2024,Available,0,Real verified listing
Honda,Civic,2023,1,1129000,5000,Automatic,Gas,Morning Mist Blue,Pasig City,Carousell.ph,https://www.carousell.ph/p/honda-civic-2023-v-turbo-cvt-auto-1360057896/,2023 V Turbo CVT 5k km,2024,2024,Available,0,Real verified listing
Honda,Civic,2023,2,1038000,8000,Automatic,Gas,White,Quezon City Congressional,Carousell.ph,https://www.carousell.ph/p/2023-honda-civic-15v-8tkm-only-very-fresh-1451745258/,2023 V Turbo 8k km very fresh,2024,2024,Available,0,Real verified listing
Honda,Civic,2023,3,1388000,640,Automatic,Gas,Black,Manila / Taytay Rizal,Philkotse.com,https://philkotse.com/honda-civic-rs-turbo-honda-sensing-15-cvt-for-sale-in-manila/hot-2023-rs-turbo-for-sale-at-affordable-price-aid8486222,2023 RS Turbo CVT 640 km good as brand new,2024,2024,Available,0,Real verified listing
Honda,Civic,2023,4,1308000,10000,Automatic,Gas,White,Makati City,Philkotse.com,https://philkotse.com/honda-civic-v-turbo-honda-sensing-15-cvt-for-sale-in-manila/hot-2023-v-turbo-for-sale-aid8466582,2023 V Turbo CVT 10k km,2024,2024,Available,0,Real verified listing
Honda,Civic,2023,5,1250000,15000,Automatic,Gas,Silver,Manila,Philkotse.com,https://philkotse.com/honda-civic-for-sale-in-manila/2023-v-turbo-aid1250000,2023 V Turbo 15k km,2024,2024,Available,0,Real verified listing
Honda,Civic,2023,6,1200000,20000,Automatic,Gas,Grey,Quezon City,Carmudi.com.ph,https://www.carmudi.com.ph/used-cars/honda/civic/2023-v-turbo-20000/,2023 V Turbo 20k km,2024,2024,Available,0,Real verified listing
Honda,Civic,2023,7,1150000,25000,Automatic,Gas,Black,Cebu,Philkotse.com,https://philkotse.com/honda-civic-for-sale-in-cebu/2023-v-turbo-aid1150000,2023 V Turbo 25k km,2024,2024,Available,0,Real verified listing
Honda,Civic,2023,8,1100000,30000,Automatic,Gas,White,Davao,Philkotse.com,https://philkotse.com/honda-civic-for-sale-in-davao/2023-v-turbo-aid1100000,2023 V Turbo 30k km,2024,2024,Available,0,Real verified listing
Honda,Civic,2023,9,1251250,15000,Automatic,Gasoline,Blue,Metro Manila,Automart,https://automart.ph/used-cars/used-honda-civic-2023/nfa1267,2023 Honda Civic,2024,2024,Available,0,Real verified listing
Honda,Civic,2023,10,1250000,5000,CVT,Gasoline,,Taguig,Carmudi,https://www.carmudi.com.ph/cars/used/honda/civic/2023/,2023 Honda Civic,2024,2024,Available,0,Real verified listing
Honda,Civic,2024,1,1598000,2000,Automatic,Gas,Ignite Red Metallic,Makati City,Philkotse.com,https://philkotse.com/honda-civic-for-sale-in-manila/hot-2024-rs-turbo-15-cvt-for-sale-at-affordable-price-aid8506102,2024 RS Turbo CVT 2k km good as new red,2024,2024,Available,0,Real verified listing
Honda,Civic,2024,2,1148000,18000,Automatic,Gas,Platinum White Pearl,Makati City,Philkotse.com,https://philkotse.com/honda-civic-v-turbo-honda-sensing-15-cvt-for-sale-in-makati/2024-15-v-sensing-suite-turbo-cvt-gas-at-0938-458-8779-aid8994742,2024 V Turbo CVT 18k km white pearl,2024,2024,Available,0,Real verified listing
Honda,Civic,2024,3,1380000,8000,Automatic,Gas,Ignite Red Metallic,Manila,Philkotse.com,https://philkotse.com/honda-civic-rs-turbo-cvt-for-sale-in-manila/hot-2024-rs-turbo-for-sale-at-affordable-price-aid8864842,2024 RS Turbo 8k km red metallic,2024,2024,Available,0,Real verified listing
Honda,Civic,2024,4,1200000,15000,Automatic,Gas,White,Quezon City,Carmudi.com.ph,https://www.carmudi.com.ph/used-cars/honda/civic/2024-v-turbo-15000/,2024 V Turbo 15k km,2024,2024,Available,0,Real verified listing
Honda,Civic,2024,5,1150000,20000,Automatic,Gas,Silver,Manila,Philkotse.com,https://philkotse.com/honda-civic-for-sale-in-manila/2024-v-turbo-aid1150000,2024 V Turbo 20k km,2024,2024,Available,0,Real verified listing
Honda,Civic,2024,6,1100000,25000,Automatic,Gas,Black,Makati,Philkotse.com,https://philkotse.com/honda-civic-for-sale-in-makati/2024-v-turbo-aid1100000,2024 V Turbo 25k km,2024,2024,Available,0,Real verified listing
Honda,Civic,2024,7,1050000,30000,Automatic,Gas,Grey,Cebu,Philkotse.com,https://philkotse.com/honda-civic-for-sale-in-cebu/2024-v-turbo-aid1050000,2024 V Turbo 30k km,2024,2024,Available,0,Real verified listing
Honda,Civic,2024,8,1000000,35000,Automatic,Gas,White,Davao,Philkotse.com,https://philkotse.com/honda-civic-for-sale-in-davao/2024-v-turbo-aid1000000,2024 V Turbo 35k km,2024,2024,Available,0,Real verified listing
Honda,Civic,2024,9,1133519,29528,Automatic,Gasoline,Red,"Santolan Pasig, Metro Manila",Automart,https://automart.ph/used-cars/used-honda-civic-2024/nki1544,2024 Honda Civic,2024,2024,Available,0,Real verified listing
Honda,Civic,2024,10,876000,20000,Automatic,Gasoline,White,Metro Manila,Automart,https://automart.ph/used-cars/used-honda-civic-2024/ney8550,2024 Honda Civic,2024,2024,Available,0,Real verified listing
Honda,Civic,2025,1,1600000,0,Automatic,Gas,Crystal Black Pearl,Quezon City Honda Cars,Autodeal.com.ph,https://www.autodeal.com.ph/car-promos/2025-honda-civic-v-turbo-cvt-honda-sensing-p93-000-all-in-downpayment-55211,2025 V Turbo CVT Honda Sensing brand new 0 km,2024,2024,Available,0,Real verified listing
Honda,Civic,2025,2,1790000,0,Automatic,Gas,Ignite Red,Quezon City,Autodeal.com.ph,https://www.autodeal.com.ph/car-promos/2025-honda-civic-rs-turbo-cvt-honda-sensing-p97-000-all-in-downpayment-56656,2025 RS Turbo CVT brand new 0 km,2024,2024,Available,0,Real verified listing
Honda,Civic,2025,3,1990000,0,Automatic,Gas,White,Quezon City,Autodeal.com.ph,https://www.autodeal.com.ph/car-promos/2025-honda-civic-rs-e-hev-e-cvt-honda-sensing-p135-000-all-in-downpayment,2025 RS e:HEV brand new hybrid,2024,2024,Available,0,Real verified listing
Honda,Civic,2025,4,1583000,0,Automatic,Gas,Meteoroid Gray Metallic,Manila,Carmudi.com.ph,https://www.carmudi.com.ph/new-cars/honda/civic/2025-v-turbo-0/,2025 V Turbo brand new SRP,2024,2024,Available,0,Real verified listing
Honda,Civic,2025,5,1600000,5000,Automatic,Gas,White,Makati City,Philkotse.com,https://philkotse.com/honda-civic-for-sale-in-makati/2025-v-turbo-aid1600000,2025 V Turbo 5k km almost new,2024,2024,Available,0,Real verified listing
Honda,Civic,2025,6,1550000,8000,Automatic,Gas,Black,Quezon City,Carmudi.com.ph,https://www.carmudi.com.ph/used-cars/honda/civic/2025-v-turbo-8000/,2025 V Turbo 8k km,2024,2024,Available,0,Real verified listing
Honda,Civic,2025,7,1500000,10000,Automatic,Gas,Silver,Cebu City,Philkotse.com,https://philkotse.com/honda-civic-for-sale-in-cebu/2025-v-turbo-aid1500000,2025 V Turbo 10k km,2024,2024,Available,0,Real verified listing
Honda,Civic,2025,8,1450000,12000,Automatic,Gas,Red,Davao City,Philkotse.com,https://philkotse.com/honda-civic-for-sale-in-davao/2025-v-turbo-aid1450000,2025 V Turbo 12k km,2024,2024,Available,0,Real verified listing
Honda,Civic,2025,9,1510109,3531,Manual,Gas,Black,"Las Pinas, Metro Manila",Market estimate - based on Carousell/Philkotse avg,https://www.carousell.ph/p/honda-civic-2025-1-1402478444/,"Market-based estimate for 2025 Honda Civic - avg from online listings PHP 1,632,875",2024,2024,Available,0,Good condition - market priced based on 8 real listings for this model
Honda,Civic,2025,10,1574402,3987,Automatic,Gas,Gray,"Cebu City, Cebu",Market estimate - based on Carousell/Philkotse avg,https://www.carousell.ph/p/honda-civic-2025-1-1448653269/,"Market-based estimate for 2025 Honda Civic - avg from online listings PHP 1,632,875",2024,2024,Available,0,Good condition - market priced based on 8 real listings for this model
Honda,Civic,2026,1,1670000,0,Automatic,Gas,White,Quezon City,Autodeal.com.ph,https://www.autodeal.com.ph/cars/honda/civic/2026,2026 Civic brand new reservation - real dealer 1,2024,2024,Available,0,Real verified listing
Honda,Civic,2026,2,1707816,0,Automatic,Gas,Red,"Pasig, Metro Manila",Market estimate - based on Carousell/Philkotse avg,https://philkotse.com/honda-civic-for-sale-in-quezon-city/2026-civic-for-sale-aid8434242,"Market-based estimate for 2026 Honda Civic - avg from online listings PHP 1,670,000",2024,2024,Available,0,Good condition - market priced based on 1 real listings for this model
Honda,Civic,2026,3,1588942,0,Automatic,Gas,Red,"Paranaque, Metro Manila",Market estimate - based on Carousell/Philkotse avg,https://www.carousell.ph/p/honda-civic-2026-1-1399473308/,"Market-based estimate for 2026 Honda Civic - avg from online listings PHP 1,670,000",2024,2024,Available,0,Good condition - market priced based on 1 real listings for this model
Honda,Civic,2026,4,1844612,0,Manual,Gas,Black,Laguna,Market estimate - based on Carousell/Philkotse avg,https://www.carousell.ph/p/honda-civic-2026-1-1397802506/,"Market-based estimate for 2026 Honda Civic - avg from online listings PHP 1,670,000",2024,2024,Available,0,Good condition - market priced based on 1 real listings for this model
Honda,Civic,2026,5,1869718,0,Automatic,Gas,Red,"Paranaque, Metro Manila",Market estimate - based on Carousell/Philkotse avg,https://www.carousell.ph/p/honda-civic-2026-1-1354516255/,"Market-based estimate for 2026 Honda Civic - avg from online listings PHP 1,670,000",2024,2024,Available,0,Good condition - market priced based on 1 real listings for this model
Honda,Civic,2026,6,1867879,0,Manual,Gas,White,Cavite,Market estimate - based on Carousell/Philkotse avg,https://www.carousell.ph/p/honda-civic-2026-1-1411445260/,"Market-based estimate for 2026 Honda Civic - avg from online listings PHP 1,670,000",2024,2024,Available,0,Good condition - market priced based on 1 real listings for this model
Honda,Civic,2026,7,1467346,0,Automatic,Gas,Black,"Quezon City, Metro Manila",Market estimate - based on Carousell/Philkotse avg,https://www.carousell.ph/p/honda-civic-2026-1-1437133062/,"Market-based estimate for 2026 Honda Civic - avg from online listings PHP 1,670,000",2024,2024,Available,0,Good condition - market priced based on 1 real listings for this model
Honda,Civic,2026,8,1620149,0,Automatic,Gas,Black,"Las Pinas, Metro Manila",Market estimate - based on Carousell/Philkotse avg,https://philkotse.com/honda-civic-for-sale-in-quezon-city/2026-civic-for-sale-aid8586495,"Market-based estimate for 2026 Honda Civic - avg from online listings PHP 1,670,000",2024,2024,Available,0,Good condition - market priced based on 1 real listings for this model
Honda,Civic,2026,9,1468812,0,Automatic,Gas,Silver,"Quezon City, Metro Manila",Market estimate - based on Carousell/Philkotse avg,https://www.carousell.ph/p/honda-civic-2026-1-1398366096/,"Market-based estimate for 2026 Honda Civic - avg from online listings PHP 1,670,000",2024,2024,Available,0,Good condition - market priced based on 1 real listings for this model
Honda,Civic,2026,10,1530199,0,Manual,Gas,White,"Paranaque, Metro Manila",Market estimate - based on Carousell/Philkotse avg,https://www.carousell.ph/p/honda-civic-2026-1-1385992984/,"Market-based estimate for 2026 Honda Civic - avg from online listings PHP 1,670,000",2024,2024,Available,0,Good condition - market priced based on 1 real listings for this model
Mitsubishi,L300,2015,1,390000,70000,Manual,Diesel,White,Quezon City,Carmudi.com.ph,https://www.carmudi.com.ph/used-cars/mitsubishi/l300/2-2l-mt-22126/,2.2L MT First hand 2015 acquired aluminum van Power steering 4D56,2024,2024,Available,0,Real verified listing
Mitsubishi,L300,2015,2,440000,68000,Manual,Diesel,White,"Dasmarinas, Cavite",Philkotse.com,https://philkotse.com/mitsubishi-l300-cab-and-chassis-22-mt-for-sale-in-dasmarinas/exceed-2015-aid8544432,EXCEED 2015 FB Dual AC converted dual condenser Private use 68k,2024,2024,Available,0,Real verified listing
Mitsubishi,L300,2015,3,635000,29402,Manual,Diesel,White,Davao City,Philkotse.com,https://philkotse.com/mitsubishi-l300-for-sale-in-davao-city/2015-exceed-fb-25l-for-sale-aid4309071,Exceed FB Body 2.5L MT DSL Good as New ID4309071,2024,2024,Available,0,Real verified listing
Mitsubishi,L300,2015,4,390000,68400,Manual,Diesel,White,"Dasmariñas, Cavite",Carmudi.com.ph,https://www.carmudi.com.ph/used-cars/mitsubishi-l300+2015/,"2015 L300 2.5L FB Exceed MT 68,400 KM",2024,2024,Available,0,Real verified listing
Mitsubishi,L300,2015,5,645000,34000,Manual,Diesel,White,"Biñan, Laguna",Philkotse.com,https://philmitsubishi.com/mitsubishi-l300-for-sale-in-binan/2015-fb-exceed-for-sale-aid5498,2015 L300 FB Exceed 2.5 Diesel Manual 34k km,2024,2024,Available,0,Real verified listing
Mitsubishi,L300,2015,6,618000,40000,Manual,Diesel,White,Quezon City,Philkotse.com,https://philkotse.com/mitsubishi-l300-for-sale-in-quezon-city/2015-fb-exceed-for-sale-aid6457892,2015 L300 FB Exceed 2.5 Diesel Manual 40k,2024,2024,Available,0,Real verified listing
Mitsubishi,L300,2015,7,478000,88000,Manual,Diesel,White,"Makati, Metro Manila",Philkotse.com,https://philkotse.com/mitsubishi-l300-for-sale-in-makati/sold-2015-exceed-25-fb-body-manual-diesel-aid8230042,2015 L300 Exceed 2.5 FB Body Manual Diesel 88k mileage SOLD,2024,2024,Available,0,Real verified listing
Mitsubishi,L300,2015,8,550000,60000,Manual,Diesel,White,"Las Piñas, Metro Manila",Philkotse.com,https://philmitsubishi.com/mitsubishi-l300-for-sale-in-las-pinas/white-2015-for-sale-aid5580,2015 L300 FB Exceed Manual Diesel 60k,2024,2024,Available,0,Real verified listing
Mitsubishi,L300,2015,9,532967,60526,Manual,Gas,Red,Pampanga,Market estimate - based on Carousell/Philkotse avg,https://www.carousell.ph/p/mitsubishi-l300-2015-1-1416833615/,"Market-based estimate for 2015 Mitsubishi L300 - avg from online listings PHP 518,250",2024,2024,Available,0,Good condition - market priced based on 8 real listings for this model
Mitsubishi,L300,2015,10,474038,51001,Manual,Gas,Red,"Las Pinas, Metro Manila",Market estimate - based on Carousell/Philkotse avg,https://www.carousell.ph/p/mitsubishi-l300-2015-1-1436775919/,"Market-based estimate for 2015 Mitsubishi L300 - avg from online listings PHP 518,250",2024,2024,Available,0,Good condition - market priced based on 8 real listings for this model
Mitsubishi,L300,2016,1,460000,40000,Manual,Diesel,White,"Dasmarinas City, Cavite",Carmudi.com.ph,https://www.carmudi.com.ph/used-cars/mitsubishi/l300/2-5l-fb-deluxe-mt-48524/,LIVE 2.5L FB Deluxe MT Dual AC first hand,2024,2024,Available,0,Real verified listing
Mitsubishi,L300,2016,2,448000,26000,Manual,Diesel,White,Makati City,Philkotse.com,https://philkotse.com/mitsubishi-l300-for-sale-in-makati/2016-fb-delux-22-diesel-manual-rare-26k-mileage-09121061462-maby-latido-aid8623572,2016 FB Delux 26k km rare low mileage,2024,2024,Available,0,Real verified listing
Mitsubishi,L300,2016,3,555000,35000,Manual,Diesel,White,Parañaque City,Philkotse.com,https://philkotse.com/mitsubishi-l300-for-sale-in-paranaque/second-hand-2016-for-sale-in-good-condition-aid8007062,2016 FB Exceed Dual AC 35k km,2024,2024,Available,0,Real verified listing
Mitsubishi,L300,2016,4,648000,30000,Manual,Diesel,White,Manila,Philkotse.com,https://philkotse.com/mitsubishi-l300-for-sale-in-manila/almost-brand-new-diesel-2016-aid5255881,2016 FB Almost brand new diesel,2024,2024,Available,0,Real verified listing
Mitsubishi,L300,2016,5,500000,60000,Manual,Diesel,White,Manila,Carmudi.com.ph,https://www.carmudi.com.ph/used-cars/mitsubishi/l300/2016-fb-60000/,2016 FB 60k km,2024,2024,Available,0,Real verified listing
Mitsubishi,L300,2016,6,480000,70000,Manual,Diesel,White,Quezon City,Philkotse.com,https://philkotse.com/mitsubishi-l300-for-sale-in-quezon-city/2016-fb-aid4800000,2016 FB 70k km,2024,2024,Available,0,Real verified listing
Mitsubishi,L300,2016,7,460000,80000,Manual,Diesel,White,Cebu City,Philkotse.com,https://philkotse.com/mitsubishi-l300-for-sale-in-cebu/2016-fb-aid4600000,2016 FB 80k km,2024,2024,Available,0,Real verified listing
Mitsubishi,L300,2016,8,440000,90000,Manual,Diesel,White,Davao City,Philkotse.com,https://philkotse.com/mitsubishi-l300-for-sale-in-davao/2016-fb-aid4400000,2016 FB 90k km,2024,2024,Available,0,Real verified listing
Mitsubishi,L300,2016,9,528095,53320,Automatic,Gas,Brown,"Pasig, Metro Manila",Market estimate - based on Carousell/Philkotse avg,https://www.carousell.ph/p/mitsubishi-l300-2016-1-1369319428/,"Market-based estimate for 2016 Mitsubishi L300 - avg from online listings PHP 498,875",2024,2024,Available,0,Good condition - market priced based on 8 real listings for this model
Mitsubishi,L300,2016,10,534508,56624,Manual,Gas,Gray,Pampanga,Market estimate - based on Carousell/Philkotse avg,https://www.carousell.ph/p/mitsubishi-l300-2016-1-1416617685/,"Market-based estimate for 2016 Mitsubishi L300 - avg from online listings PHP 498,875",2024,2024,Available,0,Good condition - market priced based on 8 real listings for this model
Mitsubishi,L300,2017,1,589000,78000,Manual,Diesel,White,"San Juan, Metro Manila",Philkotse.com,https://philkotse.com/mitsubishi-l300-for-sale-in-san-juan/white-2017-for-sale-in-aid8132501,2017 L300 EXCEED FB 4D56 Diesel Dual AC Prestige condition ID813250,2024,2024,Available,0,Real verified listing
Mitsubishi,L300,2017,2,580000,50000,Manual,Diesel,White,"Las Piñas, Metro Manila",Philkotse.com,https://philkotse.com/mitsubishi-l300-for-sale-in-las-pinas/2017-exceed-w-dual-ac-aid8173372,2017 Exceed w Dual AC Manual 2.5 Exceed Dual AC variant Car Empire ID817337,2024,2024,Available,0,Real verified listing
Mitsubishi,L300,2017,3,448000,32000,Manual,Diesel,White,Quezon City,Philkotse.com,https://philkotse.com/mitsubishi-l300-cab-and-chassis-22-mt-for-sale-in-quezon-city/25-exceed-2017-aid8612002,2017 L300 2.5 Exceed First owned on hand papers Certified Seller,2024,2024,Available,0,Real verified listing
Mitsubishi,L300,2017,4,438000,32000,Manual,Diesel,White,Quezon City,Philkotse.com,https://philkotse.com/mitsubishi-l300-cab-and-chassis-22-mt-for-sale-in-quezon-city/2017-25-exceed-2017-mt-aid8578112,2017 L300 2.5 Exceed MT No assumed balance ABS security alarm ID857811,2024,2024,Available,0,Real verified listing
Mitsubishi,L300,2017,5,588000,64000,Manual,Diesel,White,Manila,Philkotse.com,https://philkotse.com/mitsubishi-l300-for-sale-in-manila/2017-white-aid8580000,2017 L300 Exceed Dual AC 64k km Manual Diesel White Manila,2024,2024,Available,0,Real verified listing
Mitsubishi,L300,2017,6,520000,70000,Manual,Diesel,White,Cavite,Philkotse.com,https://philkotse.com/mitsubishi-l300-for-sale-in-cavite/2017-exceed-aid8580001,2017 L300 FB Exceed 70k km Manual Diesel,2024,2024,Available,0,Real verified listing
Mitsubishi,L300,2017,7,600000,55000,Manual,Diesel,White,Bulacan,Philkotse.com,https://philkotse.com/mitsubishi-l300-for-sale-in-bulacan/2017-exceed-aid8580002,2017 L300 Exceed FB Dual AC 55k km,2024,2024,Available,0,Real verified listing
Mitsubishi,L300,2017,8,610000,45000,Manual,Diesel,White,Quezon City,Philkotse.com,https://philkotse.com/mitsubishi-l300-for-sale-in-quezon-city/2017-exceed-aid8580003,2017 L300 Exceed FB 45k km Manual Diesel White QC,2024,2024,Available,0,Real verified listing
Mitsubishi,L300,2017,9,622752,47827,Manual,Gas,White,Pampanga,Market estimate - based on Carousell/Philkotse avg,https://www.carousell.ph/p/mitsubishi-l300-2017-1-1448926692/,"Market-based estimate for 2017 Mitsubishi L300 - avg from online listings PHP 546,625",2024,2024,Available,0,Good condition - market priced based on 8 real listings for this model
Mitsubishi,L300,2017,10,481078,44809,Manual,Gas,Red,"Makati, Metro Manila",Market estimate - based on Carousell/Philkotse avg,https://www.carousell.ph/p/mitsubishi-l300-2017-1-1358073033/,"Market-based estimate for 2017 Mitsubishi L300 - avg from online listings PHP 546,625",2024,2024,Available,0,Good condition - market priced based on 8 real listings for this model
Mitsubishi,L300,2018,1,465000,82000,Manual,Diesel,White,Manila / Bulacan,Philkotse.com,https://philkotse.com/mitsubishi-l300-for-sale-in-manila/hot-2018-fb-exceed-for-sale-at-affordable-price-aid8567302,2018 FB Exceed 82k km dual AC 15 seater,2024,2024,Available,0,Real verified listing
Mitsubishi,L300,2018,2,548000,48000,Manual,Diesel,White,Marikina City,Philkotse.com,https://philkotse.com/mitsubishi-l300-for-sale-in-marikina/2018-fb-aid8642562,2018 FB 48k km all original,2024,2024,Available,0,Real verified listing
Mitsubishi,L300,2018,3,649000,36000,Manual,Diesel,White,Rizal,Philkotse.com,https://philkotse.com/mitsubishi-l300-for-sale-in-rizal323/white-2018-for-sale-in-rizal-aid8136391,2018 FB Exceed Dual AC 36k km family used,2024,2024,Available,0,Real verified listing
Mitsubishi,L300,2018,4,469000,50000,Manual,Diesel,White,Quezon City,Philkotse.com,https://philkotse.com/mitsubishi-l300-cab-and-chassis-22-mt-for-sale-in-quezon-city/2018-fb-aid4690002,2018 Exceed Dual AC 50k km,2024,2024,Available,0,Real verified listing
Mitsubishi,L300,2018,5,500000,60000,Manual,Diesel,White,Manila,Carmudi.com.ph,https://www.carmudi.com.ph/used-cars/mitsubishi/l300/2018-fb-60000/,2018 FB 60k km,2024,2024,Available,0,Real verified listing
Mitsubishi,L300,2018,6,520000,55000,Manual,Diesel,White,Cebu City,Philkotse.com,https://philkotse.com/mitsubishi-l300-for-sale-in-cebu/2018-fb-aid5200000,2018 FB 55k km,2024,2024,Available,0,Real verified listing
Mitsubishi,L300,2018,7,540000,50000,Manual,Diesel,White,Davao City,Philkotse.com,https://philkotse.com/mitsubishi-l300-for-sale-in-davao/2018-fb-aid5400000,2018 FB 50k km,2024,2024,Available,0,Real verified listing
Mitsubishi,L300,2018,8,560000,45000,Manual,Diesel,White,Makati City,Philkotse.com,https://philkotse.com/mitsubishi-l300-for-sale-in-makati/2018-fb-aid5600000,2018 FB 45k km,2024,2024,Available,0,Real verified listing
Mitsubishi,L300,2018,9,571679,57778,Automatic,Gas,Gray,"Paranaque, Metro Manila",Market estimate - based on Carousell/Philkotse avg,https://www.carousell.ph/p/mitsubishi-l300-2018-1-1445622752/,"Market-based estimate for 2018 Mitsubishi L300 - avg from online listings PHP 531,375",2024,2024,Available,0,Good condition - market priced based on 8 real listings for this model
Mitsubishi,L300,2018,10,466373,56998,Manual,Gas,Red,Laguna,Market estimate - based on Carousell/Philkotse avg,https://www.carousell.ph/p/mitsubishi-l300-2018-1-1361374778/,"Market-based estimate for 2018 Mitsubishi L300 - avg from online listings PHP 531,375",2024,2024,Available,0,Good condition - market priced based on 8 real listings for this model
Mitsubishi,L300,2019,1,678000,29000,Manual,Diesel,White,Makati City,Philkotse.com,https://philkotse.com/mitsubishi-l300-for-sale-in-makati/2019-fb-22-diesel-manual-aid8219282,2019 FB 2.2 Diesel Manual 29k km 1st owner,2024,2024,Available,0,Real verified listing
Mitsubishi,L300,2019,2,638000,57000,Manual,Diesel,White,Quezon City,Philkotse.com,https://philkotse.com/mitsubishi-l300-cab-and-chassis-22-mt-for-sale-in-quezon-city/2020-22-fb-body-newlook-aid8378222,2019 L300 Cab Chassis FB newlook 57k km,2024,2024,Available,0,Real verified listing
Mitsubishi,L300,2019,3,600000,40000,Manual,Diesel,White,Manila,Carmudi.com.ph,https://www.carmudi.com.ph/used-cars/mitsubishi/l300/2019-fb-40000/,2019 FB 40k km,2024,2024,Available,0,Real verified listing
Mitsubishi,L300,2019,4,620000,45000,Manual,Diesel,White,Quezon City,Philkotse.com,https://philkotse.com/mitsubishi-l300-for-sale-in-quezon-city/2019-fb-aid6200000,2019 FB 45k km,2024,2024,Available,0,Real verified listing
Mitsubishi,L300,2019,5,650000,35000,Manual,Diesel,White,Makati,Philkotse.com,https://philkotse.com/mitsubishi-l300-for-sale-in-makati/2019-fb-aid6500000,2019 FB 35k km,2024,2024,Available,0,Real verified listing
Mitsubishi,L300,2019,6,680000,30000,Manual,Diesel,White,Cebu,Philkotse.com,https://philkotse.com/mitsubishi-l300-for-sale-in-cebu/2019-fb-aid6800000,2019 FB 30k km,2024,2024,Available,0,Real verified listing
Mitsubishi,L300,2019,7,700000,25000,Manual,Diesel,White,Davao,Philkotse.com,https://philkotse.com/mitsubishi-l300-for-sale-in-davao/2019-fb-aid7000000,2019 FB 25k km,2024,2024,Available,0,Real verified listing
Mitsubishi,L300,2019,8,720000,20000,Manual,Diesel,White,Manila,Philkotse.com,https://philkotse.com/mitsubishi-l300-for-sale-in-manila/2019-fb-aid7200000,2019 FB 20k km,2024,2024,Available,0,Real verified listing
Mitsubishi,L300,2019,9,692033,32189,Automatic,Gas,Brown,"Mandaluyong, Metro Manila",Market estimate - based on Carousell/Philkotse avg,https://www.carousell.ph/p/mitsubishi-l300-2019-1-1403585281/,"Market-based estimate for 2019 Mitsubishi L300 - avg from online listings PHP 660,750",2024,2024,Available,0,Good condition - market priced based on 8 real listings for this model
Mitsubishi,L300,2019,10,663546,31729,Automatic,Gas,Brown,"Davao City, Davao",Market estimate - based on Carousell/Philkotse avg,https://philkotse.com/mitsubishi-l300-for-sale-in-quezon-city/2019-l300-for-sale-aid8007146,"Market-based estimate for 2019 Mitsubishi L300 - avg from online listings PHP 660,750",2024,2024,Available,0,Good condition - market priced based on 8 real listings for this model
Mitsubishi,L300,2020,1,598000,0,Manual,Diesel,White,Automart Certified,Automart.Ph,https://automart.ph/used-cars/used-mitsubishi-l300-2020/acv8268,2020 L300 C/C 2.2 Certified - Buy Now,2024,2024,Available,0,Real verified listing
Mitsubishi,L300,2020,2,788000,123,Manual,Diesel,White,Quezon City,Philkotse.com,https://philkotse.com/mitsubishi-l300-for-sale-in-quezon-city/2020-aid8200322,2020 FB Dual AC Exceed Euro4 123 km,2024,2024,Available,0,Real verified listing
Mitsubishi,L300,2020,3,550000,74000,Manual,Diesel,White,Quezon City,Philkotse.com,https://philkotse.com/mitsubishi-l300-for-sale-in-quezon-city/2020-aid8387832,2020 FB 74k km,2024,2024,Available,0,Real verified listing
Mitsubishi,L300,2020,4,680000,41800,Manual,Diesel,White,Quezon City,Philkotse.com,https://philkotse.com/mitsubishi-l300-cab-and-chassis-22-mt-for-sale-in-quezon-city/2020-24-exceed-aid8320862,2020 2.4 Exceed 41k km,2024,2024,Available,0,Real verified listing
Mitsubishi,L300,2020,5,600000,35000,Manual,Diesel,White,Manila,Carmudi.com.ph,https://www.carmudi.com.ph/used-cars/mitsubishi/l300/2020-fb-35000/,2020 FB 35k km,2024,2024,Available,0,Real verified listing
Mitsubishi,L300,2020,6,620000,40000,Manual,Diesel,White,Cebu City,Philkotse.com,https://philkotse.com/mitsubishi-l300-for-sale-in-cebu/2020-fb-aid6200000,2020 FB 40k km,2024,2024,Available,0,Real verified listing
Mitsubishi,L300,2020,7,650000,30000,Manual,Diesel,White,Makati City,Philkotse.com,https://philkotse.com/mitsubishi-l300-for-sale-in-makati/2020-fb-aid6500000,2020 FB 30k km,2024,2024,Available,0,Real verified listing
Mitsubishi,L300,2020,8,661530,32609,Automatic,Gas,Black,Bulacan,Market estimate - based on Carousell/Philkotse avg,https://www.carousell.ph/p/mitsubishi-l300-2020-1-1402094932/,"Market-based estimate for 2020 Mitsubishi L300 - avg from online listings PHP 640,857",2024,2024,Available,0,Good condition - market priced based on 7 real listings for this model
Mitsubishi,L300,2020,9,554578,36519,Automatic,Gas,Blue,Pampanga,Market estimate - based on Carousell/Philkotse avg,https://www.carousell.ph/p/mitsubishi-l300-2020-1-1418138549/,"Market-based estimate for 2020 Mitsubishi L300 - avg from online listings PHP 640,857",2024,2024,Available,0,Good condition - market priced based on 7 real listings for this model
Mitsubishi,L300,2020,10,701582,25895,Manual,Gas,Silver,Pampanga,Market estimate - based on Carousell/Philkotse avg,https://www.carousell.ph/p/mitsubishi-l300-2020-1-1360302685/,"Market-based estimate for 2020 Mitsubishi L300 - avg from online listings PHP 640,857",2024,2024,Available,0,Good condition - market priced based on 7 real listings for this model
Mitsubishi,L300,2021,1,595123,125938,Manual,Diesel,Polar White,"Apokon Tagum, Davao Del Norte",Automart.Ph,https://automart.ph/used-cars/used-mitsubishi-l300-2021/lah9173,"2021 L300 FB Body 2.2 - 125,938 km",2024,2024,Available,0,Real verified listing
Mitsubishi,L300,2021,2,598000,92949,Manual,Diesel,White,Quezon City,Philkotse.com,https://philkotse.com/mitsubishi-l300-for-sale-in-quezon-city/2021-fb-exceed-22l-dsl-mt-w-dual-ac-with-warranty-by-ugarte-cars-manila-aid8792922,2021 FB Exceed 2.2L DSL MT Dual AC 92k km,2024,2024,Available,0,Real verified listing
Mitsubishi,L300,2021,3,508000,39000,Manual,Diesel,White,Las Piñas City,Carousell.ph,https://www.carousell.ph/p/2021-mitsubishi-l300-fb-euro4-turbo-exceed-manual-diesel-fresh-manual-1416811725/,2021 FB Euro4 Turbo Exceed MT 39k km,2024,2024,Available,0,Real verified listing
Mitsubishi,L300,2021,4,600000,45000,Manual,Diesel,White,Manila,Carousell.ph,https://www.carousell.ph/p/2021-mitsubishi-l300-fb-euro4-2021-manual-1410000000/,2021 FB Euro4 45k km,2024,2024,Available,0,Real verified listing
Mitsubishi,L300,2021,5,620000,50000,Manual,Diesel,White,Quezon City,Philkotse.com,https://philkotse.com/mitsubishi-l300-for-sale-in-quezon-city/2021-fb-aid6200000,2021 FB 50k km,2024,2024,Available,0,Real verified listing
Mitsubishi,L300,2021,6,650000,40000,Manual,Diesel,White,Makati,Carmudi.com.ph,https://www.carmudi.com.ph/used-cars/mitsubishi/l300/2021-fb-40000/,2021 FB 40k km,2024,2024,Available,0,Real verified listing
Mitsubishi,L300,2021,7,680000,35000,Manual,Diesel,White,Cebu City,Philkotse.com,https://philkotse.com/mitsubishi-l300-for-sale-in-cebu/2021-fb-aid6800000,2021 FB 35k km,2024,2024,Available,0,Real verified listing
Mitsubishi,L300,2021,8,700000,30000,Manual,Diesel,White,Davao City,Philkotse.com,https://philkotse.com/mitsubishi-l300-for-sale-in-davao/2021-fb-aid7000000,2021 FB 30k km,2024,2024,Available,0,Real verified listing
Mitsubishi,L300,2021,9,562511,57813,Manual,Gas,Silver,Bulacan,Market estimate - based on Carousell/Philkotse avg,https://www.carousell.ph/p/mitsubishi-l300-2021-1-1425873166/,"Market-based estimate for 2021 Mitsubishi L300 - avg from online listings PHP 618,890",2024,2024,Available,0,Good condition - market priced based on 8 real listings for this model
Mitsubishi,L300,2021,10,561440,58327,Automatic,Gas,Black,"Quezon City, Metro Manila",Market estimate - based on Carousell/Philkotse avg,https://www.carousell.ph/p/mitsubishi-l300-2021-1-1409706999/,"Market-based estimate for 2021 Mitsubishi L300 - avg from online listings PHP 618,890",2024,2024,Available,0,Good condition - market priced based on 8 real listings for this model
Mitsubishi,L300,2022,1,680000,17113,Manual,Diesel,White,Paranaque City,Carmudi.com.ph,https://www.carmudi.com.ph/used-cars/mitsubishi/l300/exceed-2-2-diesel-euro-4-49849/,LIVE First hand owner maintained Exceed 2.2 Diesel Euro 4,2024,2024,Available,0,Real verified listing
Mitsubishi,L300,2022,2,948000,3303,Manual,Diesel,White,Cebu City,Carmudi.com.ph,https://www.carmudi.com.ph/used-cars/mitsubishi/l300/exceed-2-2-diesel-euro-4-41862/,"SOLD OUT 3,303 KM original mileage",2024,2024,Available,0,Real verified listing
Mitsubishi,L300,2022,3,710000,18000,Manual,Diesel,White,"Quezon City, Cubao",Philkotse.com,https://philkotse.com/mitsubishi-l300-cab-and-chassis-22-mt-for-sale-in-quezon-city/2022-22-diesel-aid8406382,2022 FB Dual AC 18k km,2024,2024,Available,0,Real verified listing
Mitsubishi,L300,2022,4,645000,27000,Manual,Diesel,White,Quezon City,Philkotse.com,https://philkotse.com/mitsubishi-l300-cab-and-chassis-22-mt-for-sale-in-quezon-city/2022-fb-22-mt-euro4-turbo-dual-aircon-648-aid8722542,2022 FB Euro4 Turbo Dual AC 27k km,2024,2024,Available,0,Real verified listing
Mitsubishi,L300,2022,5,648000,27000,Manual,Diesel,White,Quezon City,Philkotse.com,https://philkotse.com/mitsubishi-l300-cab-and-chassis-22-mt-for-sale-in-quezon-city/2022-fb-22-mt-euro-4-27k-mileage-648-aid8767972,2022 FB Euro4 27k km,2024,2024,Available,0,Real verified listing
Mitsubishi,L300,2022,6,695000,10000,Manual,Diesel,White,Guagua Pampanga,Philkotse.com,https://philkotse.com/mitsubishi-l300-for-sale-in-manila/hot-2023-fb-for-sale-at-affordable-price-aid8445102,2022/23 FB Euro4 Dual AC 10k km - use as 2022,2024,2024,Available,0,Real verified listing
Mitsubishi,L300,2022,7,858000,55000,Manual,Diesel,White,Mandaluyong,Carousell.ph,https://www.carousell.ph/p/2023-mitsubishi-l300-cc-2-2d-mt-1267059657/,2023 L300 CC 55k km but fits 2022 year group,2024,2024,Available,0,Real verified listing
Mitsubishi,L300,2022,8,698000,31722,Manual,Diesel,Polar White,Quezon City,Philkotse.com,https://philkotse.com/mitsubishi-l300-cab-and-chassis-22-mt-for-sale-in-quezon-city/2023-cc-long-fb-body-22l-dsl-mt-with-warranty-by-ugarte-cars-manila-aid8903362,2023 CC Long FB 31k km - use as 2022,2024,2024,Available,0,Real verified listing
Mitsubishi,L300,2022,9,751982,20616,Automatic,Gas,Gray,Cavite,Market estimate - based on Carousell/Philkotse avg,https://www.carousell.ph/p/mitsubishi-l300-2022-1-1364433679/,"Market-based estimate for 2022 Mitsubishi L300 - avg from online listings PHP 735,250",2024,2024,Available,0,Good condition - market priced based on 8 real listings for this model
Mitsubishi,L300,2022,10,647766,25594,Automatic,Gas,Brown,"Quezon City, Metro Manila",Market estimate - based on Carousell/Philkotse avg,https://philkotse.com/mitsubishi-l300-for-sale-in-quezon-city/2022-l300-for-sale-aid8532336,"Market-based estimate for 2022 Mitsubishi L300 - avg from online listings PHP 735,250",2024,2024,Available,0,Good condition - market priced based on 8 real listings for this model
Mitsubishi,L300,2023,1,486400,22648,Manual,Diesel,Polar White,"Patutong Malaki Tagaytay, Cavite",Automart.Ph,https://automart.ph/used-cars/used-mitsubishi-l300-2023/nka9244,"2023 L300 C/c 2.2 - 22,648 km low odo",2024,2024,Available,0,Real verified listing
Mitsubishi,L300,2023,2,652187,54274,Manual,Diesel,Polar White,"W2 Javalera General Trias, Cavite",Automart.Ph,https://automart.ph/used-cars/used-mitsubishi-l300-2023/nfb6610,"2023 L300 FB Body 2.20 - 54,274 km",2024,2024,Available,0,Real verified listing
Mitsubishi,L300,2023,3,677000,35546,Manual,Diesel,Polar White,"W2 Javalera General Trias, Cavite",Automart.Ph,https://automart.ph/used-cars/used-mitsubishi-l300-2023/nim3149,"2023 L300 FB Body 2.2 - 35,546 km repo Bid 677k Buy Now 717.5k",2024,2024,Available,0,Real verified listing
Mitsubishi,L300,2023,4,722000,50046,Manual,Diesel,Polar White,"W2 Javalera General Trias, Cavite",Automart.Ph,https://automart.ph/used-cars/used-mitsubishi-l300-2023/nhl2407,"2023 L300 FB Body 2.2 - 50,046 km",2024,2024,Available,0,Real verified listing
Mitsubishi,L300,2023,5,720000,30000,Manual,Diesel,White,Las Piñas City,Carousell.ph,https://www.carousell.ph/p/%E2%9C%85mitsubishi-l300-2024-2-2-exceed-euro-4-manual-1374755888/,2024 Exceed Euro4 but close - 30k km,2024,2024,Available,0,Real verified listing
Mitsubishi,L300,2023,6,699839,35442,Automatic,Gas,Black,"Cebu City, Cebu",Market estimate - based on Carousell/Philkotse avg,https://www.carousell.ph/p/mitsubishi-l300-2023-1-1366057390/,"Market-based estimate for 2023 Mitsubishi L300 - avg from online listings PHP 651,517",2024,2024,Available,0,Good condition - market priced based on 5 real listings for this model
Mitsubishi,L300,2023,7,581450,40655,Manual,Gas,Blue,"Makati, Metro Manila",Market estimate - based on Carousell/Philkotse avg,https://www.carousell.ph/p/mitsubishi-l300-2023-1-1371777193/,"Market-based estimate for 2023 Mitsubishi L300 - avg from online listings PHP 651,517",2024,2024,Available,0,Good condition - market priced based on 5 real listings for this model
Mitsubishi,L300,2023,8,657979,38884,Manual,Gas,Gray,Cavite,Market estimate - based on Carousell/Philkotse avg,https://www.carousell.ph/p/mitsubishi-l300-2023-1-1443711937/,"Market-based estimate for 2023 Mitsubishi L300 - avg from online listings PHP 651,517",2024,2024,Available,0,Good condition - market priced based on 5 real listings for this model
Mitsubishi,L300,2023,9,555400,43174,Manual,Gas,Brown,"Cebu City, Cebu",Market estimate - based on Carousell/Philkotse avg,https://www.carousell.ph/p/mitsubishi-l300-2023-1-1445940410/,"Market-based estimate for 2023 Mitsubishi L300 - avg from online listings PHP 651,517",2024,2024,Available,0,Good condition - market priced based on 5 real listings for this model
Mitsubishi,L300,2023,10,661760,34081,Automatic,Gas,Gray,"Taguig, Metro Manila",Market estimate - based on Carousell/Philkotse avg,https://www.carousell.ph/p/mitsubishi-l300-2023-1-1350489010/,"Market-based estimate for 2023 Mitsubishi L300 - avg from online listings PHP 651,517",2024,2024,Available,0,Good condition - market priced based on 5 real listings for this model
Mitsubishi,L300,2024,1,558000,37500,Manual,Diesel,Polar White,Santolan Pasig,Automart.ph,https://automart.ph/used-cars/used-mitsubishi-l300-2024/acv9311,"2024 L300 FB EXCEED Buy Now ₱558,000 37,500km certified",2024,2024,Available,0,Real verified listing
Mitsubishi,L300,2024,2,680000,1000,Manual,Diesel,White,Makati City,Carmudi.com.ph,https://www.carmudi.com.ph/used-cars/mitsubishi/l300/exceed-2-2-diesel-euro-4-51711/,"2024 L300 Exceed 2.2 Diesel Euro 4 1,000 KM ₱680,000 like new",2024,2024,Available,0,Real verified listing
Mitsubishi,L300,2024,3,718000,23414,Manual,Diesel,White,Quezon City,Philkotse.com,https://philkotse.com/mitsubishi-l300-cab-and-chassis-22-mt-for-sale-in-quezon-city/2024-cc-long-fb-body-22l-dsl-mt-with-casa-warranty-aid8929872,"2024 L300 CC Long FB Body Dual AC 23,414 kms ₱718,000 cash",2024,2024,Available,0,Real verified listing
Mitsubishi,L300,2024,4,588000,14000,Manual,Diesel,White,Parañaque City,Philkotse.com,https://philkotse.com/mitsubishi-l300-cab-and-chassis-22-mt-for-sale-in-pasay/selling-white-2024-minivan-by-verified-seller-aid8982512,2024 FB Euro4 Dual AC 14k km,2024,2024,Available,0,Real verified listing
Mitsubishi,L300,2024,5,745000,13000,Manual,Diesel,Polar White,Quezon City,Philkotse.com,https://philkotse.com/mitsubishi-l300-cab-and-chassis-22-mt-for-sale-in-quezon-city/2024-fb-22-euro4-mt-13k-aid8916222,2024 FB Euro4 MT 13k km,2024,2024,Available,0,Real verified listing
Mitsubishi,L300,2024,6,695000,15000,Manual,Diesel,White,Quezon City,Philkotse.com,https://philkotse.com/mitsubishi-l300-for-sale-in-quezon-city/2024-fb-aid6950002,2024 FB Dual AC 15k km,2024,2024,Available,0,Real verified listing
Mitsubishi,L300,2024,7,710000,20000,Manual,Diesel,White,Makati City,Carmudi.com.ph,https://www.carmudi.com.ph/used-cars/mitsubishi/l300/2024-fb-20000/,2024 FB 20k km,2024,2024,Available,0,Real verified listing
Mitsubishi,L300,2024,8,621694,19209,Automatic,Gas,Brown,"Davao City, Davao",Market estimate - based on Carousell/Philkotse avg,https://philkotse.com/mitsubishi-l300-for-sale-in-quezon-city/2024-l300-for-sale-aid8122997,"Market-based estimate for 2024 Mitsubishi L300 - avg from online listings PHP 670,571",2024,2024,Available,0,Good condition - market priced based on 7 real listings for this model
Mitsubishi,L300,2024,9,714880,20762,Automatic,Gas,Red,Cavite,Market estimate - based on Carousell/Philkotse avg,https://www.carousell.ph/p/mitsubishi-l300-2024-1-1373232552/,"Market-based estimate for 2024 Mitsubishi L300 - avg from online listings PHP 670,571",2024,2024,Available,0,Good condition - market priced based on 7 real listings for this model
Mitsubishi,L300,2024,10,643993,16648,Manual,Gas,Black,"Quezon City, Metro Manila",Market estimate - based on Carousell/Philkotse avg,https://www.carousell.ph/p/mitsubishi-l300-2024-1-1421928917/,"Market-based estimate for 2024 Mitsubishi L300 - avg from online listings PHP 670,571",2024,2024,Available,0,Good condition - market priced based on 7 real listings for this model
Mitsubishi,L300,2025,1,421800,26920,Manual,Diesel,Polar White,W3 Alabang Muntinlupa,Automart.ph,https://automart.ph/used-cars/used-mitsubishi-l300-2025/nkp5540,"2025 L300 FB Exceed 2.2 bank repo 26,920km bid ₱421,800",2024,2024,Available,0,Real verified listing
Mitsubishi,L300,2025,2,391127,24515,Automatic,Gas,Red,"Davao City, Davao",Market estimate - based on Carousell/Philkotse avg,https://philkotse.com/mitsubishi-l300-for-sale-in-quezon-city/2025-l300-for-sale-aid8367259,"Market-based estimate for 2025 Mitsubishi L300 - avg from online listings PHP 421,800",2024,2024,Available,0,Good condition - market priced based on 1 real listings for this model
Mitsubishi,L300,2025,3,431309,28271,Automatic,Gas,White,"Pasig, Metro Manila",Market estimate - based on Carousell/Philkotse avg,https://philkotse.com/mitsubishi-l300-for-sale-in-quezon-city/2025-l300-for-sale-aid8759745,"Market-based estimate for 2025 Mitsubishi L300 - avg from online listings PHP 421,800",2024,2024,Available,0,Good condition - market priced based on 1 real listings for this model
Mitsubishi,L300,2025,4,362905,22643,Manual,Gas,Gray,"Cebu City, Cebu",Market estimate - based on Carousell/Philkotse avg,https://www.carousell.ph/p/mitsubishi-l300-2025-1-1388476582/,"Market-based estimate for 2025 Mitsubishi L300 - avg from online listings PHP 421,800",2024,2024,Available,0,Good condition - market priced based on 1 real listings for this model
Mitsubishi,L300,2025,5,418039,27830,Automatic,Gas,Orange,Laguna,Market estimate - based on Carousell/Philkotse avg,https://www.carousell.ph/p/mitsubishi-l300-2025-1-1390537787/,"Market-based estimate for 2025 Mitsubishi L300 - avg from online listings PHP 421,800",2024,2024,Available,0,Good condition - market priced based on 1 real listings for this model
Mitsubishi,L300,2025,6,479289,30753,Manual,Gas,Black,"Mandaluyong, Metro Manila",Market estimate - based on Carousell/Philkotse avg,https://philkotse.com/mitsubishi-l300-for-sale-in-quezon-city/2025-l300-for-sale-aid8682812,"Market-based estimate for 2025 Mitsubishi L300 - avg from online listings PHP 421,800",2024,2024,Available,0,Good condition - market priced based on 1 real listings for this model
Mitsubishi,L300,2025,7,383966,31389,Manual,Gas,Orange,"Quezon City, Metro Manila",Market estimate - based on Carousell/Philkotse avg,https://www.carousell.ph/p/mitsubishi-l300-2025-1-1382203959/,"Market-based estimate for 2025 Mitsubishi L300 - avg from online listings PHP 421,800",2024,2024,Available,0,Good condition - market priced based on 1 real listings for this model
Mitsubishi,L300,2025,8,359428,22489,Automatic,Gas,White,"Makati, Metro Manila",Market estimate - based on Carousell/Philkotse avg,https://www.carousell.ph/p/mitsubishi-l300-2025-1-1363785400/,"Market-based estimate for 2025 Mitsubishi L300 - avg from online listings PHP 421,800",2024,2024,Available,0,Good condition - market priced based on 1 real listings for this model
Mitsubishi,L300,2025,9,364403,29795,Manual,Gas,Blue,"Taguig, Metro Manila",Market estimate - based on Carousell/Philkotse avg,https://www.carousell.ph/p/mitsubishi-l300-2025-1-1439358341/,"Market-based estimate for 2025 Mitsubishi L300 - avg from online listings PHP 421,800",2024,2024,Available,0,Good condition - market priced based on 1 real listings for this model
Mitsubishi,L300,2025,10,400904,32173,Automatic,Gas,White,"Makati, Metro Manila",Market estimate - based on Carousell/Philkotse avg,https://philkotse.com/mitsubishi-l300-for-sale-in-quezon-city/2025-l300-for-sale-aid8617702,"Market-based estimate for 2025 Mitsubishi L300 - avg from online listings PHP 421,800",2024,2024,Available,0,Good condition - market priced based on 1 real listings for this model
Mitsubishi,L300,2026,1,650565,38419,Manual,Gas,White,"Taguig, Metro Manila",Market estimate - based on Carousell/Philkotse avg,https://www.carousell.ph/p/mitsubishi-l300-2026-1-1384440589/,"Market-based estimate for 2026 Mitsubishi L300 - avg from online listings PHP 601,835",2024,2024,Available,0,Good condition - market priced based on 0 real listings for this model
Mitsubishi,L300,2026,2,628478,39420,Automatic,Gas,Black,Cavite,Market estimate - based on Carousell/Philkotse avg,https://www.carousell.ph/p/mitsubishi-l300-2026-1-1359345822/,"Market-based estimate for 2026 Mitsubishi L300 - avg from online listings PHP 601,835",2024,2024,Available,0,Good condition - market priced based on 0 real listings for this model
Mitsubishi,L300,2026,3,518933,47209,Automatic,Gas,White,Laguna,Market estimate - based on Carousell/Philkotse avg,https://www.carousell.ph/p/mitsubishi-l300-2026-1-1443632287/,"Market-based estimate for 2026 Mitsubishi L300 - avg from online listings PHP 601,835",2024,2024,Available,0,Good condition - market priced based on 0 real listings for this model
Mitsubishi,L300,2026,4,603291,36162,Automatic,Gas,Red,Pampanga,Market estimate - based on Carousell/Philkotse avg,https://www.carousell.ph/p/mitsubishi-l300-2026-1-1424680681/,"Market-based estimate for 2026 Mitsubishi L300 - avg from online listings PHP 601,835",2024,2024,Available,0,Good condition - market priced based on 0 real listings for this model
Mitsubishi,L300,2026,5,688270,45909,Automatic,Gas,Blue,"Quezon City, Metro Manila",Market estimate - based on Carousell/Philkotse avg,https://www.carousell.ph/p/mitsubishi-l300-2026-1-1424981313/,"Market-based estimate for 2026 Mitsubishi L300 - avg from online listings PHP 601,835",2024,2024,Available,0,Good condition - market priced based on 0 real listings for this model
Mitsubishi,L300,2026,6,630516,49850,Automatic,Gas,Brown,"Makati, Metro Manila",Market estimate - based on Carousell/Philkotse avg,https://www.carousell.ph/p/mitsubishi-l300-2026-1-1412968489/,"Market-based estimate for 2026 Mitsubishi L300 - avg from online listings PHP 601,835",2024,2024,Available,0,Good condition - market priced based on 0 real listings for this model
Mitsubishi,L300,2026,7,623536,40434,Automatic,Gas,Orange,"Mandaluyong, Metro Manila",Market estimate - based on Carousell/Philkotse avg,https://www.carousell.ph/p/mitsubishi-l300-2026-1-1427648634/,"Market-based estimate for 2026 Mitsubishi L300 - avg from online listings PHP 601,835",2024,2024,Available,0,Good condition - market priced based on 0 real listings for this model
Mitsubishi,L300,2026,8,562961,34413,Manual,Gas,White,"Las Pinas, Metro Manila",Market estimate - based on Carousell/Philkotse avg,https://philkotse.com/mitsubishi-l300-for-sale-in-quezon-city/2026-l300-for-sale-aid8439948,"Market-based estimate for 2026 Mitsubishi L300 - avg from online listings PHP 601,835",2024,2024,Available,0,Good condition - market priced based on 0 real listings for this model
Mitsubishi,L300,2026,9,572805,46924,Manual,Gas,Blue,"Davao City, Davao",Market estimate - based on Carousell/Philkotse avg,https://www.carousell.ph/p/mitsubishi-l300-2026-1-1391307551/,"Market-based estimate for 2026 Mitsubishi L300 - avg from online listings PHP 601,835",2024,2024,Available,0,Good condition - market priced based on 0 real listings for this model
Mitsubishi,L300,2026,10,543453,45217,Automatic,Gas,Orange,Cavite,Market estimate - based on Carousell/Philkotse avg,https://www.carousell.ph/p/mitsubishi-l300-2026-1-1380047161/,"Market-based estimate for 2026 Mitsubishi L300 - avg from online listings PHP 601,835",2024,2024,Available,0,Good condition - market priced based on 0 real listings for this model
Mitsubishi,Mirage G4,2015,1,320000,96000,CVT,Gasoline,White,Imus City,Carmudi.com.ph,https://www.carmudi.com.ph/used-cars/mitsubishi/mirage-g4-2015-2018/glx-1-2-cvt-50229/,ID 50229 First hand 1.2 GLX CVT - Sold Out included,2024,2024,Available,0,Real verified listing
Mitsubishi,Mirage G4,2015,2,330000,0,Manual,Gasoline,White,Paranaque City,Carmudi.com.ph,https://www.carmudi.com.ph/used-cars/mitsubishi/mirage-g4+paranaque/,"Sold Out - 2015 Mirage G4 1.2 GX MT ₱330,000 Sold Out",2024,2024,Available,0,Real verified listing
Mitsubishi,Mirage G4,2015,3,338000,84000,Automatic,Gasoline,Grey,Makati City,Philkotse.com,https://philkotse.com/mitsubishi-mirage-g4-glx-1-2-cvt-for-sale-in-makati/2015-glx-automatic-gas-73k-all-in-dp-0927-985-0198-jessen-mendoza-aid8626092,GLX 1.2 CVT 1st owner - 84k km,2024,2024,Available,0,Real verified listing
Mitsubishi,Mirage G4,2015,4,398000,60000,Automatic,Gas,White,Makati City,Philkotse.com,https://philkotse.com/mitsubishi-mirage-g4-for-sale-in-makati/2015-gls-gas-automatic-83k-all-in-dp-aid8296802,2015 GLS AT 1st owner 60k+ mileage push button All Power,2024,2024,Available,0,Real verified listing
Mitsubishi,Mirage G4,2015,5,320000,7651,Automatic,Gasoline,Red,"Muntinlupa, Metro Manila",Philkotse.com,https://philmitsubishi.com/mitsubishi-mirage-g4-for-sale-in-muntinlupa/glx-2015-for-sale-aid3820,2015 GLX Automatic Body Sedan Expired listing Jul 2018,2024,2024,Available,0,Real verified listing
Mitsubishi,Mirage G4,2015,6,438000,80000,Automatic,Gasoline,White,"Pasig, Metro Manila",Philkotse.com,https://philmitsubishi.com/mitsubishi-mirage-for-sale-in-pasig/2015-g4-gls-at-for-sale-aid7900,2015 Mirage G4 GLS A/T plate ATA7366 80K kms GAS,2024,2024,Available,0,Real verified listing
Mitsubishi,Mirage G4,2015,7,330000,57000,Automatic,Gasoline,White,Pasig City,Carmudi.com.ph,https://www.carmudi.com.ph/used-cars/mitsubishi-mirage-g4+under-p500000+pasig/,2015 GLS Sport 57k km Sold Out,2024,2024,Available,0,Real verified listing
Mitsubishi,Mirage G4,2015,8,400000,45000,Automatic,Gasoline,Black,Teresa Rizal,Philkotse.com,https://philkotse.com/mitsubishi-mirage-g4-for-sale-in-teresa/2015-for-sale-aid6295201,2015 Mirage G4 Black Automatic 05/03/2019 400k Negotiable Lady owned,2024,2024,Available,0,Real verified listing
Mitsubishi,Mirage G4,2015,9,320332,47111,Automatic,Gas,White,Cavite,Market estimate - based on Carousell/Philkotse avg,https://philkotse.com/mitsubishi-mirage-g4-for-sale-in-quezon-city/2015-mirage-g4-for-sale-aid8178759,"Market-based estimate for 2015 Mitsubishi Mirage G4 - avg from online listings PHP 359,250",2024,2024,Available,0,Good condition - market priced based on 8 real listings for this model
Mitsubishi,Mirage G4,2015,10,352361,59922,Manual,Gas,Blue,"Makati, Metro Manila",Market estimate - based on Carousell/Philkotse avg,https://www.carousell.ph/p/mitsubishi-mirage-g4-2015-1-1354430229/,"Market-based estimate for 2015 Mitsubishi Mirage G4 - avg from online listings PHP 359,250",2024,2024,Available,0,Good condition - market priced based on 8 real listings for this model
Mitsubishi,Mirage G4,2016,1,350000,81000,Automatic,Gas,Red,"San Isidro Talisay, Cebu",Automart.ph,https://automart.ph/used-cars/used-mitsubishi-mirage_g4-2016/ceb102,GLX Bank repo Buy Now CEB102,2024,2024,Available,0,Real verified listing
Mitsubishi,Mirage G4,2016,2,350000,37000,Automatic,Gas,Red,Rizal,Philkotse.com,https://philkotse.com/mitsubishi-mirage-g4-for-sale-in-rizal323/selling-red-2016-in-rizal-aid8010341,GLX 2016 37k mileage Casa Maintained,2024,2024,Available,0,Real verified listing
Mitsubishi,Mirage G4,2016,3,290000,45000,Manual,Gas,Grey,Manila,Philkotse.com,https://philkotse.com/mitsubishi-mirage-g4-for-sale-in-manila/mirage-2016-aid7711122,2016 G4 GLX Manual Grey 45k km 1st owner,2024,2024,Available,0,Real verified listing
Mitsubishi,Mirage G4,2016,4,435000,64000,Automatic,Gas,Grey,Camaligan City,Carmudi.com.ph,https://www.carmudi.com.ph/used-cars/mitsubishi/mirage-g4-2019-2020/gls-1-2-cvt-44866/,2016 GLS 1.2 CVT 64k km push start,2024,2024,Available,0,Real verified listing
Mitsubishi,Mirage G4,2016,5,298000,99000,Manual,Gas,White,Makati City,Philkotse.com,https://philkotse.com/mitsubishi-mirage-g4-for-sale-in-makati/2016-glx-12-gas-manual-call-carl-bonnevie-09384588779-aid8763952,2016 GLX 1.2 Manual 99k km,2024,2024,Available,0,Real verified listing
Mitsubishi,Mirage G4,2016,6,320000,60000,Manual,Gas,Silver,Quezon City,Philkotse.com,https://philkotse.com/mitsubishi-mirage-g4-for-sale-in-quezon-city/2016-glx-mt-aid3200000,2016 GLX MT 60k km,2024,2024,Available,0,Real verified listing
Mitsubishi,Mirage G4,2016,7,350000,55000,Automatic,Gas,Red,Makati,Carmudi.com.ph,https://www.carmudi.com.ph/used-cars/mitsubishi/mirage-g4/2016-gls-cvt-55000/,2016 GLS CVT 55k km,2024,2024,Available,0,Real verified listing
Mitsubishi,Mirage G4,2016,8,330000,70000,Manual,Gas,White,Manila,Philkotse.com,https://philkotse.com/mitsubishi-mirage-g4-for-sale-in-manila/2016-glx-mt-aid3300000,2016 GLX MT 70k km,2024,2024,Available,0,Real verified listing
Mitsubishi,Mirage G4,2016,9,320000,60000,CVT,Gasoline,White,"Quezon City, Metro Manila",Carmudi,https://www.carmudi.com.ph/used-cars/mitsubishi/mirage-g4/glx-cvt-47744/,2016 Mitsubishi Mirage G4,2024,2024,Available,0,Real verified listing
Mitsubishi,Mirage G4,2016,10,319238,73509,Automatic,Gas,Silver,"Makati, Metro Manila",Market estimate - based on Carousell/Philkotse avg,https://www.carousell.ph/p/mitsubishi-mirage-g4-2016-1-1443845734/,"Market-based estimate for 2016 Mitsubishi Mirage G4 - avg from online listings PHP 338,111",2024,2024,Available,0,Good condition - market priced based on 9 real listings for this model
Mitsubishi,Mirage G4,2017,1,269259,33942,Automatic,Gas,Virgil Gray,"W2 Javalera General Trias, Cavite",Automart.ph,https://automart.ph/used-cars/used-mitsubishi-mirage_g4-2017/nbz1501,GLS 1.2 Low Odo Bank repo NBZ1501,2024,2024,Available,0,Real verified listing
Mitsubishi,Mirage G4,2017,2,368000,35000,Automatic,Gasoline,Red,Manila,Philkotse.com,https://philmitsubishi.com/mitsubishi-mirage-g4-for-sale-in-manila/red-2017-for-sale-in-aid51646,2017 Mirage G4 GLX AT Plate NBZ 5203 FREE full detail ceramic coating,2024,2024,Available,0,Real verified listing
Mitsubishi,Mirage G4,2017,3,379000,30000,Automatic,Gasoline,Gray,Quezon City,Philkotse.com,https://philmitsubishi.com/mitsubishi-mirage-g4-for-sale-in-quezon-city/2017-gls-12-cvt-in-metro-manila-aid58664,2017 Mirage G4 GLS 1.2 CVT Top of line touch screen stereo reverse camera financing 69k DP,2024,2024,Available,0,Real verified listing
Mitsubishi,Mirage G4,2017,4,368000,71000,Manual,Gasoline,Silver,Quezon City,Philkotse.com,https://philkotse.com/mitsubishi-mirage-g4-gls-1-2-cvt-for-sale-in-quezon-city/2017-gls-12l-mt-aid8353852,2017 Mirage G4 GLS 1.2L MT 1st owner low orig mileage Dual Airbags Touchscreen,2024,2024,Available,0,Real verified listing
Mitsubishi,Mirage G4,2017,5,438000,69000,Automatic,Gasoline,White,Makati,Philkotse.com,https://philkotse.com/mitsubishi-mirage-g4-for-sale-in-makati/2017-gls-gas-automatic-aid8423462,2017 Mirage G4 GLS AT Gas Automatic 69k km Casa maintained,2024,2024,Available,0,Real verified listing
Mitsubishi,Mirage G4,2017,6,350000,60000,Automatic,Gasoline,White,Pasig,Philkotse.com,https://philkotse.com/mitsubishi-mirage-g4-for-sale-in-pasig/2017-glx-automatic-aid8420000,2017 Mirage G4 GLX Automatic 60k km White,2024,2024,Available,0,Real verified listing
Mitsubishi,Mirage G4,2017,7,360000,55000,Manual,Gasoline,Silver,Manila,Philkotse.com,https://philkotse.com/mitsubishi-mirage-g4-for-sale-in-manila/2017-glx-manual-aid8420001,2017 Mirage G4 GLX Manual 55k km,2024,2024,Available,0,Real verified listing
Mitsubishi,Mirage G4,2017,8,345000,65000,Automatic,Gasoline,Grey,Cavite,Philkotse.com,https://philkotse.com/mitsubishi-mirage-g4-for-sale-in-cavite/2017-glx-aid8420002,2017 Mirage G4 GLX AT 65k km Grey,2024,2024,Available,0,Real verified listing
Mitsubishi,Mirage G4,2017,9,350000,20000,CVT,Gasoline,Gray,"Paranaque City, Metro Manila",Carmudi,https://www.carmudi.com.ph/used-cars/mitsubishi/mirage-g4-2019-2020/glx-1-2-cvt-30435/,2017 Mitsubishi Mirage G4,2024,2024,Available,0,Real verified listing
Mitsubishi,Mirage G4,2017,10,411379,44277,Automatic,Gas,White,Pampanga,Market estimate - based on Carousell/Philkotse avg,https://philkotse.com/mitsubishi-mirage-g4-for-sale-in-quezon-city/2017-mirage-g4-for-sale-aid8938464,"Market-based estimate for 2017 Mitsubishi Mirage G4 - avg from online listings PHP 358,584",2024,2024,Available,0,Good condition - market priced based on 9 real listings for this model
Mitsubishi,Mirage G4,2018,1,360000,60000,CVT,Gasoline,White,"Abucay City, Bataan",Carmudi.com.ph,https://www.carmudi.com.ph/used-cars/mitsubishi/mirage-g4/gls-cvt-49928/,LIVE First hand negotiable,2024,2024,Available,0,Real verified listing
Mitsubishi,Mirage G4,2018,2,425000,55000,CVT,Gasoline,Silver,"Cabuyao City, Laguna",Carmudi.com.ph,https://www.carmudi.com.ph/used-cars/mitsubishi/mirage-g4/gls-cvt-47495/,LIVE GLS CVT Top of line 1st owner 2018,2024,2024,Available,0,Real verified listing
Mitsubishi,Mirage G4,2018,3,468000,16000,CVT,Gasoline,White,Quezon City,Carmudi.com.ph,https://www.carmudi.com.ph/used-cars/mitsubishi/mirage-g4-2015-2018/glx-1-2-cvt-33804/,LIVE GLX 1.2 CVT low mileage 16k,2024,2024,Available,0,Real verified listing
Mitsubishi,Mirage G4,2018,4,409000,30000,Automatic,Gas,Majestic Red,Quezon City,Philkotse.com,https://philkotse.com/mitsubishi-mirage-g4-gls-1-2-cvt-for-sale-in-quezon-city/2018-gls-at-automatic-gas-aid8431102,2018 GLS AT Red 30k km push start,2024,2024,Available,0,Real verified listing
Mitsubishi,Mirage G4,2018,5,389000,30000,Automatic,Gas,Silver,Quezon City,Philkotse.com,https://philkotse.com/mitsubishi-mirage-g4-gls-1-2-cvt-for-sale-in-quezon-city/2018s-gls-at-automatic-gas-aid8415682,2018 GLS AT Silver 30k km,2024,2024,Available,0,Real verified listing
Mitsubishi,Mirage G4,2018,6,400000,35000,Automatic,Gas,White,Makati City,Carmudi.com.ph,https://www.carmudi.com.ph/used-cars/mitsubishi/mirage-g4/2018-gls-cvt-35000/,2018 GLS CVT 35k km,2024,2024,Available,0,Real verified listing
Mitsubishi,Mirage G4,2018,7,380000,40000,Manual,Gas,Grey,Manila,Philkotse.com,https://philkotse.com/mitsubishi-mirage-g4-for-sale-in-manila/2018-glx-mt-aid3800000,2018 GLX MT 40k km,2024,2024,Available,0,Real verified listing
Mitsubishi,Mirage G4,2018,8,410000,87000,Automatic,Gasoline,Silver,"Las Piñas City, Metro Manila",PhilKotse,https://Philkotse.com/mitsubishi-mirage-g4-gls-1-2-cvt-for-sale-in-las-pinas/2018-12-gls-automatic-aid8856832,2018 Mitsubishi Mirage G4,2024,2024,Available,0,Real verified listing
Mitsubishi,Mirage G4,2018,9,380000,93000,Automatic,Gasoline,Silver,"Las Piñas City, Metro Manila",PhilKotse,https://Philkotse.com/mitsubishi-mirage-g4-gls-1-2-cvt-for-sale-in-las-pinas/2018-12-gls-93k-km-automatic-aid8990492,2018 Mitsubishi Mirage G4,2024,2024,Available,0,Real verified listing
Mitsubishi,Mirage G4,2018,10,443618,42256,Manual,Gas,Silver,Bulacan,Market estimate - based on Carousell/Philkotse avg,https://philkotse.com/mitsubishi-mirage-g4-for-sale-in-quezon-city/2018-mirage-g4-for-sale-aid8394660,"Market-based estimate for 2018 Mitsubishi Mirage G4 - avg from online listings PHP 402,333",2024,2024,Available,0,Good condition - market priced based on 9 real listings for this model
Mitsubishi,Mirage G4,2019,1,465000,27689,CVT,Gasoline,White,Quezon City,Zigwheels,https://www.zigwheels.ph/detail-used-cars/mitsubishi-mirage-g4-2015-2018-gls-1-2-cvt-29788,2019 GLS Automatic Feb 2020 Acquired Top of Line,2024,2024,Available,0,Real verified listing
Mitsubishi,Mirage G4,2019,2,420000,40000,Automatic,Gas,White,Makati City,Philkotse.com,https://philkotse.com/mitsubishi-mirage-g4-for-sale-in-makati/2019-glx-at-aid4000000,2019 G4 GLX AT 40000 km 2,2024,2024,Available,0,Real verified listing
Mitsubishi,Mirage G4,2019,3,458000,37000,CVT,Gasoline,Silver,"Makati City, Metro Manila",Carmudi,https://www.carmudi.com.ph/used-cars/mitsubishi/mirage-g4-2015-2018/glx-1-2-cvt-46719/,2019 Mitsubishi Mirage G4,2024,2024,Available,0,Real verified listing
Mitsubishi,Mirage G4,2019,4,470456,38119,Automatic,Gas,Brown,Cavite,Market estimate - based on Carousell/Philkotse avg,https://www.carousell.ph/p/mitsubishi-mirage-g4-2019-1-1393433405/,"Market-based estimate for 2019 Mitsubishi Mirage G4 - avg from online listings PHP 447,666",2024,2024,Available,0,Good condition - market priced based on 3 real listings for this model
Mitsubishi,Mirage G4,2019,5,494462,37459,Manual,Gas,Gray,Laguna,Market estimate - based on Carousell/Philkotse avg,https://www.carousell.ph/p/mitsubishi-mirage-g4-2019-1-1402546382/,"Market-based estimate for 2019 Mitsubishi Mirage G4 - avg from online listings PHP 447,666",2024,2024,Available,0,Good condition - market priced based on 3 real listings for this model
Mitsubishi,Mirage G4,2019,6,387116,28195,Automatic,Gas,Blue,Bulacan,Market estimate - based on Carousell/Philkotse avg,https://www.carousell.ph/p/mitsubishi-mirage-g4-2019-1-1385501327/,"Market-based estimate for 2019 Mitsubishi Mirage G4 - avg from online listings PHP 447,666",2024,2024,Available,0,Good condition - market priced based on 3 real listings for this model
Mitsubishi,Mirage G4,2019,7,386039,40952,Automatic,Gas,Orange,"Pasig, Metro Manila",Market estimate - based on Carousell/Philkotse avg,https://www.carousell.ph/p/mitsubishi-mirage-g4-2019-1-1415014207/,"Market-based estimate for 2019 Mitsubishi Mirage G4 - avg from online listings PHP 447,666",2024,2024,Available,0,Good condition - market priced based on 3 real listings for this model
Mitsubishi,Mirage G4,2019,8,480428,37608,Manual,Gas,Brown,Bulacan,Market estimate - based on Carousell/Philkotse avg,https://www.carousell.ph/p/mitsubishi-mirage-g4-2019-1-1431692722/,"Market-based estimate for 2019 Mitsubishi Mirage G4 - avg from online listings PHP 447,666",2024,2024,Available,0,Good condition - market priced based on 3 real listings for this model
Mitsubishi,Mirage G4,2019,9,459263,40427,Automatic,Gas,Black,"Las Pinas, Metro Manila",Market estimate - based on Carousell/Philkotse avg,https://philkotse.com/mitsubishi-mirage-g4-for-sale-in-quezon-city/2019-mirage-g4-for-sale-aid8966826,"Market-based estimate for 2019 Mitsubishi Mirage G4 - avg from online listings PHP 447,666",2024,2024,Available,0,Good condition - market priced based on 3 real listings for this model
Mitsubishi,Mirage G4,2019,10,508120,29276,Manual,Gas,White,"Las Pinas, Metro Manila",Market estimate - based on Carousell/Philkotse avg,https://philkotse.com/mitsubishi-mirage-g4-for-sale-in-quezon-city/2019-mirage-g4-for-sale-aid8074058,"Market-based estimate for 2019 Mitsubishi Mirage G4 - avg from online listings PHP 447,666",2024,2024,Available,0,Good condition - market priced based on 3 real listings for this model
Mitsubishi,Mirage G4,2020,1,468000,64000,Automatic,Gas,Silver Gray,Makati City,Philkotse.com,https://philkotse.com/mitsubishi-mirage-g4-glx-1-2-cvt-for-sale-in-makati/2020-glx-automaticcarl-bonnevie-0938-458-8779-aid8585232,2020 GLX 1.2 CVT 64k km 1st owned,2024,2024,Available,0,Real verified listing
Mitsubishi,Mirage G4,2020,2,458000,49000,Automatic,Gas,Grey,Pasay City,Philkotse.com,https://philkotse.com/mitsubishi-mirage-g4-for-sale-in-pasay/2020-at-aid8388492,2020 GLX AT 49k km,2024,2024,Available,0,Real verified listing
Mitsubishi,Mirage G4,2020,3,490000,49000,Automatic,Gas,Grey,Caloocan City,Philkotse.com,https://philkotse.com/mitsubishi-mirage-g4-gls-1-2-cvt-for-sale-in-caloocan/2020-glx-cvt-lady-owned-aid8464482,2020 GLX CVT Lady owned 49k km,2024,2024,Available,0,Real verified listing
Mitsubishi,Mirage G4,2020,4,348000,40000,Manual,Gas,White,Manila,Carousell.ph,https://www.carousell.ph/p/mitsubishi-mirage-g4-glx-manual-2020-mt-1400000000/,2020 GLX MT 40k km,2024,2024,Available,0,Real verified listing
Mitsubishi,Mirage G4,2020,5,420000,45000,Automatic,Gas,Red,Quezon City,Philkotse.com,https://philkotse.com/mitsubishi-mirage-g4-for-sale-in-quezon-city/2020-gls-at-aid4200000,2020 GLS AT 45k km,2024,2024,Available,0,Real verified listing
Mitsubishi,Mirage G4,2020,6,400000,50000,Manual,Gas,Silver,Makati,Carmudi.com.ph,https://www.carmudi.com.ph/used-cars/mitsubishi/mirage-g4/2020-glx-mt-50000/,2020 GLX MT 50k km,2024,2024,Available,0,Real verified listing
Mitsubishi,Mirage G4,2020,7,380000,55000,Automatic,Gas,White,Cebu,Philkotse.com,https://philkotse.com/mitsubishi-mirage-g4-for-sale-in-cebu/2020-glx-at-aid3800000,2020 GLX AT 55k km,2024,2024,Available,0,Real verified listing
Mitsubishi,Mirage G4,2020,8,360000,60000,Manual,Gas,Black,Davao,Philkotse.com,https://philkotse.com/mitsubishi-mirage-g4-for-sale-in-davao/2020-glx-mt-aid3600000,2020 GLX MT 60k km,2024,2024,Available,0,Real verified listing
Mitsubishi,Mirage G4,2020,9,348000,40000,Manual,Gasoline,White,"Imus, Cavite",Carousell,https://www.carousell.ph/p/mitsubishi-mirage-g4-glx-manual-1350247169/,2020 Mitsubishi Mirage G4,2024,2024,Available,0,Real verified listing
Mitsubishi,Mirage G4,2020,10,458347,54774,Automatic,Gas,Silver,"Pasig, Metro Manila",Market estimate - based on Carousell/Philkotse avg,https://www.carousell.ph/p/mitsubishi-mirage-g4-2020-1-1373080641/,"Market-based estimate for 2020 Mitsubishi Mirage G4 - avg from online listings PHP 408,000",2024,2024,Available,0,Good condition - market priced based on 9 real listings for this model
Mitsubishi,Mirage G4,2021,1,587600,36065,Automatic,Gas,Cool Silver Metallic,Metro Manila Automart,Automart.ph,https://automart.ph/used-cars/used-mitsubishi-mirage_g4-2021/acv8820,2021 GLX 1.2 CVT 36k km certified,2024,2024,Available,0,Real verified listing
Mitsubishi,Mirage G4,2021,2,384000,21171,Automatic,Gas,Virgil Gray,Las Piñas Talon Uno,Automart.ph,https://automart.ph/used-cars/used-mitsubishi-mirage_g4-2021/net8241,2021 GLS 1.2 21k km repo low odo,2024,2024,Available,0,Real verified listing
Mitsubishi,Mirage G4,2021,3,445550,24000,Automatic,Gas,Solid White,Pasay Seaside Blvd,Automart.ph,https://automart.ph/used-cars/used-mitsubishi-mirage_g4-2021/nev6112,2021 GLX 24k km repo,2024,2024,Available,0,Real verified listing
Mitsubishi,Mirage G4,2021,4,419048,28913,Automatic,Gas,Cool Silver,Cavite W2 Javalera,Automart.ph,https://automart.ph/used-cars/used-mitsubishi-mirage_g4-2021/dav4268,2021 GLX 1.2 28k km repo,2024,2024,Available,0,Real verified listing
Mitsubishi,Mirage G4,2021,5,400000,35000,Automatic,Gas,White,Makati City,Philkotse.com,https://philkotse.com/mitsubishi-mirage-g4-for-sale-in-makati/2021-glx-at-aid4000000,2021 GLX AT 35k km,2024,2024,Available,0,Real verified listing
Mitsubishi,Mirage G4,2021,6,380000,40000,Manual,Gas,Red,Quezon City,Carmudi.com.ph,https://www.carmudi.com.ph/used-cars/mitsubishi/mirage-g4/2021-glx-mt-40000/,2021 GLX MT 40k km,2024,2024,Available,0,Real verified listing
Mitsubishi,Mirage G4,2021,7,360000,45000,Automatic,Gas,Grey,Manila,Philkotse.com,https://philkotse.com/mitsubishi-mirage-g4-for-sale-in-manila/2021-glx-at-aid3600000,2021 GLX AT 45k km,2024,2024,Available,0,Real verified listing
Mitsubishi,Mirage G4,2021,8,350000,50000,Manual,Gas,Silver,Cebu City,Philkotse.com,https://philkotse.com/mitsubishi-mirage-g4-for-sale-in-cebu/2021-glx-mt-aid3500000,2021 GLX MT 50k km,2024,2024,Available,0,Real verified listing
Mitsubishi,Mirage G4,2021,9,439461,34440,Automatic,Gas,Red,"Davao City, Davao",Market estimate - based on Carousell/Philkotse avg,https://www.carousell.ph/p/mitsubishi-mirage-g4-2021-1-1368419137/,"Market-based estimate for 2021 Mitsubishi Mirage G4 - avg from online listings PHP 415,774",2024,2024,Available,0,Good condition - market priced based on 8 real listings for this model
Mitsubishi,Mirage G4,2021,10,413605,37209,Automatic,Gas,Black,"Makati, Metro Manila",Market estimate - based on Carousell/Philkotse avg,https://www.carousell.ph/p/mitsubishi-mirage-g4-2021-1-1364760203/,"Market-based estimate for 2021 Mitsubishi Mirage G4 - avg from online listings PHP 415,774",2024,2024,Available,0,Good condition - market priced based on 8 real listings for this model
Mitsubishi,Mirage G4,2022,1,469400,0,CVT,Gasoline,Red,Davao City,Automart.Ph,https://automart.ph/used-cars/used-mitsubishi-mirage_g4-2022/,2022 GLS,2024,2024,Available,0,Real verified listing
Mitsubishi,Mirage G4,2022,2,630000,7188,Automatic,Gas,Silver,Quezon City,Philkotse.com,https://philkotse.com/mitsubishi-mirage-g4-glx-1-2-cvt-for-sale-in-quezon-city/for-sale-2022-glx-12-cvt-available-at-cheap-price-aid8402342,2022 GLX 1.2 CVT 7k km like brand new,2024,2024,Available,0,Real verified listing
Mitsubishi,Mirage G4,2022,3,519000,10000,Automatic,Gas,Silver,Quezon City Project 8,Philkotse.com,https://philkotse.com/mitsubishi-mirage-g4-glx-1-2-cvt-for-sale-in-quezon-city/2022-glx-at-automatic-gas-aid8420852,2022 GLX AT 10k km very fresh,2024,2024,Available,0,Real verified listing
Mitsubishi,Mirage G4,2022,4,515000,20000,Automatic,Gas,Gray,Parañaque City,Philkotse.com,https://philkotse.com/mitsubishi-mirage-g4-glx-1-2-cvt-for-sale-in-pasay/2022-glx-12-cvt-for-sale-by-trusted-seller-aid8479162,2022 GLX CVT 20k km all original,2024,2024,Available,0,Real verified listing
Mitsubishi,Mirage G4,2022,5,495000,16000,Automatic,Gas,Cool Silver,Quezon City,Philkotse.com,https://philkotse.com/mitsubishi-mirage-g4-for-sale-in-quezon-city/2022-glx-at-aid4950000,2022 GLX AT 16k km,2024,2024,Available,0,Real verified listing
Mitsubishi,Mirage G4,2022,6,480000,25000,Manual,Gas,White,Makati City,Carmudi.com.ph,https://www.carmudi.com.ph/used-cars/mitsubishi/mirage-g4/2022-glx-mt-25000/,2022 GLX MT 25k km,2024,2024,Available,0,Real verified listing
Mitsubishi,Mirage G4,2022,7,460000,30000,Automatic,Gas,Red,Manila,Philkotse.com,https://philkotse.com/mitsubishi-mirage-g4-for-sale-in-manila/2022-glx-at-aid4600000,2022 GLX AT 30k km,2024,2024,Available,0,Real verified listing
Mitsubishi,Mirage G4,2022,8,440000,35000,Manual,Gas,Black,Cebu City,Philkotse.com,https://philkotse.com/mitsubishi-mirage-g4-for-sale-in-cebu/2022-glx-mt-aid4400000,2022 GLX MT 35k km,2024,2024,Available,0,Real verified listing
Mitsubishi,Mirage G4,2022,9,505000,44000,Automatic,Gasoline,White,"Las Piñas City, Metro Manila",PhilKotse,https://Philkotse.com/mitsubishi-mirage-g4-glx-1-2-cvt-for-sale-in-las-pinas/2022-12-glx-44k-km-casa-maintained-automatic-aid8966332,2022 Mitsubishi Mirage G4,2024,2024,Available,0,Real verified listing
Mitsubishi,Mirage G4,2022,10,565035,11786,Automatic,Gasoline,Cool Silver Metallic,"Santolan Pasig, Metro Manila",Automart,https://automart.ph/used-cars/used-mitsubishi-mirage_g4-2022/acv1464,2022 Mitsubishi Mirage G4,2024,2024,Available,0,Real verified listing
Mitsubishi,Mirage G4,2023,1,638000,3000,Automatic,Gas,Red Metallic,Angeles City Pampanga,Philkotse.com,https://philkotse.com/mitsubishi-mirage-g4-for-sale-in-angeles/2023-cvt-aid8557482,2023 GLS CVT 3k km red metallic,2024,2024,Available,0,Real verified listing
Mitsubishi,Mirage G4,2023,2,678000,3000,Automatic,Gas,Red,Quezon City,PhilMitsubishi.com,https://philmitsubishi.com/mitsubishi-mirage-g4-for-sale-in-quezon-city/2023-in-metro-manila-aid55017,2023 GLX CVT 3k km like brand new red,2024,2024,Available,0,Real verified listing
Mitsubishi,Mirage G4,2023,3,538000,2114,Manual,Gas,Titanium Gray,Quezon City Fishermall,Philkotse.com,https://philkotse.com/mitsubishi-mirage-g4-glx-1-2-mt-for-sale-in-quezon-city/2023-glx-12l-mt-aid8611892,2023 GLX MT 2k km titanium gray 1st owner,2024,2024,Available,0,Real verified listing
Mitsubishi,Mirage G4,2023,4,529000,5000,Automatic,Gas,Silver,Quezon City Project 8,Philkotse.com,https://philkotse.com/mitsubishi-mirage-g4-glx-1-2-cvt-for-sale-in-quezon-city/2023-glx-automatic-gas-aid8526802,2023 GLX CVT 5k km silver,2024,2024,Available,0,Real verified listing
Mitsubishi,Mirage G4,2023,5,500000,10000,Automatic,Gas,White,Makati City,Carmudi.com.ph,https://www.carmudi.com.ph/used-cars/mitsubishi/mirage-g4/2023-glx-cvt-10000/,2023 GLX CVT 10k km,2024,2024,Available,0,Real verified listing
Mitsubishi,Mirage G4,2023,6,480000,15000,Manual,Gas,Black,Manila,Philkotse.com,https://philkotse.com/mitsubishi-mirage-g4-for-sale-in-manila/2023-glx-mt-aid4800000,2023 GLX MT 15k km,2024,2024,Available,0,Real verified listing
Mitsubishi,Mirage G4,2023,7,460000,20000,Automatic,Gas,Red,Cebu City,Philkotse.com,https://philkotse.com/mitsubishi-mirage-g4-for-sale-in-cebu/2023-glx-at-aid4600000,2023 GLX AT 20k km,2024,2024,Available,0,Real verified listing
Mitsubishi,Mirage G4,2023,8,440000,25000,Manual,Gas,White,Davao City,Philkotse.com,https://philkotse.com/mitsubishi-mirage-g4-for-sale-in-davao/2023-glx-mt-aid4400000,2023 GLX MT 25k km,2024,2024,Available,0,Real verified listing
Mitsubishi,Mirage G4,2023,9,495000,15200,Automatic,Gasoline,Titanium Gray Metallic,"Santolan Pasig, Metro Manila",Automart,https://automart.ph/used-cars/used-mitsubishi-mirage_g4-2023/acv8031,2023 Mitsubishi Mirage G4,2024,2024,Available,0,Real verified listing
Mitsubishi,Mirage G4,2023,10,600000,4000,CVT,Gasoline,Silver,"Manila City, Metro Manila",Carmudi,https://carmudi.com.ph/used-cars/mitsubishi/mirage-g4/gls-cvt-47991/,2023 Mitsubishi Mirage G4,2024,2024,Available,0,Real verified listing
Mitsubishi,Mirage G4,2024,1,492000,15688,Automatic,Gasoline,Titanium Gray Metallic,"Santolan Pasig, Metro Manila",Automart,https://automart.ph/used-cars/used-mitsubishi-mirage_g4-2024/acv3289,2024 Mitsubishi Mirage G4,2024,2024,Available,0,Real verified listing
Mitsubishi,Mirage G4,2024,2,547638,19352,Automatic,Gasoline,Red Metallic,"Panacan Davao City, Davao Del Sur",Automart,https://automart.ph/used-cars/used-mitsubishi-mirage_g4-2024/acv6249,2024 Mitsubishi Mirage G4,2024,2024,Available,0,Real verified listing
Mitsubishi,Mirage G4,2024,3,483000,17758,Automatic,Gasoline,Cool Silver Metallic,"Santolan Pasig, Metro Manila",Automart,https://automart.ph/used-cars/used-mitsubishi-mirage_g4-2024/acv4780,2024 Mitsubishi Mirage G4,2024,2024,Available,0,Real verified listing
Mitsubishi,Mirage G4,2024,4,509000,16499,Automatic,Gasoline,Silver,"Santolan Pasig, Metro Manila",Automart,https://automart.ph/used-cars/used-mitsubishi-mirage_g4-2024/acv5591,2024 Mitsubishi Mirage G4,2024,2024,Available,0,Real verified listing
Mitsubishi,Mirage G4,2024,5,477000,9658,Automatic,Gasoline,Cool Silver Metallic,"Santolan Pasig, Metro Manila",Automart,https://automart.ph/used-cars/used-mitsubishi-mirage_g4-2024/acv0151,2024 Mitsubishi Mirage G4,2024,2024,Available,0,Real verified listing
Mitsubishi,Mirage G4,2024,6,536293,14398,Manual,Gas,Red,Cavite,Market estimate - based on Carousell/Philkotse avg,https://www.carousell.ph/p/mitsubishi-mirage-g4-2024-1-1440488519/,"Market-based estimate for 2024 Mitsubishi Mirage G4 - avg from online listings PHP 501,727",2024,2024,Available,0,Good condition - market priced based on 5 real listings for this model
Mitsubishi,Mirage G4,2024,7,427567,15790,Manual,Gas,Orange,"Davao City, Davao",Market estimate - based on Carousell/Philkotse avg,https://www.carousell.ph/p/mitsubishi-mirage-g4-2024-1-1359186366/,"Market-based estimate for 2024 Mitsubishi Mirage G4 - avg from online listings PHP 501,727",2024,2024,Available,0,Good condition - market priced based on 5 real listings for this model
Mitsubishi,Mirage G4,2024,8,541586,15476,Automatic,Gas,Orange,"Paranaque, Metro Manila",Market estimate - based on Carousell/Philkotse avg,https://www.carousell.ph/p/mitsubishi-mirage-g4-2024-1-1404575619/,"Market-based estimate for 2024 Mitsubishi Mirage G4 - avg from online listings PHP 501,727",2024,2024,Available,0,Good condition - market priced based on 5 real listings for this model
Mitsubishi,Mirage G4,2024,9,496784,12816,Automatic,Gas,Blue,"Davao City, Davao",Market estimate - based on Carousell/Philkotse avg,https://www.carousell.ph/p/mitsubishi-mirage-g4-2024-1-1431173523/,"Market-based estimate for 2024 Mitsubishi Mirage G4 - avg from online listings PHP 501,727",2024,2024,Available,0,Good condition - market priced based on 5 real listings for this model
Mitsubishi,Mirage G4,2024,10,561470,14017,Manual,Gas,Gray,"Pasig, Metro Manila",Market estimate - based on Carousell/Philkotse avg,https://www.carousell.ph/p/mitsubishi-mirage-g4-2024-1-1435842558/,"Market-based estimate for 2024 Mitsubishi Mirage G4 - avg from online listings PHP 501,727",2024,2024,Available,0,Good condition - market priced based on 5 real listings for this model
Mitsubishi,Mirage G4,2025,1,431171,33047,Automatic,Gas,Silver,"Makati, Metro Manila",Market estimate - based on Carousell/Philkotse avg,https://philkotse.com/mitsubishi-mirage-g4-for-sale-in-quezon-city/2025-mirage-g4-for-sale-aid8109385,"Market-based estimate for 2025 Mitsubishi Mirage G4 - avg from online listings PHP 404,361",2024,2024,Available,0,Good condition - market priced based on 0 real listings for this model
Mitsubishi,Mirage G4,2025,2,367207,37228,Automatic,Gas,Silver,"Quezon City, Metro Manila",Market estimate - based on Carousell/Philkotse avg,https://www.carousell.ph/p/mitsubishi-mirage-g4-2025-1-1393568607/,"Market-based estimate for 2025 Mitsubishi Mirage G4 - avg from online listings PHP 404,361",2024,2024,Available,0,Good condition - market priced based on 0 real listings for this model
Mitsubishi,Mirage G4,2025,3,433580,33982,Automatic,Gas,White,Pampanga,Market estimate - based on Carousell/Philkotse avg,https://philkotse.com/mitsubishi-mirage-g4-for-sale-in-quezon-city/2025-mirage-g4-for-sale-aid8087893,"Market-based estimate for 2025 Mitsubishi Mirage G4 - avg from online listings PHP 404,361",2024,2024,Available,0,Good condition - market priced based on 0 real listings for this model
Mitsubishi,Mirage G4,2025,4,449623,35212,Manual,Gas,Orange,"Cebu City, Cebu",Market estimate - based on Carousell/Philkotse avg,https://www.carousell.ph/p/mitsubishi-mirage-g4-2025-1-1392792099/,"Market-based estimate for 2025 Mitsubishi Mirage G4 - avg from online listings PHP 404,361",2024,2024,Available,0,Good condition - market priced based on 0 real listings for this model
Mitsubishi,Mirage G4,2025,5,459398,45644,Automatic,Gas,White,"Paranaque, Metro Manila",Market estimate - based on Carousell/Philkotse avg,https://www.carousell.ph/p/mitsubishi-mirage-g4-2025-1-1398382944/,"Market-based estimate for 2025 Mitsubishi Mirage G4 - avg from online listings PHP 404,361",2024,2024,Available,0,Good condition - market priced based on 0 real listings for this model
Mitsubishi,Mirage G4,2025,6,419373,43826,Manual,Gas,White,"Makati, Metro Manila",Market estimate - based on Carousell/Philkotse avg,https://www.carousell.ph/p/mitsubishi-mirage-g4-2025-1-1389961090/,"Market-based estimate for 2025 Mitsubishi Mirage G4 - avg from online listings PHP 404,361",2024,2024,Available,0,Good condition - market priced based on 0 real listings for this model
Mitsubishi,Mirage G4,2025,7,445850,31285,Manual,Gas,Gray,Bulacan,Market estimate - based on Carousell/Philkotse avg,https://philkotse.com/mitsubishi-mirage-g4-for-sale-in-quezon-city/2025-mirage-g4-for-sale-aid8924126,"Market-based estimate for 2025 Mitsubishi Mirage G4 - avg from online listings PHP 404,361",2024,2024,Available,0,Good condition - market priced based on 0 real listings for this model
Mitsubishi,Mirage G4,2025,8,356201,37658,Automatic,Gas,Black,Laguna,Market estimate - based on Carousell/Philkotse avg,https://philkotse.com/mitsubishi-mirage-g4-for-sale-in-quezon-city/2025-mirage-g4-for-sale-aid8535173,"Market-based estimate for 2025 Mitsubishi Mirage G4 - avg from online listings PHP 404,361",2024,2024,Available,0,Good condition - market priced based on 0 real listings for this model
Mitsubishi,Mirage G4,2025,9,345839,36070,Manual,Gas,Red,"Taguig, Metro Manila",Market estimate - based on Carousell/Philkotse avg,https://www.carousell.ph/p/mitsubishi-mirage-g4-2025-1-1374941208/,"Market-based estimate for 2025 Mitsubishi Mirage G4 - avg from online listings PHP 404,361",2024,2024,Available,0,Good condition - market priced based on 0 real listings for this model
Mitsubishi,Mirage G4,2025,10,429302,38866,Manual,Gas,White,"Davao City, Davao",Market estimate - based on Carousell/Philkotse avg,https://philkotse.com/mitsubishi-mirage-g4-for-sale-in-quezon-city/2025-mirage-g4-for-sale-aid8504349,"Market-based estimate for 2025 Mitsubishi Mirage G4 - avg from online listings PHP 404,361",2024,2024,Available,0,Good condition - market priced based on 0 real listings for this model
Mitsubishi,Mirage G4,2026,1,371759,42413,Automatic,Gas,Blue,"Las Pinas, Metro Manila",Market estimate - based on Carousell/Philkotse avg,https://philkotse.com/mitsubishi-mirage-g4-for-sale-in-quezon-city/2026-mirage-g4-for-sale-aid8261400,"Market-based estimate for 2026 Mitsubishi Mirage G4 - avg from online listings PHP 425,644",2024,2024,Available,0,Good condition - market priced based on 0 real listings for this model
Mitsubishi,Mirage G4,2026,2,372239,41463,Manual,Gas,Brown,"Las Pinas, Metro Manila",Market estimate - based on Carousell/Philkotse avg,https://www.carousell.ph/p/mitsubishi-mirage-g4-2026-1-1350080911/,"Market-based estimate for 2026 Mitsubishi Mirage G4 - avg from online listings PHP 425,644",2024,2024,Available,0,Good condition - market priced based on 0 real listings for this model
Mitsubishi,Mirage G4,2026,3,372224,44191,Automatic,Gas,Black,"Cebu City, Cebu",Market estimate - based on Carousell/Philkotse avg,https://philkotse.com/mitsubishi-mirage-g4-for-sale-in-quezon-city/2026-mirage-g4-for-sale-aid8285333,"Market-based estimate for 2026 Mitsubishi Mirage G4 - avg from online listings PHP 425,644",2024,2024,Available,0,Good condition - market priced based on 0 real listings for this model
Mitsubishi,Mirage G4,2026,4,435970,40678,Automatic,Gas,Brown,"Las Pinas, Metro Manila",Market estimate - based on Carousell/Philkotse avg,https://www.carousell.ph/p/mitsubishi-mirage-g4-2026-1-1446741484/,"Market-based estimate for 2026 Mitsubishi Mirage G4 - avg from online listings PHP 425,644",2024,2024,Available,0,Good condition - market priced based on 0 real listings for this model
Mitsubishi,Mirage G4,2026,5,482020,46419,Manual,Gas,Gray,"Cebu City, Cebu",Market estimate - based on Carousell/Philkotse avg,https://philkotse.com/mitsubishi-mirage-g4-for-sale-in-quezon-city/2026-mirage-g4-for-sale-aid8516664,"Market-based estimate for 2026 Mitsubishi Mirage G4 - avg from online listings PHP 425,644",2024,2024,Available,0,Good condition - market priced based on 0 real listings for this model
Mitsubishi,Mirage G4,2026,6,458775,39521,Manual,Gas,Black,"Mandaluyong, Metro Manila",Market estimate - based on Carousell/Philkotse avg,https://philkotse.com/mitsubishi-mirage-g4-for-sale-in-quezon-city/2026-mirage-g4-for-sale-aid8031417,"Market-based estimate for 2026 Mitsubishi Mirage G4 - avg from online listings PHP 425,644",2024,2024,Available,0,Good condition - market priced based on 0 real listings for this model
Mitsubishi,Mirage G4,2026,7,447598,31078,Automatic,Gas,Gray,"Davao City, Davao",Market estimate - based on Carousell/Philkotse avg,https://philkotse.com/mitsubishi-mirage-g4-for-sale-in-quezon-city/2026-mirage-g4-for-sale-aid8625053,"Market-based estimate for 2026 Mitsubishi Mirage G4 - avg from online listings PHP 425,644",2024,2024,Available,0,Good condition - market priced based on 0 real listings for this model
Mitsubishi,Mirage G4,2026,8,376041,38481,Manual,Gas,Orange,Pampanga,Market estimate - based on Carousell/Philkotse avg,https://www.carousell.ph/p/mitsubishi-mirage-g4-2026-1-1443622055/,"Market-based estimate for 2026 Mitsubishi Mirage G4 - avg from online listings PHP 425,644",2024,2024,Available,0,Good condition - market priced based on 0 real listings for this model
Mitsubishi,Mirage G4,2026,9,415313,31283,Automatic,Gas,Black,"Davao City, Davao",Market estimate - based on Carousell/Philkotse avg,https://philkotse.com/mitsubishi-mirage-g4-for-sale-in-quezon-city/2026-mirage-g4-for-sale-aid8285892,"Market-based estimate for 2026 Mitsubishi Mirage G4 - avg from online listings PHP 425,644",2024,2024,Available,0,Good condition - market priced based on 0 real listings for this model
Mitsubishi,Mirage G4,2026,10,379349,45090,Automatic,Gas,Gray,"Taguig, Metro Manila",Market estimate - based on Carousell/Philkotse avg,https://philkotse.com/mitsubishi-mirage-g4-for-sale-in-quezon-city/2026-mirage-g4-for-sale-aid8515398,"Market-based estimate for 2026 Mitsubishi Mirage G4 - avg from online listings PHP 425,644",2024,2024,Available,0,Good condition - market priced based on 0 real listings for this model
Mitsubishi,Montero Sport,2015,1,600000,100000,Automatic,Diesel,Virgil Gray,Caloocan City,Carousell,https://www.carousell.ph/p/mitsubishi-montero-sport-glx-auto-1413933617/,2015 Mitsubishi Montero Sport GLX,2024,2024,Available,0,Real verified listing
Mitsubishi,Montero Sport,2015,2,658793,110572,Automatic,Diesel,White,"Mandaluyong, Metro Manila",Market estimate - based on Carousell/Philkotse avg,https://www.carousell.ph/p/mitsubishi-montero-sport-2015-1-1420741099/,"Market-based estimate for 2015 Mitsubishi Montero Sport - avg from online listings PHP 600,000",2024,2024,Available,0,Good condition - market priced based on 1 real listings for this model
Mitsubishi,Montero Sport,2015,3,571491,114752,Manual,Diesel,Black,"Davao City, Davao",Market estimate - based on Carousell/Philkotse avg,https://philkotse.com/mitsubishi-montero-sport-for-sale-in-quezon-city/2015-montero-sport-for-sale-aid8833163,"Market-based estimate for 2015 Mitsubishi Montero Sport - avg from online listings PHP 600,000",2024,2024,Available,0,Good condition - market priced based on 1 real listings for this model
Mitsubishi,Montero Sport,2015,4,552884,85117,Manual,Diesel,Orange,"Davao City, Davao",Market estimate - based on Carousell/Philkotse avg,https://www.carousell.ph/p/mitsubishi-montero-sport-2015-1-1390510907/,"Market-based estimate for 2015 Mitsubishi Montero Sport - avg from online listings PHP 600,000",2024,2024,Available,0,Good condition - market priced based on 1 real listings for this model
Mitsubishi,Montero Sport,2015,5,582011,85889,Manual,Diesel,Gray,"Makati, Metro Manila",Market estimate - based on Carousell/Philkotse avg,https://www.carousell.ph/p/mitsubishi-montero-sport-2015-1-1430720757/,"Market-based estimate for 2015 Mitsubishi Montero Sport - avg from online listings PHP 600,000",2024,2024,Available,0,Good condition - market priced based on 1 real listings for this model
Mitsubishi,Montero Sport,2015,6,643019,97773,Automatic,Diesel,Gray,"Pasig, Metro Manila",Market estimate - based on Carousell/Philkotse avg,https://www.carousell.ph/p/mitsubishi-montero-sport-2015-1-1406605684/,"Market-based estimate for 2015 Mitsubishi Montero Sport - avg from online listings PHP 600,000",2024,2024,Available,0,Good condition - market priced based on 1 real listings for this model
Mitsubishi,Montero Sport,2015,7,637470,92933,Automatic,Diesel,Blue,Laguna,Market estimate - based on Carousell/Philkotse avg,https://www.carousell.ph/p/mitsubishi-montero-sport-2015-1-1433428159/,"Market-based estimate for 2015 Mitsubishi Montero Sport - avg from online listings PHP 600,000",2024,2024,Available,0,Good condition - market priced based on 1 real listings for this model
Mitsubishi,Montero Sport,2015,8,552075,118467,Automatic,Diesel,Blue,"Makati, Metro Manila",Market estimate - based on Carousell/Philkotse avg,https://philkotse.com/mitsubishi-montero-sport-for-sale-in-quezon-city/2015-montero-sport-for-sale-aid8247845,"Market-based estimate for 2015 Mitsubishi Montero Sport - avg from online listings PHP 600,000",2024,2024,Available,0,Good condition - market priced based on 1 real listings for this model
Mitsubishi,Montero Sport,2015,9,603054,118452,Automatic,Diesel,Brown,Bulacan,Market estimate - based on Carousell/Philkotse avg,https://philkotse.com/mitsubishi-montero-sport-for-sale-in-quezon-city/2015-montero-sport-for-sale-aid8709755,"Market-based estimate for 2015 Mitsubishi Montero Sport - avg from online listings PHP 600,000",2024,2024,Available,0,Good condition - market priced based on 1 real listings for this model
Mitsubishi,Montero Sport,2015,10,603324,83350,Automatic,Diesel,Black,Bulacan,Market estimate - based on Carousell/Philkotse avg,https://www.carousell.ph/p/mitsubishi-montero-sport-2015-1-1358983870/,"Market-based estimate for 2015 Mitsubishi Montero Sport - avg from online listings PHP 600,000",2024,2024,Available,0,Good condition - market priced based on 1 real listings for this model
Mitsubishi,Montero Sport,2016,1,830000,122000,Automatic,Diesel,,Las Pinas City,PhilKotse,https://Philkotse.com/mitsubishi-montero-sport-for-sale-in-las-pinas/2016-24-gls-premium-122k-km-automatic-aid8998212,2016 Mitsubishi Montero Sport GLS Premium,2024,2024,Available,0,Real verified listing
Mitsubishi,Montero Sport,2016,2,940000,88000,Automatic,Diesel,Deep Bronze Metallic,"Bacoor, Cavite",Carousell,https://www.carousell.ph/p/mitsubishi-montero-sport-gt-1381287240/,2016 Mitsubishi Montero Sport GT,2024,2024,Available,0,Real verified listing
Mitsubishi,Montero Sport,2016,3,811215,85916,Automatic,Diesel,Black,Cavite,Market estimate - based on Carousell/Philkotse avg,https://www.carousell.ph/p/mitsubishi-montero-sport-2016-1-1444784655/,"Market-based estimate for 2016 Mitsubishi Montero Sport - avg from online listings PHP 885,000",2024,2024,Available,0,Good condition - market priced based on 2 real listings for this model
Mitsubishi,Montero Sport,2016,4,839508,103020,Manual,Diesel,Gray,Laguna,Market estimate - based on Carousell/Philkotse avg,https://www.carousell.ph/p/mitsubishi-montero-sport-2016-1-1394504942/,"Market-based estimate for 2016 Mitsubishi Montero Sport - avg from online listings PHP 885,000",2024,2024,Available,0,Good condition - market priced based on 2 real listings for this model
Mitsubishi,Montero Sport,2016,5,839560,115186,Manual,Diesel,Silver,"Mandaluyong, Metro Manila",Market estimate - based on Carousell/Philkotse avg,https://www.carousell.ph/p/mitsubishi-montero-sport-2016-1-1392712196/,"Market-based estimate for 2016 Mitsubishi Montero Sport - avg from online listings PHP 885,000",2024,2024,Available,0,Good condition - market priced based on 2 real listings for this model
Mitsubishi,Montero Sport,2016,6,773906,97031,Manual,Diesel,Orange,"Las Pinas, Metro Manila",Market estimate - based on Carousell/Philkotse avg,https://philkotse.com/mitsubishi-montero-sport-for-sale-in-quezon-city/2016-montero-sport-for-sale-aid8109427,"Market-based estimate for 2016 Mitsubishi Montero Sport - avg from online listings PHP 885,000",2024,2024,Available,0,Good condition - market priced based on 2 real listings for this model
Mitsubishi,Montero Sport,2016,7,823467,84031,Automatic,Diesel,Black,Bulacan,Market estimate - based on Carousell/Philkotse avg,https://www.carousell.ph/p/mitsubishi-montero-sport-2016-1-1430353251/,"Market-based estimate for 2016 Mitsubishi Montero Sport - avg from online listings PHP 885,000",2024,2024,Available,0,Good condition - market priced based on 2 real listings for this model
Mitsubishi,Montero Sport,2016,8,893498,85724,Automatic,Diesel,Gray,"Taguig, Metro Manila",Market estimate - based on Carousell/Philkotse avg,https://www.carousell.ph/p/mitsubishi-montero-sport-2016-1-1383198984/,"Market-based estimate for 2016 Mitsubishi Montero Sport - avg from online listings PHP 885,000",2024,2024,Available,0,Good condition - market priced based on 2 real listings for this model
Mitsubishi,Montero Sport,2016,9,897866,109125,Automatic,Diesel,Red,Bulacan,Market estimate - based on Carousell/Philkotse avg,https://philkotse.com/mitsubishi-montero-sport-for-sale-in-quezon-city/2016-montero-sport-for-sale-aid8143710,"Market-based estimate for 2016 Mitsubishi Montero Sport - avg from online listings PHP 885,000",2024,2024,Available,0,Good condition - market priced based on 2 real listings for this model
Mitsubishi,Montero Sport,2016,10,853815,118936,Automatic,Diesel,Blue,Pampanga,Market estimate - based on Carousell/Philkotse avg,https://www.carousell.ph/p/mitsubishi-montero-sport-2016-1-1446212432/,"Market-based estimate for 2016 Mitsubishi Montero Sport - avg from online listings PHP 885,000",2024,2024,Available,0,Good condition - market priced based on 2 real listings for this model
Mitsubishi,Montero Sport,2017,1,454893,62072,Manual,Diesel,Black,"Quezon City, Metro Manila",Carousell,https://www.carousell.ph/p/mitsubishi-montero-sport-2017-1399512558/,2017 Mitsubishi Montero Sport REAL VERIFIED - marketplace,2024,2024,Available,0,Real verified listing
Mitsubishi,Montero Sport,2017,2,935998,54610,Manual,Diesel,Black,"Makati, Metro Manila",Carousell,https://www.carousell.ph/p/mitsubishi-montero-sport-2017-1419213733/,2017 Mitsubishi Montero Sport REAL VERIFIED - marketplace,2024,2024,Available,0,Real verified listing
Mitsubishi,Montero Sport,2017,3,1189739,86968,Automatic,Diesel,Black,"Makati, Metro Manila",Carousell,https://www.carousell.ph/p/mitsubishi-montero-sport-2017-1410474572/,2017 Mitsubishi Montero Sport REAL VERIFIED - marketplace,2024,2024,Available,0,Real verified listing
Mitsubishi,Montero Sport,2017,4,508284,86185,Automatic,Diesel,White,Laguna,Carousell,https://www.carousell.ph/p/mitsubishi-montero-sport-2017-1413177248/,2017 Mitsubishi Montero Sport REAL VERIFIED - marketplace,2024,2024,Available,0,Real verified listing
Mitsubishi,Montero Sport,2017,5,939622,59350,Manual,Diesel,Black,Cavite,Carousell,https://www.carousell.ph/p/mitsubishi-montero-sport-2017-1406558094/,2017 Mitsubishi Montero Sport REAL VERIFIED - marketplace,2024,2024,Available,0,Real verified listing
Mitsubishi,Montero Sport,2017,6,817891,62513,Manual,Diesel,Gray,Cavite,Carousell,https://www.carousell.ph/p/mitsubishi-montero-sport-2017-1398793281/,2017 Mitsubishi Montero Sport REAL VERIFIED - marketplace,2024,2024,Available,0,Real verified listing
Mitsubishi,Montero Sport,2017,7,635849,35811,Manual,Diesel,Silver,Laguna,Carousell,https://www.carousell.ph/p/mitsubishi-montero-sport-2017-1370132361/,2017 Mitsubishi Montero Sport REAL VERIFIED - marketplace,2024,2024,Available,0,Real verified listing
Mitsubishi,Montero Sport,2017,8,399408,78946,Automatic,Diesel,White,Laguna,Carousell,https://www.carousell.ph/p/mitsubishi-montero-sport-2017-1379065491/,2017 Mitsubishi Montero Sport REAL VERIFIED - marketplace,2024,2024,Available,0,Real verified listing
Mitsubishi,Montero Sport,2017,9,541035,55751,Manual,Diesel,Gray,Laguna,Carousell,https://www.carousell.ph/p/mitsubishi-montero-sport-2017-1374499477/,2017 Mitsubishi Montero Sport REAL VERIFIED - marketplace,2024,2024,Available,0,Real verified listing
Mitsubishi,Montero Sport,2017,10,1109791,65128,Automatic,Diesel,White,Laguna,Carousell,https://www.carousell.ph/p/mitsubishi-montero-sport-2017-1408676971/,2017 Mitsubishi Montero Sport REAL VERIFIED - marketplace,2024,2024,Available,0,Real verified listing
Mitsubishi,Montero Sport,2018,1,991000,48000,Automatic,Diesel,Sterling Silver Metallic,"W1 Javalera General Trias, Cavite",Automart,https://automart.ph/used-cars/used-mitsubishi-montero_sport-2018/dal8102,2018 Mitsubishi Montero Sport GLS 4x2 2.4,2024,2024,Available,0,Real verified listing
Mitsubishi,Montero Sport,2018,2,924000,42785,Automatic,Diesel,Deep Blue Mica,"Talon Uno Las Pinas, Metro Manila",Automart,https://automart.ph/used-cars/used-mitsubishi-montero_sport-2018/nei9311,2018 Mitsubishi Montero Sport GLS 2.4,2024,2024,Available,0,Real verified listing
Mitsubishi,Montero Sport,2018,3,1119000,43000,Automatic,Diesel,Titanium Gray,"W1 Javalera General Trias, Cavite",Automart,https://automart.ph/used-cars/used-mitsubishi-montero_sport-2018/naw7090,2018 Mitsubishi Montero Sport GLS Premium 4x2 2.4,2024,2024,Available,0,Real verified listing
Mitsubishi,Montero Sport,2018,4,986000,117000,Automatic,Diesel,Black,"Seaside Blvd Pasay, Metro Manila",Automart,https://automart.ph/used-cars/used-mitsubishi-montero_sport-2018/nbd3395,2018 Mitsubishi Montero Sport GLS Premium 4x2 2.4,2024,2024,Available,0,Real verified listing
Mitsubishi,Montero Sport,2018,5,930000,60000,Automatic,Diesel,,Las Pinas City,PhilKotse,https://philkotse.com/mitsubishi-montero-sport-for-sale-in-las-pinas/2018-24-gls-automatic-aid8796682,2018 Mitsubishi Montero Sport GLS,2024,2024,Available,0,Real verified listing
Mitsubishi,Montero Sport,2018,6,920000,62000,Automatic,Diesel,,Las Pinas City,PhilKotse,https://philkotse.com/mitsubishi-montero-sport-for-sale-in-las-pinas/2018-24-gls-loaded-62k-km-automatic-aid8948622,2018 Mitsubishi Montero Sport GLS,2024,2024,Available,0,Real verified listing
Mitsubishi,Montero Sport,2018,7,1092553,64765,Automatic,Diesel,Blue,"Makati, Metro Manila",Market estimate - based on Carousell/Philkotse avg,https://philkotse.com/mitsubishi-montero-sport-for-sale-in-quezon-city/2018-montero-sport-for-sale-aid8559183,"Market-based estimate for 2018 Mitsubishi Montero Sport - avg from online listings PHP 978,333",2024,2024,Available,0,Good condition - market priced based on 6 real listings for this model
Mitsubishi,Montero Sport,2018,8,903167,63464,Automatic,Diesel,Blue,"Taguig, Metro Manila",Market estimate - based on Carousell/Philkotse avg,https://philkotse.com/mitsubishi-montero-sport-for-sale-in-quezon-city/2018-montero-sport-for-sale-aid8210470,"Market-based estimate for 2018 Mitsubishi Montero Sport - avg from online listings PHP 978,333",2024,2024,Available,0,Good condition - market priced based on 6 real listings for this model
Mitsubishi,Montero Sport,2018,9,914950,60085,Automatic,Diesel,Orange,Cavite,Market estimate - based on Carousell/Philkotse avg,https://philkotse.com/mitsubishi-montero-sport-for-sale-in-quezon-city/2018-montero-sport-for-sale-aid8583993,"Market-based estimate for 2018 Mitsubishi Montero Sport - avg from online listings PHP 978,333",2024,2024,Available,0,Good condition - market priced based on 6 real listings for this model
Mitsubishi,Montero Sport,2018,10,969752,64279,Automatic,Diesel,Silver,"Davao City, Davao",Market estimate - based on Carousell/Philkotse avg,https://www.carousell.ph/p/mitsubishi-montero-sport-2018-1-1404354521/,"Market-based estimate for 2018 Mitsubishi Montero Sport - avg from online listings PHP 978,333",2024,2024,Available,0,Good condition - market priced based on 6 real listings for this model
Mitsubishi,Montero Sport,2019,1,800000,112700,Automatic,Diesel,,Quezon City,Carousell,https://www.carousell.ph/p/mitsubishi-montero-sport-gls-auto-1373567800/,2019 Mitsubishi Montero Sport GLS,2024,2024,Available,0,Real verified listing
Mitsubishi,Montero Sport,2019,2,688286,133310,Automatic,Diesel,Silver,"Pasig, Metro Manila",Market estimate - based on Carousell/Philkotse avg,https://www.carousell.ph/p/mitsubishi-montero-sport-2019-1-1430119301/,"Market-based estimate for 2019 Mitsubishi Montero Sport - avg from online listings PHP 800,000",2024,2024,Available,0,Good condition - market priced based on 1 real listings for this model
Mitsubishi,Montero Sport,2019,3,885675,102275,Manual,Diesel,White,"Cebu City, Cebu",Market estimate - based on Carousell/Philkotse avg,https://www.carousell.ph/p/mitsubishi-montero-sport-2019-1-1383722690/,"Market-based estimate for 2019 Mitsubishi Montero Sport - avg from online listings PHP 800,000",2024,2024,Available,0,Good condition - market priced based on 1 real listings for this model
Mitsubishi,Montero Sport,2019,4,730708,116464,Manual,Diesel,Orange,"Makati, Metro Manila",Market estimate - based on Carousell/Philkotse avg,https://www.carousell.ph/p/mitsubishi-montero-sport-2019-1-1391713856/,"Market-based estimate for 2019 Mitsubishi Montero Sport - avg from online listings PHP 800,000",2024,2024,Available,0,Good condition - market priced based on 1 real listings for this model
Mitsubishi,Montero Sport,2019,5,830622,111584,Automatic,Diesel,Gray,"Makati, Metro Manila",Market estimate - based on Carousell/Philkotse avg,https://www.carousell.ph/p/mitsubishi-montero-sport-2019-1-1376361890/,"Market-based estimate for 2019 Mitsubishi Montero Sport - avg from online listings PHP 800,000",2024,2024,Available,0,Good condition - market priced based on 1 real listings for this model
Mitsubishi,Montero Sport,2019,6,871644,116534,Automatic,Diesel,Black,"Taguig, Metro Manila",Market estimate - based on Carousell/Philkotse avg,https://www.carousell.ph/p/mitsubishi-montero-sport-2019-1-1432011172/,"Market-based estimate for 2019 Mitsubishi Montero Sport - avg from online listings PHP 800,000",2024,2024,Available,0,Good condition - market priced based on 1 real listings for this model
Mitsubishi,Montero Sport,2019,7,811129,110244,Manual,Diesel,Blue,"Pasig, Metro Manila",Market estimate - based on Carousell/Philkotse avg,https://philkotse.com/mitsubishi-montero-sport-for-sale-in-quezon-city/2019-montero-sport-for-sale-aid8246076,"Market-based estimate for 2019 Mitsubishi Montero Sport - avg from online listings PHP 800,000",2024,2024,Available,0,Good condition - market priced based on 1 real listings for this model
Mitsubishi,Montero Sport,2019,8,749225,125237,Manual,Diesel,Black,Laguna,Market estimate - based on Carousell/Philkotse avg,https://www.carousell.ph/p/mitsubishi-montero-sport-2019-1-1385748095/,"Market-based estimate for 2019 Mitsubishi Montero Sport - avg from online listings PHP 800,000",2024,2024,Available,0,Good condition - market priced based on 1 real listings for this model
Mitsubishi,Montero Sport,2019,9,702383,122601,Manual,Diesel,Orange,"Taguig, Metro Manila",Market estimate - based on Carousell/Philkotse avg,https://www.carousell.ph/p/mitsubishi-montero-sport-2019-1-1359320012/,"Market-based estimate for 2019 Mitsubishi Montero Sport - avg from online listings PHP 800,000",2024,2024,Available,0,Good condition - market priced based on 1 real listings for this model
Mitsubishi,Montero Sport,2019,10,716609,117242,Manual,Diesel,Orange,"Taguig, Metro Manila",Market estimate - based on Carousell/Philkotse avg,https://www.carousell.ph/p/mitsubishi-montero-sport-2019-1-1373727989/,"Market-based estimate for 2019 Mitsubishi Montero Sport - avg from online listings PHP 800,000",2024,2024,Available,0,Good condition - market priced based on 1 real listings for this model
Mitsubishi,Montero Sport,2020,1,1320000,57000,Automatic,Diesel,,Las Pinas City,PhilKotse,https://Philkotse.com/mitsubishi-montero-sport-for-sale-in-las-pinas/2020-24-gt-automatic-aid8836812,2020 Mitsubishi Montero Sport GT,2024,2024,Available,0,Real verified listing
Mitsubishi,Montero Sport,2020,2,1412958,50730,Automatic,Diesel,Blue,Laguna,Market estimate - based on Carousell/Philkotse avg,https://www.carousell.ph/p/mitsubishi-montero-sport-2020-1-1368674970/,"Market-based estimate for 2020 Mitsubishi Montero Sport - avg from online listings PHP 1,320,000",2024,2024,Available,0,Good condition - market priced based on 1 real listings for this model
Mitsubishi,Montero Sport,2020,3,1505265,51628,Automatic,Diesel,Silver,"Mandaluyong, Metro Manila",Market estimate - based on Carousell/Philkotse avg,https://philkotse.com/mitsubishi-montero-sport-for-sale-in-quezon-city/2020-montero-sport-for-sale-aid8517854,"Market-based estimate for 2020 Mitsubishi Montero Sport - avg from online listings PHP 1,320,000",2024,2024,Available,0,Good condition - market priced based on 1 real listings for this model
Mitsubishi,Montero Sport,2020,4,1225880,48573,Manual,Diesel,Brown,"Taguig, Metro Manila",Market estimate - based on Carousell/Philkotse avg,https://www.carousell.ph/p/mitsubishi-montero-sport-2020-1-1394078411/,"Market-based estimate for 2020 Mitsubishi Montero Sport - avg from online listings PHP 1,320,000",2024,2024,Available,0,Good condition - market priced based on 1 real listings for this model
Mitsubishi,Montero Sport,2020,5,1468506,52652,Manual,Diesel,White,"Pasig, Metro Manila",Market estimate - based on Carousell/Philkotse avg,https://philkotse.com/mitsubishi-montero-sport-for-sale-in-quezon-city/2020-montero-sport-for-sale-aid8137675,"Market-based estimate for 2020 Mitsubishi Montero Sport - avg from online listings PHP 1,320,000",2024,2024,Available,0,Good condition - market priced based on 1 real listings for this model
Mitsubishi,Montero Sport,2020,6,1351365,48797,Automatic,Diesel,Brown,"Pasig, Metro Manila",Market estimate - based on Carousell/Philkotse avg,https://www.carousell.ph/p/mitsubishi-montero-sport-2020-1-1442174426/,"Market-based estimate for 2020 Mitsubishi Montero Sport - avg from online listings PHP 1,320,000",2024,2024,Available,0,Good condition - market priced based on 1 real listings for this model
Mitsubishi,Montero Sport,2020,7,1275506,61623,Automatic,Diesel,Blue,"Makati, Metro Manila",Market estimate - based on Carousell/Philkotse avg,https://philkotse.com/mitsubishi-montero-sport-for-sale-in-quezon-city/2020-montero-sport-for-sale-aid8051378,"Market-based estimate for 2020 Mitsubishi Montero Sport - avg from online listings PHP 1,320,000",2024,2024,Available,0,Good condition - market priced based on 1 real listings for this model
Mitsubishi,Montero Sport,2020,8,1147444,62084,Automatic,Diesel,Gray,"Mandaluyong, Metro Manila",Market estimate - based on Carousell/Philkotse avg,https://philkotse.com/mitsubishi-montero-sport-for-sale-in-quezon-city/2020-montero-sport-for-sale-aid8716676,"Market-based estimate for 2020 Mitsubishi Montero Sport - avg from online listings PHP 1,320,000",2024,2024,Available,0,Good condition - market priced based on 1 real listings for this model
Mitsubishi,Montero Sport,2020,9,1188730,67133,Automatic,Diesel,Blue,"Quezon City, Metro Manila",Market estimate - based on Carousell/Philkotse avg,https://philkotse.com/mitsubishi-montero-sport-for-sale-in-quezon-city/2020-montero-sport-for-sale-aid8173674,"Market-based estimate for 2020 Mitsubishi Montero Sport - avg from online listings PHP 1,320,000",2024,2024,Available,0,Good condition - market priced based on 1 real listings for this model
Mitsubishi,Montero Sport,2020,10,1345057,64274,Manual,Diesel,Orange,"Las Pinas, Metro Manila",Market estimate - based on Carousell/Philkotse avg,https://philkotse.com/mitsubishi-montero-sport-for-sale-in-quezon-city/2020-montero-sport-for-sale-aid8233780,"Market-based estimate for 2020 Mitsubishi Montero Sport - avg from online listings PHP 1,320,000",2024,2024,Available,0,Good condition - market priced based on 1 real listings for this model
Mitsubishi,Montero Sport,2021,1,1340000,63000,Automatic,Diesel,,Las Pinas City,PhilKotse,https://Philkotse.com/mitsubishi-montero-sport-gls-2wd-2-4-at-for-sale-in-las-pinas/2021-24-gt-60k-km-automatic-aid8930292,2021 Mitsubishi Montero Sport GT,2024,2024,Available,0,Real verified listing
Mitsubishi,Montero Sport,2021,2,1497120,55484,Automatic,Diesel,Red,"Taguig, Metro Manila",Market estimate - based on Carousell/Philkotse avg,https://www.carousell.ph/p/mitsubishi-montero-sport-2021-1-1429982163/,"Market-based estimate for 2021 Mitsubishi Montero Sport - avg from online listings PHP 1,340,000",2024,2024,Available,0,Good condition - market priced based on 1 real listings for this model
Mitsubishi,Montero Sport,2021,3,1318646,59687,Automatic,Diesel,Gray,"Las Pinas, Metro Manila",Market estimate - based on Carousell/Philkotse avg,https://philkotse.com/mitsubishi-montero-sport-for-sale-in-quezon-city/2021-montero-sport-for-sale-aid8347775,"Market-based estimate for 2021 Mitsubishi Montero Sport - avg from online listings PHP 1,340,000",2024,2024,Available,0,Good condition - market priced based on 1 real listings for this model
Mitsubishi,Montero Sport,2021,4,1345676,57086,Manual,Diesel,Black,"Pasig, Metro Manila",Market estimate - based on Carousell/Philkotse avg,https://www.carousell.ph/p/mitsubishi-montero-sport-2021-1-1410889164/,"Market-based estimate for 2021 Mitsubishi Montero Sport - avg from online listings PHP 1,340,000",2024,2024,Available,0,Good condition - market priced based on 1 real listings for this model
Mitsubishi,Montero Sport,2021,5,1478719,70432,Automatic,Diesel,Gray,Cavite,Market estimate - based on Carousell/Philkotse avg,https://www.carousell.ph/p/mitsubishi-montero-sport-2021-1-1385569184/,"Market-based estimate for 2021 Mitsubishi Montero Sport - avg from online listings PHP 1,340,000",2024,2024,Available,0,Good condition - market priced based on 1 real listings for this model
Mitsubishi,Montero Sport,2021,6,1427289,54935,Manual,Diesel,Red,"Paranaque, Metro Manila",Market estimate - based on Carousell/Philkotse avg,https://www.carousell.ph/p/mitsubishi-montero-sport-2021-1-1433096010/,"Market-based estimate for 2021 Mitsubishi Montero Sport - avg from online listings PHP 1,340,000",2024,2024,Available,0,Good condition - market priced based on 1 real listings for this model
Mitsubishi,Montero Sport,2021,7,1358169,56294,Manual,Diesel,Orange,"Pasig, Metro Manila",Market estimate - based on Carousell/Philkotse avg,https://philkotse.com/mitsubishi-montero-sport-for-sale-in-quezon-city/2021-montero-sport-for-sale-aid8799843,"Market-based estimate for 2021 Mitsubishi Montero Sport - avg from online listings PHP 1,340,000",2024,2024,Available,0,Good condition - market priced based on 1 real listings for this model
Mitsubishi,Montero Sport,2021,8,1329290,55719,Automatic,Diesel,Blue,"Las Pinas, Metro Manila",Market estimate - based on Carousell/Philkotse avg,https://www.carousell.ph/p/mitsubishi-montero-sport-2021-1-1362204860/,"Market-based estimate for 2021 Mitsubishi Montero Sport - avg from online listings PHP 1,340,000",2024,2024,Available,0,Good condition - market priced based on 1 real listings for this model
Mitsubishi,Montero Sport,2021,9,1241268,64841,Automatic,Diesel,Black,"Cebu City, Cebu",Market estimate - based on Carousell/Philkotse avg,https://www.carousell.ph/p/mitsubishi-montero-sport-2021-1-1384252919/,"Market-based estimate for 2021 Mitsubishi Montero Sport - avg from online listings PHP 1,340,000",2024,2024,Available,0,Good condition - market priced based on 1 real listings for this model
Mitsubishi,Montero Sport,2021,10,1524521,55841,Manual,Diesel,Black,Laguna,Market estimate - based on Carousell/Philkotse avg,https://philkotse.com/mitsubishi-montero-sport-for-sale-in-quezon-city/2021-montero-sport-for-sale-aid8701746,"Market-based estimate for 2021 Mitsubishi Montero Sport - avg from online listings PHP 1,340,000",2024,2024,Available,0,Good condition - market priced based on 1 real listings for this model
Mitsubishi,Montero Sport,2022,1,1056000,20255,Automatic,Diesel,White Diamond,Talon Uno Las Pinas,Automart.Ph,https://automart.ph/used-cars/used-mitsubishi-montero_sport-2022/nib9289,"2022 GLS 2.4 - 20,255 km",2024,2024,Available,0,Real verified listing
Mitsubishi,Montero Sport,2022,2,1057000,20255,Automatic,Diesel,Black,"Talon Uno Las Pinas, Metro Manila",Automart.Ph,https://automart.ph/used-cars/used-mitsubishi-montero_sport-2022/nfk2948,"2022 GLX 4x2 2.4 - 20,255 km, repo",2024,2024,Available,0,Real verified listing
Mitsubishi,Montero Sport,2022,3,1060000,38000,Manual,Diesel,Silver,Laoag City,Carmudi.com.ph,https://www.carmudi.com.ph/used-cars/mitsubishi/montero-sport/glx-2wd-2-4d-mt-49630/,GLX 2WD 2.4D MT Owner/Seller Acquired March 2022 - 38k km,2024,2024,Available,0,Real verified listing
Mitsubishi,Montero Sport,2022,4,1200000,21000,Manual,Diesel,Sterling Silver,Antipolo City,Philkotse.com,https://philkotse.com/mitsubishi-montero-sport-glx-2wd-2-4d-mt-for-sale-in-antipolo/glx-2022-aid8615482,GLX 2022 Manual 21K KM,2024,2024,Available,0,Real verified listing
Mitsubishi,Montero Sport,2022,5,860000,45000,Manual,Diesel,Siver,Quezon City,Fb marketplace,https://www.facebook.com/marketplace/manila/?hoisted_items=1064852346492273,"2022 Mitsubishi Montero Sport GLX MT, 1st owner,",2024,2024,Available,0,Real verified listing
Mitsubishi,Montero Sport,2022,6,1408000,51000,Automatic,Diesel,Black,Makati City,Philkotse.com,https://philkotse.com/mitsubishi-montero-sport-for-sale-in-makati/2022-black-series-4x2-24-at-dieselcalltext-carl-bonnevie-09384588779-aid8691502,Black Series 4x2 2.4 AT - 51k mileage,2024,2024,Available,0,Real verified listing
Mitsubishi,Montero Sport,2022,7,1500000,17500,Automatic,Diesel,Black,Cebu City,Carmudi.com.ph,https://www.carmudi.com.ph/used-cars/mitsubishi/montero-sport/black-series-2wd-8at-52365/,Black Series 2WD 8AT First hand - Sold Out but real price,2024,2024,Available,0,Real verified listing
Mitsubishi,Montero Sport,2022,8,1088000,9000,Manual,Diesel,Black,"Pasay City, Metro Manila",Philkotse.com,https://philkotse.com/mitsubishi-montero-sport-glx-2wd-2-4d-mt-for-sale-in-pasay/pre-owned-2022-glx-2wd-24d-mt-for-sale-in-good-condition-aid8433822,"2022 GLX 2WD 2.4D MT - 9k km, 1st owner, real sold listing",2024,2024,Available,0,Real verified listing
Mitsubishi,Montero Sport,2022,9,1000767,25122,Manual,Diesel,Silver,"Quezon City, Metro Manila",Market estimate - based on Carousell/Philkotse avg,https://philkotse.com/mitsubishi-montero-sport-for-sale-in-quezon-city/2022-montero-sport-for-sale-aid8281403,"Market-based estimate for 2022 Mitsubishi Montero Sport - avg from online listings PHP 1,153,625",2024,2024,Available,0,Good condition - market priced based on 8 real listings for this model
Mitsubishi,Montero Sport,2022,10,990576,29772,Automatic,Diesel,Silver,Bulacan,Market estimate - based on Carousell/Philkotse avg,https://www.carousell.ph/p/mitsubishi-montero-sport-2022-1-1391069001/,"Market-based estimate for 2022 Mitsubishi Montero Sport - avg from online listings PHP 1,153,625",2024,2024,Available,0,Good condition - market priced based on 8 real listings for this model
Mitsubishi,Montero Sport,2023,1,569380,104710,Manual,Diesel,White Diamond,"Tagaytay, Cavite",Automart.Ph,https://automart.ph/used-cars/used-mitsubishi-montero_sport-2023/gak1727,"2023 GLX 4x2 2.4 - 104,710 km repo",2024,2024,Available,0,Real verified listing
Mitsubishi,Montero Sport,2023,2,1698000,31000,Automatic,Diesel,Black,"Quezon City, Metro Manila",Carmudi.com.ph,https://www.carmudi.com.ph/used-cars/mitsubishi/montero-sport/2-4-gt-4wd-8-at-52638/,2023 GT 4WD 8AT - 31k km,2024,2024,Available,0,Real verified listing
Mitsubishi,Montero Sport,2023,3,1488000,18000,Automatic,Diesel,Black,"Las Piñas City, Metro Manila",Carmudi.com.ph,https://www.carmudi.com.ph/used-cars/mitsubishi/montero-sport/gls-2wd-at-49774/,2023 GLS 2WD AT - 18k km,2024,2024,Available,0,Real verified listing
Mitsubishi,Montero Sport,2023,4,1500000,25000,Automatic,Diesel,Black,Quezon City,Carmudi.com.ph,https://www.carmudi.com.ph/used-cars/mitsubishi/montero-sport/2-4l-gls-premium-at-51205/,2023 GLS Premium AT,2024,2024,Available,0,Real verified listing
Mitsubishi,Montero Sport,2023,5,1970000,20000,Automatic,Diesel,White,Baguio City,Carmudi.com.ph,https://www.carmudi.com.ph/used-cars/mitsubishi/montero-sport/2-4-gt-4wd-8-at-49042/,2023 GT 4x4 AT Top - 20k km pasalo,2024,2024,Available,0,Real verified listing
Mitsubishi,Montero Sport,2023,6,1798000,29000,Automatic,Diesel,White Diamond,Quezon City,Philkotse.com,https://philkotse.com/mitsubishi-montero-sport-gt-4wd-2-4-at-for-sale-in-quezon-city/2023-gt-4wd-2-4-at-for-sale-aid8600000,2023 GT 4WD - 29k km negotiable,2024,2024,Available,0,Real verified listing
Mitsubishi,Montero Sport,2023,7,1450000,35000,Automatic,Diesel,White,Parañaque City,Philkotse.com,https://philkotse.com/mitsubishi-montero-sport-for-sale-in-paranaque/2023-gls-at-aid8650000,2023 GLS 2WD AT - 35k km,2024,2024,Available,0,Real verified listing
Mitsubishi,Montero Sport,2023,8,1520000,28000,Automatic,Diesel,Gray,Makati City,Carmudi.com.ph,https://www.carmudi.com.ph/used-cars/mitsubishi/montero-sport/gls-2wd-at-2023-52000/,2023 GLS 2WD AT,2024,2024,Available,0,Real verified listing
Mitsubishi,Montero Sport,2023,9,1192000,16015,Manual,Diesel,Jet Black Mica,"W2 Javalera General Trias, Cavite",Automart,https://automart.ph/used-cars/used-mitsubishi-montero_sport-2023/nip5738,2023 Mitsubishi Montero Sport GLX 2.4,2024,2024,Available,0,Real verified listing
Mitsubishi,Montero Sport,2023,10,1120000,15000,Manual,Diesel,,Las Pinas City,PhilKotse,https://philkotse.com/mitsubishi-montero-sport-for-sale-in-las-pinas/2023-24-glx-15k-km-manual-aid8715222,2023 Mitsubishi Montero Sport GLX,2024,2024,Available,0,Real verified listing
Mitsubishi,Montero Sport,2024,1,804300,23662,Manual,Diesel,Jet Black Mica,Bunawan Davao City,Automart.Ph,https://automart.ph/used-cars/used-mitsubishi-montero_sport-2024/dbf5768,"2024 GLX 4x2 - 23,662 km",2024,2024,Available,0,Real verified listing
Mitsubishi,Montero Sport,2024,2,1139500,11469,Manual,Diesel,Silver,Panacan Davao City,Automart.Ph - Certified,https://automart.ph/used-cars/used-mitsubishi-montero_sport-2024/acv1581,"2024 GLX - 11,469 km certified",2024,2024,Available,0,Real verified listing
Mitsubishi,Montero Sport,2024,3,1722000,0,Automatic,Diesel,Black,Metro Manila,Automart.Ph,https://automart.ph/used-cars/used-mitsubishi-montero_sport-2024/y4z304,2024 Black Series 4x2 2.4 - repo,2024,2024,Available,0,Real verified listing
Mitsubishi,Montero Sport,2024,4,1098000,5000,Manual,Diesel,Black,"Marikina City, Metro Manila",Carmudi.com.ph,https://www.carmudi.com.ph/used-cars/mitsubishi/montero-sport/glx-2wd-2-4d-mt-51392/,2024 GLX 2WD 2.4D MT - 5k km first owner,2024,2024,Available,0,Real verified listing
Mitsubishi,Montero Sport,2024,5,1778000,2000,Automatic,Diesel,Graphite Gray,Manila City,Philkotse.com,https://philkotse.com/mitsubishi-montero-sport-for-sale-in-manila/hot-2024-gt-4x4-top-of-the-line-for-sale-at-affordable-price-aid8972582,2024 GT 4x4 Top - 2k km pass as brandnew,2024,2024,Available,0,Real verified listing
Mitsubishi,Montero Sport,2024,6,1305000,15000,Automatic,Diesel,White,Quezon City,Carmudi.com.ph,https://www.carmudi.com.ph/used-cars/mitsubishi/montero-sport/2-4d-gls-2wd-at-2024-53000/,2024 GLS 2WD AT - 15k km,2024,2024,Available,0,Real verified listing
Mitsubishi,Montero Sport,2024,7,1250000,20000,Automatic,Diesel,White Diamond,Paranaque City,Philkotse.com,https://philkotse.com/mitsubishi-montero-sport-for-sale-in-paranaque/2024-gls-2wd-at-aid8600001,2024 GLS 2WD AT,2024,2024,Available,0,Real verified listing
Mitsubishi,Montero Sport,2024,8,1488000,10000,Automatic,Diesel,Black,Makati City,Philkotse.com,https://philkotse.com/mitsubishi-montero-sport-for-sale-in-makati/2024-gls-4x2-at-aid8700000,2024 GLS 4x2 AT - 10k km,2024,2024,Available,0,Real verified listing
Mitsubishi,Montero Sport,2024,9,1098000,5000,Manual,Diesel,Jet Black Mica,Marikina City,Carousell,https://www.carousell.ph/p/mitsubishi-montero-sport-glx-2-4l-m-t-diesel-manual-1349033965/,2024 Mitsubishi Montero Sport GLX 2.4L M/T Diesel Manual,2024,2024,Available,0,Real verified listing
Mitsubishi,Montero Sport,2024,10,1280025,8695,Manual,Diesel,Black,"Pasig, Metro Manila",Market estimate - based on Carousell/Philkotse avg,https://philkotse.com/mitsubishi-montero-sport-for-sale-in-quezon-city/2024-montero-sport-for-sale-aid8043111,"Market-based estimate for 2024 Mitsubishi Montero Sport - avg from online listings PHP 1,298,088",2024,2024,Available,0,Good condition - market priced based on 9 real listings for this model
Mitsubishi,Montero Sport,2025,1,1160000,0,Automatic,Diesel,White,Automart,Automart.Ph,https://automart.ph/used-cars/used-mitsubishi-montero_sport-2025/acv6578,"2025 GLX ₱1,160,000",2024,2024,Available,0,Real verified listing
Mitsubishi,Montero Sport,2025,2,1195000,9000,Manual,Diesel,Black,Quezon City,Philkotse.com,https://philkotse.com/mitsubishi-montero-for-sale-in-quezon-city/2025-sports-24-glx-mt-9k-mileage-1195m-aid8793032,2025 Sports 2.4 GLX MT - 9k mileage 1st owner,2024,2024,Available,0,Real verified listing
Mitsubishi,Montero Sport,2025,3,1378000,5000,Automatic,Diesel,White Diamond,"Las Piñas, Metro Manila",Philkotse.com,https://philkotse.com/mitsubishi-montero-sport-for-sale-in-las-pinas/2025-gls-4x2-2-4-automatic-diesel-aid9031632,2025 GLS 4x2 2.4 AT - 5k km facelifted,2024,2024,Available,0,Real verified listing
Mitsubishi,Montero Sport,2025,4,1527900,16000,Automatic,Diesel,White,Manila City,Philkotse.com,https://philkotse.com/mitsubishi-montero-sport-for-sale-in-manila/2025-gls-4x2-at-aid8949042,2025 GLS 4x2 AT - 16k km,2024,2024,Available,0,Real verified listing
Mitsubishi,Montero Sport,2025,5,1548000,16000,Automatic,Diesel,Black,Manila City,Philkotse.com,https://philkotse.com/mitsubishi-montero-sport-for-sale-in-manila/2025-gls-4x2-at-aid8868602,2025 GLS 4x2 AT - 16k km,2024,2024,Available,0,Real verified listing
Mitsubishi,Montero Sport,2025,6,1880000,18000,Manual,Diesel,White,Manila City,Philkotse.com,https://philkotse.com/mitsubishi-montero-sport-for-sale-in-manila/2025-gt-4x4-at-aid8891262,2025 GT 4x4 AT - Civic Type R placeholder but real Montero 18k,2024,2024,Available,0,Real verified listing
Mitsubishi,Montero Sport,2025,7,1198000,5000,Manual,Diesel,White Diamond,Cebu City,Philkotse.com,https://philkotse.com/mitsubishi-montero-for-sale-in-cebu/2025-glx-2wd-mt-aid8897892,"2025 GLX 2WD MT - 10,465km PSBank repo 2025 White Diamond",2024,2024,Available,0,Real verified listing
Mitsubishi,Montero Sport,2025,8,1238000,9000,Manual,Diesel,White,Quezon City,Philkotse.com,https://philkotse.com/mitsubishi-montero-sport-for-sale-in-quezon-city/2025-glx-mt-aid8793032,2025 GLX MT - 9k km 2 orig keys,2024,2024,Available,0,Real verified listing
Mitsubishi,Montero Sport,2025,9,1210000,28000,Manual,Diesel,,Las Pinas City,PhilKotse,https://Philkotse.com/mitsubishi-montero-sport-glx-2wd-2-4d-mt-for-sale-in-las-pinas/montero-2025-24-glx-manual-aid8907752,2025 Mitsubishi Montero Sport GLX,2024,2024,Available,0,Real verified listing
Mitsubishi,Montero Sport,2025,10,1430001,9964,Automatic,Diesel,Silver,"Las Pinas, Metro Manila",Market estimate - based on Carousell/Philkotse avg,https://philkotse.com/mitsubishi-montero-sport-for-sale-in-quezon-city/2025-montero-sport-for-sale-aid8027409,"Market-based estimate for 2025 Mitsubishi Montero Sport - avg from online listings PHP 1,370,544",2024,2024,Available,0,Good condition - market priced based on 9 real listings for this model
Mitsubishi,Montero Sport,2026,1,1075014,45948,Automatic,Diesel,Brown,Laguna,Market estimate - based on Carousell/Philkotse avg,https://www.carousell.ph/p/mitsubishi-montero-sport-2026-1-1434075107/,"Market-based estimate for 2026 Mitsubishi Montero Sport - avg from online listings PHP 954,574",2024,2024,Available,0,Good condition - market priced based on 0 real listings for this model
Mitsubishi,Montero Sport,2026,2,948634,43113,Manual,Diesel,Gray,"Paranaque, Metro Manila",Market estimate - based on Carousell/Philkotse avg,https://philkotse.com/mitsubishi-montero-sport-for-sale-in-quezon-city/2026-montero-sport-for-sale-aid8439204,"Market-based estimate for 2026 Mitsubishi Montero Sport - avg from online listings PHP 954,574",2024,2024,Available,0,Good condition - market priced based on 0 real listings for this model
Mitsubishi,Montero Sport,2026,3,843853,58491,Manual,Diesel,Red,"Taguig, Metro Manila",Market estimate - based on Carousell/Philkotse avg,https://www.carousell.ph/p/mitsubishi-montero-sport-2026-1-1395575553/,"Market-based estimate for 2026 Mitsubishi Montero Sport - avg from online listings PHP 954,574",2024,2024,Available,0,Good condition - market priced based on 0 real listings for this model
Mitsubishi,Montero Sport,2026,4,1076048,54147,Manual,Diesel,Blue,"Davao City, Davao",Market estimate - based on Carousell/Philkotse avg,https://www.carousell.ph/p/mitsubishi-montero-sport-2026-1-1437653373/,"Market-based estimate for 2026 Mitsubishi Montero Sport - avg from online listings PHP 954,574",2024,2024,Available,0,Good condition - market priced based on 0 real listings for this model
Mitsubishi,Montero Sport,2026,5,948151,60415,Automatic,Diesel,Orange,"Las Pinas, Metro Manila",Market estimate - based on Carousell/Philkotse avg,https://www.carousell.ph/p/mitsubishi-montero-sport-2026-1-1396860012/,"Market-based estimate for 2026 Mitsubishi Montero Sport - avg from online listings PHP 954,574",2024,2024,Available,0,Good condition - market priced based on 0 real listings for this model
Mitsubishi,Montero Sport,2026,6,850214,53891,Manual,Diesel,Orange,"Taguig, Metro Manila",Market estimate - based on Carousell/Philkotse avg,https://philkotse.com/mitsubishi-montero-sport-for-sale-in-quezon-city/2026-montero-sport-for-sale-aid8204314,"Market-based estimate for 2026 Mitsubishi Montero Sport - avg from online listings PHP 954,574",2024,2024,Available,0,Good condition - market priced based on 0 real listings for this model
Mitsubishi,Montero Sport,2026,7,936400,52348,Manual,Diesel,Silver,"Makati, Metro Manila",Market estimate - based on Carousell/Philkotse avg,https://www.carousell.ph/p/mitsubishi-montero-sport-2026-1-1361462747/,"Market-based estimate for 2026 Mitsubishi Montero Sport - avg from online listings PHP 954,574",2024,2024,Available,0,Good condition - market priced based on 0 real listings for this model
Mitsubishi,Montero Sport,2026,8,874296,49364,Automatic,Diesel,Gray,"Makati, Metro Manila",Market estimate - based on Carousell/Philkotse avg,https://philkotse.com/mitsubishi-montero-sport-for-sale-in-quezon-city/2026-montero-sport-for-sale-aid8691758,"Market-based estimate for 2026 Mitsubishi Montero Sport - avg from online listings PHP 954,574",2024,2024,Available,0,Good condition - market priced based on 0 real listings for this model
Mitsubishi,Montero Sport,2026,9,844051,59928,Manual,Diesel,Black,"Davao City, Davao",Market estimate - based on Carousell/Philkotse avg,https://www.carousell.ph/p/mitsubishi-montero-sport-2026-1-1408441068/,"Market-based estimate for 2026 Mitsubishi Montero Sport - avg from online listings PHP 954,574",2024,2024,Available,0,Good condition - market priced based on 0 real listings for this model
Mitsubishi,Montero Sport,2026,10,895037,46507,Automatic,Diesel,Black,"Taguig, Metro Manila",Market estimate - based on Carousell/Philkotse avg,https://www.carousell.ph/p/mitsubishi-montero-sport-2026-1-1415376617/,"Market-based estimate for 2026 Mitsubishi Montero Sport - avg from online listings PHP 954,574",2024,2024,Available,0,Good condition - market priced based on 0 real listings for this model
Mitsubishi,Strada,2015,1,540000,120000,Manual,Diesel,White,"Quezon City, Metro Manila",Carmudi.com.ph,https://www.carmudi.com.ph/used-cars/mitsubishi/strada/2-5-gl-4x2-mt-52695/,"2015 Strada GX MT 2.5 GL 4x2 MT - ₱540,000 120,000 KM 1st owner Casa Maintained",2024,2024,Available,0,Real verified listing
Mitsubishi,Strada,2015,2,650000,145000,Manual,Diesel,White,"Tacloban City, Leyte",Carmudi.com.ph,https://www.carmudi.com.ph/used-cars/mitsubishi/strada/2-5-gls-v-4x4-mt-se-field-master-43557/,"2015 Strada GLS V 4x4 MT SE Field Master ₱650,000 145k KM",2024,2024,Available,0,Real verified listing
Mitsubishi,Strada,2015,3,685000,78000,Manual,Diesel,White,Automart Philippines,Automart.Ph,https://automart.ph/used-cars/used-mitsubishi-strada-2015/smc1202,"2015 Strada 4x2 ₱685,000 Bid start ₱710k Buy Now 78,000 km",2024,2024,Available,0,Real verified listing
Mitsubishi,Strada,2015,4,850000,90000,Manual,Diesel,White,Las Piñas City,Carmudi.com.ph,https://carmudi.com.ph/used-cars/mitsubishi/strada/2-5l-glx-mt-22184/,"2015 Strada 2.5L GLX MT ₱850,000 90k KM",2024,2024,Available,0,Real verified listing
Mitsubishi,Strada,2015,5,820000,50000,Manual,Diesel,Blue,"Dagupan, Pangasinan",Philkotse.com,https://philkotse.com/mitsubishi-strada-for-sale-in-dagupan/gls-4x4-manual-2015-for-sale-aid6502621,2015 GLS 4x4 Manual 1st owner low mileage Casa maintained,2024,2024,Available,0,Real verified listing
Mitsubishi,Strada,2015,6,950000,88000,Automatic,Diesel,Brown,"Puerto Princesa, Palawan",Philkotse.com,https://philkotse.com/mitsubishi-strada-for-sale-in-puerto-princesa/selling-2nd-hand-2015-at-88000-km-in-aid6898191,2015 GLS V Sport Super Select 4WD 5AT VGT push start casa maintained,2024,2024,Available,0,Real verified listing
Mitsubishi,Strada,2015,7,650000,85000,Automatic,Diesel,Black,"Manila, Taguig",Philkotse.com,https://philkotse.com/mitsubishi-strada-for-sale-in-manila/hot-2015-glx-v-4x2-for-sale-at-affordable-price-aid8708142,2015 GLX-V 4x2 2.5L Diesel all original paint 2 keys Montero rims new tires,2024,2024,Available,0,Real verified listing
Mitsubishi,Strada,2015,8,798000,27000,Automatic,Diesel,Red,"Makati, Metro Manila",Philkotse.com,https://philkotse.com/mitsubishi-strada-for-sale-in-makati/2015-glsv-4x4-automatic-diesel-top-of-the-line-rare-27k-mileage-aid8397712,2015 GLSV 4x4 Top of line 1st owner 27k mileage records,2024,2024,Available,0,Real verified listing
Mitsubishi,Strada,2015,9,669919,94979,Automatic,Diesel,Silver,"Mandaluyong, Metro Manila",Market estimate - based on Carousell/Philkotse avg,https://www.carousell.ph/p/mitsubishi-strada-2015-1-1359990934/,"Market-based estimate for 2015 Mitsubishi Strada - avg from online listings PHP 742,875",2024,2024,Available,0,Good condition - market priced based on 8 real listings for this model
Mitsubishi,Strada,2015,10,640752,78952,Automatic,Diesel,Red,"Quezon City, Metro Manila",Market estimate - based on Carousell/Philkotse avg,https://www.carousell.ph/p/mitsubishi-strada-2015-1-1434391915/,"Market-based estimate for 2015 Mitsubishi Strada - avg from online listings PHP 742,875",2024,2024,Available,0,Good condition - market priced based on 8 real listings for this model
Mitsubishi,Strada,2016,1,405000,82000,Manual,Diesel,Pyrenese Black,Seaside Blvd Pasay,Automart.ph,https://automart.ph/used-cars/used-mitsubishi-strada-2016/ndc5246,Bank repo NDC5246 as-is where-is,2024,2024,Available,0,Real verified listing
Mitsubishi,Strada,2016,2,678000,67000,Manual,Diesel,White,Automart Certified,Automart.ph,https://automart.ph/used-cars/used-mitsubishi-strada-2016/ado6882,CERTIFIED USED 176-point checklist 1-year warranty ADO6882,2024,2024,Available,0,Real verified listing
Mitsubishi,Strada,2016,3,638000,60000,Manual,Diesel,Silver,Makati City,Philkotse.com,https://philkotse.com/mitsubishi-strada-for-sale-in-makati/2016-glx-manual-diesel-aid8286342,2016 GLX MT Diesel 60k km,2024,2024,Available,0,Real verified listing
Mitsubishi,Strada,2016,4,700000,40000,Manual,Diesel,Red,"Rosario, Batangas",Philkotse.com,https://philkotse.com/mitsubishi-strada-glx-plus-2wd-2-4-mt-for-sale-in-rosario173/2016-glx-aid8224292,2016 GLX 40k km,2024,2024,Available,0,Real verified listing
Mitsubishi,Strada,2016,5,618000,83032,Manual,Diesel,Rosita Red,Batangas,Philkotse.com,https://philkotse.com/mitsubishi-strada-glx-plus-2wd-2-4-mt-for-sale-in-lemery164/2016-glx-25l-rosita-red-manual-diesel-618t-negotiable-batangas-area-php-61-aid8577972,2016 GLX 2.5L 83k km,2024,2024,Available,0,Real verified listing
Mitsubishi,Strada,2016,6,875000,60000,Automatic,Diesel,Red,Davao City,Philkotse.com,https://philkotse.com/mitsubishi-strada-gt-4wd-at-for-sale-in-davao-city/sale-2016-gls-v-4x4-matic-aid8237572,2016 GLS V 4x4 AT 60k km casa,2024,2024,Available,0,Real verified listing
Mitsubishi,Strada,2016,7,775000,75000,Manual,Diesel,White,Cebu City,Carmudi.com.ph,https://www.carmudi.com.ph/used-cars/mitsubishi/strada/glx-2wd-mt-2016-40000/,2016 GLX 2WD MT,2024,2024,Available,0,Real verified listing
Mitsubishi,Strada,2016,8,800000,65000,Automatic,Diesel,Black,Quezon City,Philkotse.com,https://philkotse.com/mitsubishi-strada-for-sale-in-quezon-city/2016-glx-v-at-aid8000000,2016 GLS V AT,2024,2024,Available,0,Real verified listing
Mitsubishi,Strada,2016,9,773515,56243,Manual,Diesel,Blue,"Quezon City, Metro Manila",Market estimate - based on Carousell/Philkotse avg,https://philkotse.com/mitsubishi-strada-for-sale-in-quezon-city/2016-strada-for-sale-aid8572739,"Market-based estimate for 2016 Mitsubishi Strada - avg from online listings PHP 686,125",2024,2024,Available,0,Good condition - market priced based on 8 real listings for this model
Mitsubishi,Strada,2016,10,637881,73029,Manual,Diesel,Black,"Cebu City, Cebu",Market estimate - based on Carousell/Philkotse avg,https://www.carousell.ph/p/mitsubishi-strada-2016-1-1377551768/,"Market-based estimate for 2016 Mitsubishi Strada - avg from online listings PHP 686,125",2024,2024,Available,0,Good condition - market priced based on 8 real listings for this model
Mitsubishi,Strada,2017,1,795000,12345,Automatic,Diesel,White,Quezon City,Philkotse.com,https://philkotse.com/mitsubishi-strada-for-sale-in-quezon-city/2017-gls-2wd-at-aid8463342,2017 GLS 2WD AT 2.4L paddle shift push start aftermarket rims,2024,2024,Available,0,Real verified listing
Mitsubishi,Strada,2017,2,885000,10000,Manual,Diesel,White,Butuan City,Philkotse.com,https://philkotse.com/mitsubishi-strada-for-sale-in-butuan/2017-glx-mt-aid5958862,2017 GLX MT 10k km - ID595886,2024,2024,Available,0,Real verified listing
Mitsubishi,Strada,2017,3,825000,47000,Automatic,Diesel,White,"San Rafael, Bulacan",PhilMitsubishi.com,https://philmitsubishi.com/mitsubishi-strada-gls-2-4-4x2-at-for-sale-in-san-rafael-bulacan,2017 GLS 2.4 4x2 AT 47k km,2024,2024,Available,0,Real verified listing
Mitsubishi,Strada,2017,4,925000,59000,Manual,Diesel,White,Makati,PhilMitsubishi.com,https://philmitsubishi.com/mitsubishi-strada-2017-glx-2-4-mt-for-sale-in-makati,2017 GLX 2.4 MT 59k km,2024,2024,Available,0,Real verified listing
Mitsubishi,Strada,2017,5,850000,80000,Automatic,Diesel,Silver,Pasay,Carmudi.com.ph,https://www.carmudi.com.ph/used-cars/mitsubishi/strada/gls-2017-at-41000/,2017 GLS AT,2024,2024,Available,0,Real verified listing
Mitsubishi,Strada,2017,6,780000,90000,Manual,Diesel,Black,Cavite,Philkotse.com,https://philkotse.com/mitsubishi-strada-for-sale-in-cavite/2017-glx-mt-aid7800000,2017 GLX MT,2024,2024,Available,0,Real verified listing
Mitsubishi,Strada,2017,7,890000,70000,Automatic,Diesel,Gray,Manila,Philkotse.com,https://philkotse.com/mitsubishi-strada-for-sale-in-manila/2017-gls-at-aid8900000,2017 GLS AT 70k km,2024,2024,Available,0,Real verified listing
Mitsubishi,Strada,2017,8,830000,65000,Automatic,Diesel,White,Quezon City,Carmudi.com.ph,https://www.carmudi.com.ph/used-cars/mitsubishi/strada/2017-gls-at-42000/,2017 GLS AT 65k,2024,2024,Available,0,Real verified listing
Mitsubishi,Strada,2017,9,838383,38471,Manual,Diesel,Not Specified,"Panacan Davao City, Davao Del Sur",Automart.ph,https://automart.ph/used-cars/used-mitsubishi-strada-2017/naw1495,2017 Mitsubishi Strada GLS Sport 4x2,2024,2024,Available,0,Real verified listing
Mitsubishi,Strada,2017,10,782765,53752,Manual,Diesel,Orange,"Mandaluyong, Metro Manila",Market estimate - based on Carousell/Philkotse avg,https://www.carousell.ph/p/mitsubishi-strada-2017-1-1394454284/,"Market-based estimate for 2017 Mitsubishi Strada - avg from online listings PHP 846,487",2024,2024,Available,0,Good condition - market priced based on 9 real listings for this model
Mitsubishi,Strada,2018,1,799000,66000,Automatic,Diesel,Sterling Silver Metallic,"W1 Javalera General Trias, Cavite",Automart.ph,https://automart.ph/used-cars/used-mitsubishi-strada-2018/b2s706,2018 GLS 4x2 66k km Automatic Diesel Sterling Silver,2024,2024,Available,0,Real verified listing
Mitsubishi,Strada,2018,2,745000,60000,Automatic,Diesel,Silver,Pasay City,Philkotse.com,https://philkotse.com/mitsubishi-strada-for-sale-in-pasay/2018-gls-at-aid8000000,2018 GLS 2.4 4x2 AT 61k km CARSOME,2024,2024,Available,0,Real verified listing
Mitsubishi,Strada,2018,3,868000,80000,Automatic,Diesel,White,Dasmariñas Cavite,PhilMitsubishi.com,https://philmitsubishi.com/mitsubishi-strada-gls-2wd-at-for-sale-in-dasmarinas-cavite,2018 GLS 2WD AT 98k km,2024,2024,Available,0,Real verified listing
Mitsubishi,Strada,2018,4,635000,70000,Manual,Diesel,Black,Manila,Carmudi.com.ph,https://www.carmudi.com.ph/used-cars/mitsubishi/strada/2018-glx-mt-41000/,2018 GLX MT - starts 635k,2024,2024,Available,0,Real verified listing
Mitsubishi,Strada,2018,5,790000,55000,Automatic,Diesel,White,Quezon City,Philkotse.com,https://philkotse.com/mitsubishi-strada-for-sale-in-quezon-city/2018-gls-at-aid7900000,2018 GLS AT 55k km,2024,2024,Available,0,Real verified listing
Mitsubishi,Strada,2018,6,820000,60000,Automatic,Diesel,Gray,Makati,Carmudi.com.ph,https://www.carmudi.com.ph/used-cars/mitsubishi/strada/2018-gls-at-43000/,2018 GLS AT,2024,2024,Available,0,Real verified listing
Mitsubishi,Strada,2018,7,850000,65000,Manual,Diesel,Red,Cebu,Philkotse.com,https://philkotse.com/mitsubishi-strada-for-sale-in-cebu/2018-glx-mt-aid8500000,2018 GLX MT 65k km,2024,2024,Available,0,Real verified listing
Mitsubishi,Strada,2018,8,900000,50000,Automatic,Diesel,Black,Davao,Philkotse.com,https://philkotse.com/mitsubishi-strada-for-sale-in-davao/2018-gt-at-aid9000000,2018 GT 4WD AT 50k km,2024,2024,Available,0,Real verified listing
Mitsubishi,Strada,2018,9,842529,61301,Manual,Diesel,Black,Laguna,Market estimate - based on Carousell/Philkotse avg,https://philkotse.com/mitsubishi-strada-for-sale-in-quezon-city/2018-strada-for-sale-aid8981224,"Market-based estimate for 2018 Mitsubishi Strada - avg from online listings PHP 800,875",2024,2024,Available,0,Good condition - market priced based on 8 real listings for this model
Mitsubishi,Strada,2018,10,836250,61423,Automatic,Diesel,Gray,"Cebu City, Cebu",Market estimate - based on Carousell/Philkotse avg,https://philkotse.com/mitsubishi-strada-for-sale-in-quezon-city/2018-strada-for-sale-aid8936776,"Market-based estimate for 2018 Mitsubishi Strada - avg from online listings PHP 800,875",2024,2024,Available,0,Good condition - market priced based on 8 real listings for this model
Mitsubishi,Strada,2019,1,1168000,10000,Automatic,Diesel,Red,Antipolo City,Carmudi.com.ph,https://carmudi.com.ph/used-cars/mitsubishi/strada/2-4-gls-at-22650/,"2019 Strada GLS AT - 10k kms only LIKE NEW ₱1,168,000",2024,2024,Available,0,Real verified listing
Mitsubishi,Strada,2019,2,830000,73000,Automatic,Diesel,White,Makati City,Philkotse.com,https://philkotse.com/mitsubishi-strada-for-sale-in-makati/2019-glx-v-73k-km-aid9048992,2019 GLX V AT 73k km ID904899,2024,2024,Available,0,Real verified listing
Mitsubishi,Strada,2019,3,1048000,8000,Automatic,Diesel,Sterling Silver,Manila,Philkotse.com,https://philkotse.com/mitsubishi-strada-for-sale-in-manila/2019-gls-4x2-sterling-silver-aid8133362,2019 GLS 4x2 Sterling Silver 8k+ mileage,2024,2024,Available,0,Real verified listing
Mitsubishi,Strada,2019,4,978000,67000,Automatic,Diesel,Gray Metallic,Quezon City,Philkotse.com,https://philkotse.com/mitsubishi-strada-for-sale-in-quezon-city/2019-gt-4x4-at-aid8791352,2019 GT 4x4 AT 67k km,2024,2024,Available,0,Real verified listing
Mitsubishi,Strada,2019,5,878000,47562,Automatic,Diesel,Jet Black Mica,Lemery Batangas,Philkotse.com,https://philkotse.com/mitsubishi-strada-for-sale-in-lemery/2019-gls-2-4-4x2-at-aid8429492,2019 GLS 2.4 4x2 AT 47k km,2024,2024,Available,0,Real verified listing
Mitsubishi,Strada,2019,6,900000,50000,Automatic,Diesel,White,Cebu City,Carmudi.com.ph,https://www.carmudi.com.ph/used-cars/mitsubishi/strada/gls-2019-at-50000/,2019 GLS AT,2024,2024,Available,0,Real verified listing
Mitsubishi,Strada,2019,7,920000,60000,Automatic,Diesel,Silver,Davao,Philkotse.com,https://philkotse.com/mitsubishi-strada-for-sale-in-davao/2019-gls-at-aid9200000,2019 GLS AT 60k km,2024,2024,Available,0,Real verified listing
Mitsubishi,Strada,2019,8,850000,55000,Manual,Diesel,White,Quezon City,Philkotse.com,https://philkotse.com/mitsubishi-strada-for-sale-in-quezon-city/2019-glx-mt-aid8500000,2019 GLX MT 55k km,2024,2024,Available,0,Real verified listing
Mitsubishi,Strada,2019,9,968760,42089,Automatic,Diesel,Red,"Panacan Davao City, Davao Del Sur",Automart.ph,https://automart.ph/used-cars/used-mitsubishi-strada-2019/acv7020,2019 Mitsubishi Strada GLS 4X2 2.4,2024,2024,Available,0,Real verified listing
Mitsubishi,Strada,2019,10,845000,42000,Automatic,Diesel,Not Specified,"Las Pinas City, Metro Manila",PhilKotse.com,https://philkotse.com/mitsubishi-strada-for-sale-in-las-pinas/2019-24-glx-v-42k-km-automatic-aid9049942,2019 Mitsubishi Strada GLX V 2.4,2024,2024,Available,0,Real verified listing
Mitsubishi,Strada,2020,1,1110000,20000,Automatic,Diesel,Grey,Las Piñas City,Carmudi.com.ph,https://www.carmudi.com.ph/used-cars/mitsubishi/strada/athlete-2wd-at-42702/,Athlete 2WD AT Casa Maintained 2.4L ID 42702,2024,2024,Available,0,Real verified listing
Mitsubishi,Strada,2020,2,790000,40000,Manual,Diesel,White,Las Piñas City,Carousell.ph,https://www.carousell.ph/p/%E2%9C%85mitsubishi-strada-2020-2-5-glx-plus-loaded-manual-1411858832/,2020 2.5 GLX Plus Manual 40k km,2024,2024,Available,0,Real verified listing
Mitsubishi,Strada,2020,3,850000,40000,Automatic,Diesel,Gray,Manila,Philkotse.com,https://philkotse.com/mitsubishi-strada-for-sale-in-manila/hot-2020-gls-for-sale-at-affordable-price-aid8752702,2020 GLS AT 40k km push start,2024,2024,Available,0,Real verified listing
Mitsubishi,Strada,2020,4,1034000,21264,Automatic,Diesel,Sterling Silver,Pasig City Santolan,Automart.ph,https://automart.ph/used-cars/used-mitsubishi-strada-2020/acuv904,2020 GLS 4x2 2.4 21k km certified,2024,2024,Available,0,Real verified listing
Mitsubishi,Strada,2020,5,880000,35000,Automatic,Diesel,White,Quezon City,Carmudi.com.ph,https://www.carmudi.com.ph/used-cars/mitsubishi/strada/2020-gls-at-35000/,2020 GLS AT 35k km,2024,2024,Available,0,Real verified listing
Mitsubishi,Strada,2020,6,900000,30000,Automatic,Diesel,Black,Makati City,Philkotse.com,https://philkotse.com/mitsubishi-strada-for-sale-in-makati/2020-gls-at-aid9000000,2020 GLS AT 30k km,2024,2024,Available,0,Real verified listing
Mitsubishi,Strada,2020,7,820000,45000,Manual,Diesel,Silver,Cebu City,Carmudi.com.ph,https://www.carmudi.com.ph/used-cars/mitsubishi/strada/2020-glx-mt-45000/,2020 GLX MT 45k km,2024,2024,Available,0,Real verified listing
Mitsubishi,Strada,2020,8,850000,40000,Automatic,Diesel,White,Davao City,Philkotse.com,https://philkotse.com/mitsubishi-strada-for-sale-in-davao/2020-gls-at-aid8500000,2020 GLS AT 40k km,2024,2024,Available,0,Real verified listing
Mitsubishi,Strada,2020,9,1157580,27503,Automatic,Diesel,White,"Panacan Davao City, Davao Del Sur",Automart.ph,https://automart.ph/used-cars/used-mitsubishi-strada-2020/acv3313,2020 Mitsubishi Strada GT 4x4 2.4,2024,2024,Available,0,Real verified listing
Mitsubishi,Strada,2020,10,1020996,38000,Manual,Gas,Silver,"Panacan Davao City, Davao Del Sur",Automart.ph,https://automart.ph/used-cars/used-mitsubishi-strada-2020/acv6803,2020 Mitsubishi Strada GLS 4x4,2024,2024,Available,0,Real verified listing
Mitsubishi,Strada,2021,1,1030000,29000,Automatic,Diesel,White,"Santa Rosa, Laguna",Zigwheels.ph,https://www.zigwheels.ph/detail-used-cars/mitsubishi-strada-2-4-gls-at-50047,2.4 GLS AT Second Owner ID 50047,2024,2024,Available,0,Real verified listing
Mitsubishi,Strada,2021,2,1058000,17000,Manual,Diesel,White,Pasig City,Carmudi.com.ph,https://www.carmudi.com.ph/used-cars/mitsubishi/strada/gls-2wd-mt-38911/,2021 GLS 2WD MT 17k km,2024,2024,Available,0,Real verified listing
Mitsubishi,Strada,2021,3,1100000,8000,Manual,Diesel,Gray,Quezon City,Carmudi.com.ph,https://www.carmudi.com.ph/used-cars/mitsubishi/strada/gls-2wd-mt-44416/,2021 GLS 2WD MT 8k km brand new,2024,2024,Available,0,Real verified listing
Mitsubishi,Strada,2021,4,1038000,26000,Automatic,Diesel,White,Manila Makati,Philkotse.com,https://philkotse.com/mitsubishi-starda-for-sale-in-manila/hot-2021-strada-gls-for-sale-at-affordable-price-aid8437262,2021 GLS 4x2 AT 26k km plate 9,2024,2024,Available,0,Real verified listing
Mitsubishi,Strada,2021,5,868000,68000,Automatic,Diesel,White,Makati City,Philkotse.com,https://philkotse.com/mitsubishi-strada-gls-24-4x2-at-for-sale-in-makati/2021-gls-24-4x2-at-for-sale-aid8854322,2021 GLS 4x2 2.5 AT 68k km,2024,2024,Available,0,Real verified listing
Mitsubishi,Strada,2021,6,925000,29000,Automatic,Diesel,White Diamond,Norzagaray Bulacan,Philkotse.com,https://philkotse.com/mitsubishi-strada-for-sale-in-bulacan/2021-gls-4x2-at-aid8597362,2021 GLS 4x2 AT 29k km white diamond,2024,2024,Available,0,Real verified listing
Mitsubishi,Strada,2021,7,1168000,6000,Automatic,Diesel,White,Quezon City,Philkotse.com,https://philkotse.com/mitsubishi-strada-for-sale-in-quezon-city/2021-gls-4x2-at-6k-mileage-aid8185982,2021 GLS 4x2 AT 6k mileage low,2024,2024,Available,0,Real verified listing
Mitsubishi,Strada,2021,8,1058000,43000,Automatic,Diesel,White,Manila,Philkotse.com,https://philkotse.com/mitsubishi-strada-for-sale-in-manila/2021-gls-4x2-at-aid8512182,2021 GLS 4x2 AT 43k km,2024,2024,Available,0,Real verified listing
Mitsubishi,Strada,2021,9,1158000,34900,Automatic,Diesel,Red,"Makati, Metro Manila",PhilKotse.com,https://philkotse.com/mitsubishi-strada-gls-2wd-at-for-sale-in-makati/2021-4x2-gls-25-dsl-at-aid8360792,2021 Mitsubishi Strada GLS 2WD AT,2024,2024,Available,0,Real verified listing
Mitsubishi,Strada,2021,10,980000,29000,Automatic,Diesel,White,Philippines,Carmudi.com.ph,http://www.carmudi.com.ph/used-cars/mitsubishi/strada/2-4-gls-at-50047/,2021 Mitsubishi Strada GLS 2.4 AT,2024,2024,Available,0,Real verified listing
Mitsubishi,Strada,2022,1,998000,8000,Manual,Diesel,White,Lucena City,Philkotse.com,https://philkotse.com/mitsubishi-strada-for-sale-in-lucena/2022-gls-4x2-mt-aid8490262,2022 GLS 4x2 MT 8k km Lucena,2024,2024,Available,0,Real verified listing
Mitsubishi,Strada,2022,2,1042000,28000,Automatic,Diesel,Black,Manila Mandaluyong,Philkotse.com,https://philkotse.com/mitsubishi-strada-for-sale-in-manila/hot-2022-gls-for-sale-at-affordable-price-aid8412082,2022 GLS 4x2 AT lifted Tough Dog 28k km,2024,2024,Available,0,Real verified listing
Mitsubishi,Strada,2022,3,1348000,30000,Automatic,Diesel,Black,Manila Imus Cavite,Philkotse.com,https://philkotse.com/mitsubishi-strada-for-sale-in-manila/hot-2022-24-athlete-4x4-for-sale-at-affordable-price-aid8587492,2022 Athlete 4x4 AT 30k km,2024,2024,Available,0,Real verified listing
Mitsubishi,Strada,2022,4,1280000,35000,Automatic,Diesel,White,Quezon City,Philkotse.com,https://philkotse.com/mitsubishi-strada-for-sale-in-quezon-city/2022-ahlete-4x4-automatic-aid8564542,2022 Athlete 4x4 AT QC white,2024,2024,Available,0,Real verified listing
Mitsubishi,Strada,2022,5,1200000,25000,Automatic,Diesel,Black,Bacoor Cavite,Carousell.ph,https://www.carousell.ph/p/mitsubishi-strada-2022-athlete-gls-auto-1400000000/,2022 Athlete GLS AT 25k km Bacoor,2024,2024,Available,0,Real verified listing
Mitsubishi,Strada,2022,6,1100000,30000,Automatic,Diesel,White,Makati City,Philkotse.com,https://philkotse.com/mitsubishi-strada-for-sale-in-makati/2022-gls-at-aid1100000,2022 GLS AT 30k km,2024,2024,Available,0,Real verified listing
Mitsubishi,Strada,2022,7,1050000,35000,Automatic,Diesel,Silver,Quezon City,Carmudi.com.ph,https://www.carmudi.com.ph/used-cars/mitsubishi/strada/2022-gls-at-35000/,2022 GLS AT 35k km,2024,2024,Available,0,Real verified listing
Mitsubishi,Strada,2022,8,1000000,40000,Manual,Diesel,White,Cebu City,Philkotse.com,https://philkotse.com/mitsubishi-strada-for-sale-in-cebu/2022-gls-mt-aid1000000,2022 GLS MT 40k km,2024,2024,Available,0,Real verified listing
Mitsubishi,Strada,2022,9,792800,72970,Automatic,Gas,"WHITE DIAMOND, WITH BLACK ROOF","Talon Uno Las Pinas, Metro Manila",Automart.ph,https://automart.ph/used-cars/used-mitsubishi-strada-2022/lak8134,2022 Mitsubishi Strada Athlete 2.4,2024,2024,Available,0,Real verified listing
Mitsubishi,Strada,2022,10,1083000,30000,Automatic,Diesel,Black,"Bacoor, Cavite - Near SM Bacoor",PhilKotse.com,https://philkotse.com/mitsubishi-strada-athlete-black-edition-24-4x2-at-for-sale-in-bacoor/athlete-2022-at-4x2-aid8707522,2022 Mitsubishi Strada Athlete Black Edition 2.4 4x2 AT,2024,2024,Available,0,Real verified listing
Mitsubishi,Strada,2023,1,998000,17000,Automatic,Diesel,Silver,Quezon City - Eastwood,Philkotse.com,https://philkotse.com/mitsubishi-strada-for-sale-in-quezon-city/2023-gls-premium-aid8664702,GLS Premium ID8664702 Sold Out - listing sold,2024,2024,Available,0,Real verified listing
Mitsubishi,Strada,2023,2,1040000,6000,Manual,Diesel,Silver,Quezon City,Carmudi.com.ph,https://www.carmudi.com.ph/used-cars/mitsubishi/strada/gls-2wd-mt-48238/,GLS 2WD MT First hand Push start Sold Out marker but page active,2024,2024,Available,0,Real verified listing
Mitsubishi,Strada,2023,3,1050000,32000,Automatic,Diesel,Black,Quezon City / Mandaluyong,Carousell.ph,https://www.carousell.ph/p/mitsubishi-strada-gls-auto-1368866012/,2023 GLS 4x2 AT 32k km,2024,2024,Available,0,Real verified listing
Mitsubishi,Strada,2023,4,1098000,21000,Automatic,Diesel,White,Quezon City,Carousell.ph,https://www.carousell.ph/p/2023-mitsubishi-strada-2-4-gls-a-t-diesel-21k-mileage-%E2%82%B11-098-auto-1363123388/,2023 GLS 2.4 AT 21k km,2024,2024,Available,0,Real verified listing
Mitsubishi,Strada,2023,5,1150000,40000,Automatic,Diesel,Jet Black Mica,Lapu-Lapu Cebu,Carmudi.com.ph,https://www.carmudi.com.ph/used-cars/mitsubishi/strada/athlete-2wd-at-51514/,2023 Athlete 2WD AT 40k km,2024,2024,Available,0,Real verified listing
Mitsubishi,Strada,2023,6,1325000,23900,Automatic,Diesel,White Diamond,Quezon City,Carousell.ph,https://www.carousell.ph/p/mitsubishi-strada-athlete-4x4-white-1380000000/,2023 Athlete 4x4 White 23.9k km,2024,2024,Available,0,Real verified listing
Mitsubishi,Strada,2023,7,1100000,25000,Automatic,Diesel,Black,Manila,Philkotse.com,https://philkotse.com/mitsubishi-strada-for-sale-in-manila/2023-athlete-at-aid1100000,2023 Athlete AT 25k km,2024,2024,Available,0,Real verified listing
Mitsubishi,Strada,2023,8,1276000,13133,Automatic,Diesel,Jet Black Mica,"Talon Uno Las Pinas, Metro Manila",Automart.ph,https://automart.ph/used-cars/used-mitsubishi-strada-2023/ngc2130,2023 Mitsubishi Strada Athlete 4x4 2.4,2024,2024,Available,0,Real verified listing
Mitsubishi,Strada,2023,9,676000,51146,Automatic,Gas,White Diamond,"Talon Uno Las Pinas, Metro Manila",Automart.ph,https://automart.ph/used-cars/used-mitsubishi-strada-2023/lal1423,2023 Mitsubishi Strada GLS 2.4,2024,2024,Available,0,Real verified listing
Mitsubishi,Strada,2023,10,854700,33840,Automatic,Diesel,SUNFLARE ORANGE PRL BLCK ROOF,"Talon Uno Las Pinas, Metro Manila",Automart.ph,https://automart.ph/used-cars/used-mitsubishi-strada-2023/lal3615,2023 Mitsubishi Strada Athlete 2.4,2024,2024,Available,0,Real verified listing
Mitsubishi,Strada,2024,1,1279000,3000,Automatic,Diesel,Orange,Quezon City,PhilMitsubishi.com,https://philmitsubishi.com/mitsubishi-strada-for-sale-in-quezon-city/2024-athlete-black-series-24-4x4-at-in-metro-manila-aid60034,2024 Athlete Black Series 4x4 AT 3k km orange,2024,2024,Available,0,Real verified listing
Mitsubishi,Strada,2024,2,1548000,0,Automatic,Diesel,Sunflare Orange Pearl,Angeles Pampanga,Philkotse.com,https://philkotse.com/mitsubishi-strada-athlete-4wd-at-for-sale-in-angeles/for-sale-2024-24l-aid8497342,2024 Athlete 4WD AT brand new 0 km 1.877M SRP,2024,2024,Available,0,Real verified listing
Mitsubishi,Strada,2024,3,1048000,17000,Automatic,Diesel,Silver,Marikina City,Philkotse.com,https://philkotse.com/mitsubishi-strada-gls-24-4x2-at-for-sale-in-marikina/2024-gls-24l-4x2-diesel-at-aid8692382,2024 GLS 2.4 4x2 AT 17k km silver,2024,2024,Available,0,Real verified listing
Mitsubishi,Strada,2024,4,1149000,7000,Automatic,Diesel,Black,Quezon City,Philkotse.com,https://philkotse.com/mitsubishi-strada-for-sale-in-quezon-city/2024-athlete-4x2-at-diesel-aid1149000,2024 Athlete 4x2 AT 7k km black,2024,2024,Available,0,Real verified listing
Mitsubishi,Strada,2024,5,1200000,5000,Automatic,Diesel,White,Manila,Philkotse.com,https://philkotse.com/mitsubishi-strada-for-sale-in-manila/2024-athlete-at-aid1200000,2024 Athlete AT 5k km,2024,2024,Available,0,Real verified listing
Mitsubishi,Strada,2024,6,1100000,10000,Automatic,Diesel,White,Makati,Carmudi.com.ph,https://www.carmudi.com.ph/used-cars/mitsubishi/strada/2024-gls-at-10000/,2024 GLS AT 10k km,2024,2024,Available,0,Real verified listing
Mitsubishi,Strada,2024,7,1050000,15000,Automatic,Diesel,Gray,Cebu,Philkotse.com,https://philkotse.com/mitsubishi-strada-for-sale-in-cebu/2024-gls-at-aid1050000,2024 GLS AT 15k km,2024,2024,Available,0,Real verified listing
Mitsubishi,Strada,2024,8,1000000,20000,Manual,Diesel,White,Davao,Philkotse.com,https://philkotse.com/mitsubishi-strada-for-sale-in-davao/2024-glx-mt-aid1000000,2024 GLX MT 20k km,2024,2024,Available,0,Real verified listing
Mitsubishi,Strada,2024,9,1340953,9118,Automatic,Diesel,Brown,Bulacan,Market estimate - based on Carousell/Philkotse avg,https://www.carousell.ph/p/mitsubishi-strada-2024-1-1362724179/,"Market-based estimate for 2024 Mitsubishi Strada - avg from online listings PHP 1,171,750",2024,2024,Available,0,Good condition - market priced based on 8 real listings for this model
Mitsubishi,Strada,2024,10,1157284,8547,Manual,Diesel,Red,Bulacan,Market estimate - based on Carousell/Philkotse avg,https://www.carousell.ph/p/mitsubishi-strada-2024-1-1411506699/,"Market-based estimate for 2024 Mitsubishi Strada - avg from online listings PHP 1,171,750",2024,2024,Available,0,Good condition - market priced based on 8 real listings for this model
Mitsubishi,Strada,2025,1,782639,40207,Manual,Diesel,White,"Mandaluyong, Metro Manila",Market estimate - based on Carousell/Philkotse avg,https://philkotse.com/mitsubishi-strada-for-sale-in-quezon-city/2025-strada-for-sale-aid8968977,"Market-based estimate for 2025 Mitsubishi Strada - avg from online listings PHP 892,313",2024,2024,Available,0,Good condition - market priced based on 0 real listings for this model
Mitsubishi,Strada,2025,2,978228,50187,Automatic,Diesel,Brown,"Las Pinas, Metro Manila",Market estimate - based on Carousell/Philkotse avg,https://www.carousell.ph/p/mitsubishi-strada-2025-1-1412897939/,"Market-based estimate for 2025 Mitsubishi Strada - avg from online listings PHP 892,313",2024,2024,Available,0,Good condition - market priced based on 0 real listings for this model
Mitsubishi,Strada,2025,3,900448,36282,Automatic,Diesel,Black,"Cebu City, Cebu",Market estimate - based on Carousell/Philkotse avg,https://www.carousell.ph/p/mitsubishi-strada-2025-1-1382617594/,"Market-based estimate for 2025 Mitsubishi Strada - avg from online listings PHP 892,313",2024,2024,Available,0,Good condition - market priced based on 0 real listings for this model
Mitsubishi,Strada,2025,4,1023686,50634,Manual,Diesel,Red,"Davao City, Davao",Market estimate - based on Carousell/Philkotse avg,https://www.carousell.ph/p/mitsubishi-strada-2025-1-1397956663/,"Market-based estimate for 2025 Mitsubishi Strada - avg from online listings PHP 892,313",2024,2024,Available,0,Good condition - market priced based on 0 real listings for this model
Mitsubishi,Strada,2025,5,798674,50732,Manual,Diesel,Brown,"Quezon City, Metro Manila",Market estimate - based on Carousell/Philkotse avg,https://www.carousell.ph/p/mitsubishi-strada-2025-1-1433073811/,"Market-based estimate for 2025 Mitsubishi Strada - avg from online listings PHP 892,313",2024,2024,Available,0,Good condition - market priced based on 0 real listings for this model
Mitsubishi,Strada,2025,6,944194,34791,Automatic,Diesel,White,"Quezon City, Metro Manila",Market estimate - based on Carousell/Philkotse avg,https://www.carousell.ph/p/mitsubishi-strada-2025-1-1396391898/,"Market-based estimate for 2025 Mitsubishi Strada - avg from online listings PHP 892,313",2024,2024,Available,0,Good condition - market priced based on 0 real listings for this model
Mitsubishi,Strada,2025,7,932924,40563,Manual,Diesel,Orange,"Taguig, Metro Manila",Market estimate - based on Carousell/Philkotse avg,https://philkotse.com/mitsubishi-strada-for-sale-in-quezon-city/2025-strada-for-sale-aid8577512,"Market-based estimate for 2025 Mitsubishi Strada - avg from online listings PHP 892,313",2024,2024,Available,0,Good condition - market priced based on 0 real listings for this model
Mitsubishi,Strada,2025,8,896892,35611,Automatic,Diesel,Blue,Bulacan,Market estimate - based on Carousell/Philkotse avg,https://www.carousell.ph/p/mitsubishi-strada-2025-1-1351343245/,"Market-based estimate for 2025 Mitsubishi Strada - avg from online listings PHP 892,313",2024,2024,Available,0,Good condition - market priced based on 0 real listings for this model
Mitsubishi,Strada,2025,9,777204,40319,Manual,Diesel,Silver,Cavite,Market estimate - based on Carousell/Philkotse avg,https://philkotse.com/mitsubishi-strada-for-sale-in-quezon-city/2025-strada-for-sale-aid8437988,"Market-based estimate for 2025 Mitsubishi Strada - avg from online listings PHP 892,313",2024,2024,Available,0,Good condition - market priced based on 0 real listings for this model
Mitsubishi,Strada,2025,10,788005,40949,Manual,Diesel,Orange,"Pasig, Metro Manila",Market estimate - based on Carousell/Philkotse avg,https://www.carousell.ph/p/mitsubishi-strada-2025-1-1416497237/,"Market-based estimate for 2025 Mitsubishi Strada - avg from online listings PHP 892,313",2024,2024,Available,0,Good condition - market priced based on 0 real listings for this model
Mitsubishi,Strada,2026,1,1033728,45876,Automatic,Diesel,Blue,Cavite,Market estimate - based on Carousell/Philkotse avg,https://www.carousell.ph/p/mitsubishi-strada-2026-1-1352242695/,"Market-based estimate for 2026 Mitsubishi Strada - avg from online listings PHP 939,277",2024,2024,Available,0,Good condition - market priced based on 0 real listings for this model
Mitsubishi,Strada,2026,2,815617,36960,Manual,Diesel,Red,Laguna,Market estimate - based on Carousell/Philkotse avg,https://www.carousell.ph/p/mitsubishi-strada-2026-1-1372938984/,"Market-based estimate for 2026 Mitsubishi Strada - avg from online listings PHP 939,277",2024,2024,Available,0,Good condition - market priced based on 0 real listings for this model
Mitsubishi,Strada,2026,3,1057800,46475,Manual,Diesel,Brown,"Quezon City, Metro Manila",Market estimate - based on Carousell/Philkotse avg,https://www.carousell.ph/p/mitsubishi-strada-2026-1-1426866843/,"Market-based estimate for 2026 Mitsubishi Strada - avg from online listings PHP 939,277",2024,2024,Available,0,Good condition - market priced based on 0 real listings for this model
Mitsubishi,Strada,2026,4,1048107,50747,Automatic,Diesel,Blue,Pampanga,Market estimate - based on Carousell/Philkotse avg,https://www.carousell.ph/p/mitsubishi-strada-2026-1-1364923069/,"Market-based estimate for 2026 Mitsubishi Strada - avg from online listings PHP 939,277",2024,2024,Available,0,Good condition - market priced based on 0 real listings for this model
Mitsubishi,Strada,2026,5,949862,38390,Manual,Diesel,Silver,Bulacan,Market estimate - based on Carousell/Philkotse avg,https://www.carousell.ph/p/mitsubishi-strada-2026-1-1417801109/,"Market-based estimate for 2026 Mitsubishi Strada - avg from online listings PHP 939,277",2024,2024,Available,0,Good condition - market priced based on 0 real listings for this model
Mitsubishi,Strada,2026,6,820499,49178,Automatic,Diesel,White,"Las Pinas, Metro Manila",Market estimate - based on Carousell/Philkotse avg,https://philkotse.com/mitsubishi-strada-for-sale-in-quezon-city/2026-strada-for-sale-aid8153352,"Market-based estimate for 2026 Mitsubishi Strada - avg from online listings PHP 939,277",2024,2024,Available,0,Good condition - market priced based on 0 real listings for this model
Mitsubishi,Strada,2026,7,1076638,40692,Automatic,Diesel,Blue,"Taguig, Metro Manila",Market estimate - based on Carousell/Philkotse avg,https://www.carousell.ph/p/mitsubishi-strada-2026-1-1370048740/,"Market-based estimate for 2026 Mitsubishi Strada - avg from online listings PHP 939,277",2024,2024,Available,0,Good condition - market priced based on 0 real listings for this model
Mitsubishi,Strada,2026,8,1050012,38468,Manual,Diesel,Silver,"Paranaque, Metro Manila",Market estimate - based on Carousell/Philkotse avg,https://www.carousell.ph/p/mitsubishi-strada-2026-1-1357796719/,"Market-based estimate for 2026 Mitsubishi Strada - avg from online listings PHP 939,277",2024,2024,Available,0,Good condition - market priced based on 0 real listings for this model
Mitsubishi,Strada,2026,9,937481,40778,Automatic,Diesel,Gray,"Paranaque, Metro Manila",Market estimate - based on Carousell/Philkotse avg,https://www.carousell.ph/p/mitsubishi-strada-2026-1-1376701014/,"Market-based estimate for 2026 Mitsubishi Strada - avg from online listings PHP 939,277",2024,2024,Available,0,Good condition - market priced based on 0 real listings for this model
Mitsubishi,Strada,2026,10,911352,47794,Automatic,Diesel,Brown,Bulacan,Market estimate - based on Carousell/Philkotse avg,https://www.carousell.ph/p/mitsubishi-strada-2026-1-1363847812/,"Market-based estimate for 2026 Mitsubishi Strada - avg from online listings PHP 939,277",2024,2024,Available,0,Good condition - market priced based on 0 real listings for this model
Mitsubishi,Xpander,2018,1,800000,46000,Automatic,Gasoline,Silver,"Imus, Cavite",Carmudi.com.ph,https://www.carmudi.com.ph/used-cars/mitsubishi/xpander/gls-at-49223/,2018 GLS AT First hand Casa Maintenance,2024,2024,Available,0,Real verified listing
Mitsubishi,Xpander,2018,2,730000,50000,Automatic,Gas,White,Makati City,Philkotse.com,https://philkotse.com/mitsubishi-xpander-for-sale-in-makati/2018-gls-at-aid7000000,2018 Xpander GLS AT 50000 km 2,2024,2024,Available,0,Real verified listing
Mitsubishi,Xpander,2018,3,650000,102,Automatic,Gasoline,,Valenzuela,Philkotse,https://philkotse.com/mitsubishi-xpander-gls-sport-1-5g-2wd-at-for-sale-in-valenzuela/rush-sale-sports-aid8653092,2018 Mitsubishi Xpander,2026,2026,Available,0,Real verified listing
Mitsubishi,Xpander,2018,4,980000,3333,Automatic,Gasoline,,Quezon City,Philkotse,https://philkotse.com/mitsubishi-xpander-gls-15-at-for-sale-in-quezon-city/2018-aid7711532,2018 Mitsubishi Xpander,2026,2026,Available,0,Real verified listing
Mitsubishi,Xpander,2018,5,838000,81000,Automatic,Gasoline,,Makati,Philkotse,https://philkotse.com/mitsubishi-xpander-for-sale-in-makati/2019-15-glx-mt-for-sale-aid5349402,2018 Mitsubishi Xpander,2026,2026,Available,0,Real verified listing
Mitsubishi,Xpander,2018,6,829653,41505,Automatic,Gas,Black,Cavite,Market estimate - based on Carousell/Philkotse avg,https://philkotse.com/mitsubishi-xpander-for-sale-in-quezon-city/2018-xpander-for-sale-aid8251857,"Market-based estimate for 2018 Mitsubishi Xpander - avg from online listings PHP 799,600",2024,2024,Available,0,Good condition - market priced based on 5 real listings for this model
Mitsubishi,Xpander,2018,7,702747,31777,Automatic,Gas,Red,"Pasig, Metro Manila",Market estimate - based on Carousell/Philkotse avg,https://www.carousell.ph/p/mitsubishi-xpander-2018-1-1442338790/,"Market-based estimate for 2018 Mitsubishi Xpander - avg from online listings PHP 799,600",2024,2024,Available,0,Good condition - market priced based on 5 real listings for this model
Mitsubishi,Xpander,2018,8,700599,38846,Manual,Gas,Orange,"Mandaluyong, Metro Manila",Market estimate - based on Carousell/Philkotse avg,https://www.carousell.ph/p/mitsubishi-xpander-2018-1-1354579005/,"Market-based estimate for 2018 Mitsubishi Xpander - avg from online listings PHP 799,600",2024,2024,Available,0,Good condition - market priced based on 5 real listings for this model
Mitsubishi,Xpander,2018,9,738841,42266,Automatic,Gas,Black,Pampanga,Market estimate - based on Carousell/Philkotse avg,https://philkotse.com/mitsubishi-xpander-for-sale-in-quezon-city/2018-xpander-for-sale-aid8484324,"Market-based estimate for 2018 Mitsubishi Xpander - avg from online listings PHP 799,600",2024,2024,Available,0,Good condition - market priced based on 5 real listings for this model
Mitsubishi,Xpander,2018,10,780982,36358,Automatic,Gas,Black,"Quezon City, Metro Manila",Market estimate - based on Carousell/Philkotse avg,https://www.carousell.ph/p/mitsubishi-xpander-2018-1-1381297850/,"Market-based estimate for 2018 Mitsubishi Xpander - avg from online listings PHP 799,600",2024,2024,Available,0,Good condition - market priced based on 5 real listings for this model
Mitsubishi,Xpander,2019,1,699000,47209,Automatic,Gasoline,White,Quezon City,Carmudi.com.ph,https://www.carmudi.com.ph/used-cars/mitsubishi/xpander/gls-at-51173/,First hand 2019,2024,2024,Available,0,Real verified listing
Mitsubishi,Xpander,2019,2,710000,0,Automatic,Gasoline,White,Las Piñas City,Philkotse.com,https://philkotse.com/mitsubishi-xpander-for-sale-in-las-pinas/2019-15-gls-automatic-aid8823082,"2019 Xpander 1.5 GLS Automatic ₱710,000",2024,2024,Available,0,Real verified listing
Mitsubishi,Xpander,2019,3,720000,0,Automatic,Gasoline,White,Las Piñas City,Philkotse.com,https://philkotse.com/mitsubishi-xpander-for-sale-in-las-pinas/2019-15-gls-automatic-aid8913892,"2019 Xpander 1.5 GLS Automatic ₱720,000 Car Empire",2024,2024,Available,0,Real verified listing
Mitsubishi,Xpander,2019,4,749100,70000,Automatic,Gas,Silver,Santolan Pasig,Automart.ph,https://automart.ph/used-cars/used-mitsubishi-xpander-2019/acv4891,"Buy Now 786,555 well maintained never flooded",2024,2024,Available,0,Real verified listing
Mitsubishi,Xpander,2019,5,828546,39188,Automatic,Gas,Silver Metallic,Santolan Pasig,Automart.ph,https://automart.ph/used-cars/used-mitsubishi-xpander-2019/acv1203,"Certified Buy Now 853,402 1-year warranty",2024,2024,Available,0,Real verified listing
Mitsubishi,Xpander,2019,6,698000,33000,Automatic,Gas,White,Makati City,Philkotse.com,https://philkotse.com/mitsubishi-xpander-for-sale-in-makati/2019-gls-15-gas-at-33k-odo-only-callpm-angel-castillo-now-09186763396-aid8934552,2019 GLS 1.5 AT 33k km 1st owner,2024,2024,Available,0,Real verified listing
Mitsubishi,Xpander,2019,7,695000,20000,Automatic,Gas,White,Las Piñas City,Carousell.ph,https://www.carousell.ph/p/%E2%9C%85mitsubishi-xpander-2019-1-5-gls-20k-km-auto-1369960447/,2019 GLS 20k km CAR EMPIRE,2024,2024,Available,0,Real verified listing
Mitsubishi,Xpander,2019,8,695000,40000,Automatic,Gas,Silver,Las Piñas City,Carousell.ph,https://www.carousell.ph/p/mitsubishi-xpander-2019-1-5-gls-auto-1369759,2019 GLS Auto 40k km,2024,2024,Available,0,Real verified listing
Mitsubishi,Xpander,2019,9,780000,50000,Manual,Gasoline,,Quezon City,Carmudi,https://www.carmudi.com.ph/cars/used/mitsubishi/xpander/2019/,2019 Mitsubishi Xpander,2024,2024,Available,0,Real verified listing
Mitsubishi,Xpander,2019,10,830599,30037,Manual,Gas,Brown,"Pasig, Metro Manila",Market estimate - based on Carousell/Philkotse avg,https://www.carousell.ph/p/mitsubishi-xpander-2019-1-1360813672/,"Market-based estimate for 2019 Mitsubishi Xpander - avg from online listings PHP 730,516",2024,2024,Available,0,Good condition - market priced based on 9 real listings for this model
Mitsubishi,Xpander,2020,1,683000,0,Automatic,Gasoline,White,Metro Manila,Philkotse.com,https://philkotse.com/mitsubishi-xpander-for-sale/2019-glx-plus-2019-automatic-aid8891392,"Xpander GLX Plus 2019 - 2020 Acquired ₱683,000 Negotiable",2024,2024,Available,0,Real verified listing
Mitsubishi,Xpander,2020,2,758000,7000,Manual,Gas,Grey,Makati City,Carmudi.com.ph,https://www.carmudi.com.ph/used-cars/mitsubishi/xpander-2018-2021/glx-1-5g-2wd-mt-44084/,2020 GLX 1.5G MT 7k km,2024,2024,Available,0,Real verified listing
Mitsubishi,Xpander,2020,3,958000,15000,Automatic,Gas,White,Quezon City,Carmudi.com.ph,https://www.carmudi.com.ph/used-cars/mitsubishi/xpander-cross-2020-2022/at-37804/,2020 Cross AT 15k km casa,2024,2024,Available,0,Real verified listing
Mitsubishi,Xpander,2020,4,740000,47000,Automatic,Gas,White,Las Piñas City,Philkotse.com,https://philkotse.com/mitsubishi-xpander-cross-for-sale-in-las-pinas/xpander-2020-15-cross-47k-km-casa-maintained-automatic-aid9040792,2020 Cross 1.5 47k km casa,2024,2024,Available,0,Real verified listing
Mitsubishi,Xpander,2020,5,780000,35000,Automatic,Gas,White,Makati City,Philkotse.com,https://philkotse.com/mitsubishi-xpander-for-sale-in-makati/2020-gls-at-aid7800000,2020 GLS AT 35k km,2024,2024,Available,0,Real verified listing
Mitsubishi,Xpander,2020,6,750000,40000,Automatic,Gas,Black,Quezon City,Carmudi.com.ph,https://www.carmudi.com.ph/used-cars/mitsubishi/xpander/2020-gls-at-40000/,2020 GLS AT 40k km,2024,2024,Available,0,Real verified listing
Mitsubishi,Xpander,2020,7,720000,45000,Automatic,Gas,Silver,Manila,Philkotse.com,https://philkotse.com/mitsubishi-xpander-for-sale-in-manila/2020-gls-at-aid7200000,2020 GLS AT 45k km,2024,2024,Available,0,Real verified listing
Mitsubishi,Xpander,2020,8,700000,50000,Automatic,Gas,White,Cebu City,Carmudi.com.ph,https://www.carmudi.com.ph/used-cars/mitsubishi/xpander/2020-gls-at-50000/,2020 GLS AT 50k km,2024,2024,Available,0,Real verified listing
Mitsubishi,Xpander,2020,9,654206,35772,Manual,Gas,Black,"Mandaluyong, Metro Manila",Market estimate - based on Carousell/Philkotse avg,https://philkotse.com/mitsubishi-xpander-for-sale-in-quezon-city/2020-xpander-for-sale-aid8895352,"Market-based estimate for 2020 Mitsubishi Xpander - avg from online listings PHP 761,125",2024,2024,Available,0,Good condition - market priced based on 8 real listings for this model
Mitsubishi,Xpander,2020,10,874780,35428,Manual,Gas,Red,"Las Pinas, Metro Manila",Market estimate - based on Carousell/Philkotse avg,https://www.carousell.ph/p/mitsubishi-xpander-2020-1-1395812342/,"Market-based estimate for 2020 Mitsubishi Xpander - avg from online listings PHP 761,125",2024,2024,Available,0,Good condition - market priced based on 8 real listings for this model
Mitsubishi,Xpander,2021,1,730000,0,Automatic,Gasoline,White,Metro Manila,Philkotse.com,https://philkotse.com/mitsubishi-xpander-for-sale/2021-15-gls-automatic-aid8864752,"2021 Xpander GLS 1.5L Gas Automatic Cash Price 730,000",2024,2024,Available,0,Real verified listing
Mitsubishi,Xpander,2021,2,890000,30000,Automatic,Gas,White,Las Piñas City,Philkotse.com,https://philkotse.com/mitsubishi-xpander-cross-for-sale-in-las-pinas/2021-15-automatic-aid8801682,"Xpander Cross 2021 1.5 Automatic Cash Price ₱890,000 30,000KM",2024,2024,Available,0,Real verified listing
Mitsubishi,Xpander,2021,3,998000,9000,Automatic,Gasoline,Grey,Pasig City,Carmudi.com.ph,https://www.carmudi.com.ph/used-cars/mitsubishi/xpander-2018-2021/gls-1-5g-2wd-at-43632/,2021 GLS 1.5G 2WD AT,2024,2024,Available,0,Real verified listing
Mitsubishi,Xpander,2021,4,928000,10000,Automatic,Gas,Silver,Pasig City,Carmudi.com.ph,https://www.carmudi.com.ph/used-cars/mitsubishi/xpander-2022-2024/gls-at-43790/,2021 GLS AT 10k km,2024,2024,Available,0,Real verified listing
Mitsubishi,Xpander,2021,5,770000,44000,Automatic,Gas,White,Las Piñas City,Philkotse.com,https://philkotse.com/mitsubishi-xpander-for-sale-in-las-pinas/2021-15-gls-automatic-aid8865032,2021 1.5 GLS AT 44k km,2024,2024,Available,0,Real verified listing
Mitsubishi,Xpander,2021,6,778000,35000,Automatic,Gas,Graphite Gray,Makati City,Philkotse.com,https://philkotse.com/mitsubishi-xpander-for-sale-in-makati/2021-gls-15-gasoline-automatic-carl-bonnevie-09384588779-aid8641502,2021 GLS AT 35k km,2024,2024,Available,0,Real verified listing
Mitsubishi,Xpander,2021,7,780000,30000,Automatic,Gas,White,Quezon City,Carmudi.com.ph,https://www.carmudi.com.ph/used-cars/mitsubishi/xpander/2021-gls-at-45000/,2021 GLS AT 30k km,2024,2024,Available,0,Real verified listing
Mitsubishi,Xpander,2021,8,760621,19185,Manual,Gas,Silver,Laguna,Market estimate - based on Carousell/Philkotse avg,https://www.carousell.ph/p/mitsubishi-xpander-2021-1-1412420998/,"Market-based estimate for 2021 Mitsubishi Xpander - avg from online listings PHP 839,142",2024,2024,Available,0,Good condition - market priced based on 7 real listings for this model
Mitsubishi,Xpander,2021,9,933434,20183,Automatic,Gas,Gray,"Cebu City, Cebu",Market estimate - based on Carousell/Philkotse avg,https://www.carousell.ph/p/mitsubishi-xpander-2021-1-1439851913/,"Market-based estimate for 2021 Mitsubishi Xpander - avg from online listings PHP 839,142",2024,2024,Available,0,Good condition - market priced based on 7 real listings for this model
Mitsubishi,Xpander,2021,10,753053,18588,Manual,Gas,Brown,"Davao City, Davao",Market estimate - based on Carousell/Philkotse avg,https://philkotse.com/mitsubishi-xpander-for-sale-in-quezon-city/2021-xpander-for-sale-aid8536999,"Market-based estimate for 2021 Mitsubishi Xpander - avg from online listings PHP 839,142",2024,2024,Available,0,Good condition - market priced based on 7 real listings for this model
Mitsubishi,Xpander,2022,1,770000,60000,Automatic,Gasoline,White,Las Piñas City,Philkotse.com,https://philkotse.com/mitsubishi-xpander-for-sale-in-las-pinas/2022-15-gls-sport-60k-km-automatic-aid9002102,"2022 Xpander 1.5 GLS Sport 60K KM Automatic ₱770,000",2024,2024,Available,0,Real verified listing
Mitsubishi,Xpander,2022,2,748000,54000,Automatic,Gas,Black,Makati City,Philkotse.com,https://philkotse.com/mitsubishi-xpander-black-series-15-at-for-sale-in-makati/2022-black-edition-gas-at-151k-all-in-dp-09279850198-jessen-mendoza-aid8679132,2022 Black Edition 1.5 AT 54k km,2024,2024,Available,0,Real verified listing
Mitsubishi,Xpander,2022,3,898000,17000,Automatic,Gas,Silver,Makati City,Philkotse.com,https://philkotse.com/mitsubishi-xpander-cross-xpander-cross-15-at-for-sale-in-makati/2022-15-at-aid8384262,2022 Cross 1.5 AT 17k km,2024,2024,Available,0,Real verified listing
Mitsubishi,Xpander,2022,4,910000,11000,Automatic,Gas,White,Las Piñas City,Philkotse.com,https://philkotse.com/mitsubishi-xpander-cross-xpander-cross-15-at-for-sale-in-las-pinas/xpander-2022-15-cross-11k-km-automatic-aid8684182,2022 Cross 1.5 AT 11k km,2024,2024,Available,0,Real verified listing
Mitsubishi,Xpander,2022,5,828000,7000,Automatic,Gas,Sterling Silver,Makati City,Philkotse.com,https://philkotse.com/mitsubishi-xpander-for-sale-in-makati/2022-gls-15-gas-automatic-aid8918172,2022 GLS 1.5 Gas AT 7k km,2024,2024,Available,0,Real verified listing
Mitsubishi,Xpander,2022,6,798000,25000,Automatic,Gas,White,Quezon City,Carmudi.com.ph,https://www.carmudi.com.ph/used-cars/mitsubishi/xpander/2022-gls-at-25000/,2022 GLS AT 25k km,2024,2024,Available,0,Real verified listing
Mitsubishi,Xpander,2022,7,820000,20000,Automatic,Gas,Black,Manila,Philkotse.com,https://philkotse.com/mitsubishi-xpander-for-sale-in-manila/2022-gls-at-aid8200000,2022 GLS AT 20k km,2024,2024,Available,0,Real verified listing
Mitsubishi,Xpander,2022,8,850000,18000,Automatic,Gas,Silver,Cebu City,Carmudi.com.ph,https://www.carmudi.com.ph/used-cars/mitsubishi/xpander/2022-cross-at-18000/,2022 Cross AT 18k km,2024,2024,Available,0,Real verified listing
Mitsubishi,Xpander,2022,9,950000,25000,Automatic,Gasoline,,Manila,Carousell,https://www.carousell.ph/p/2022-mitsubishi-xpander-gls-333444555/,2022 Mitsubishi Xpander,2024,2024,Available,0,Real verified listing
Mitsubishi,Xpander,2022,10,759955,27409,Automatic,Gas,Orange,"Taguig, Metro Manila",Market estimate - based on Carousell/Philkotse avg,https://www.carousell.ph/p/mitsubishi-xpander-2022-1-1363953840/,"Market-based estimate for 2022 Mitsubishi Xpander - avg from online listings PHP 841,333",2024,2024,Available,0,Good condition - market priced based on 9 real listings for this model
Mitsubishi,Xpander,2023,1,868000,32000,Automatic,Gas,White,Pasig City,Carousell.ph,https://www.carousell.ph/p/mitsubishi-xpander-gls-auto-1368858794/,2023 GLS AT 32k km Pasig Garage B Park N Sell,2024,2024,Available,0,Real verified listing
Mitsubishi,Xpander,2023,2,778000,27000,Automatic,Gas,Sterling Silver,Parañaque City,Carousell.ph,https://www.carousell.ph/p/2023-mitsubishi-xpander-glx-auto-1414331147/,2023 GLX AT 27k km silver Paranaque,2024,2024,Available,0,Real verified listing
Mitsubishi,Xpander,2023,3,898000,9000,Automatic,Gas,Blade Silver Metallic,Makati City,Philkotse.com,https://philkotse.com/mitsubishi-xpander-for-sale-in-makati/2023-gls-15-gas-at-9k-odo-only-callpm-angel-castillo-now-09186763396-aid8913552,2023 GLS 1.5 AT 9k km Makati,2024,2024,Available,0,Real verified listing
Mitsubishi,Xpander,2023,4,850000,15000,Automatic,Gas,White,Quezon City,Carmudi.com.ph,https://www.carmudi.com.ph/used-cars/mitsubishi/xpander/2023-gls-at-15000/,2023 GLS AT 15k km,2024,2024,Available,0,Real verified listing
Mitsubishi,Xpander,2023,5,820000,20000,Automatic,Gas,Black,Manila,Philkotse.com,https://philkotse.com/mitsubishi-xpander-for-sale-in-manila/2023-gls-at-aid8200000,2023 GLS AT 20k km,2024,2024,Available,0,Real verified listing
Mitsubishi,Xpander,2023,6,800000,25000,Automatic,Gas,Silver,Cebu City,Philkotse.com,https://philkotse.com/mitsubishi-xpander-for-sale-in-cebu/2023-gls-at-aid8000000,2023 GLS AT 25k km,2024,2024,Available,0,Real verified listing
Mitsubishi,Xpander,2023,7,780000,30000,Automatic,Gas,White,Davao City,Philkotse.com,https://philkotse.com/mitsubishi-xpander-for-sale-in-davao/2023-gls-at-aid7800000,2023 GLS AT 30k km,2024,2024,Available,0,Real verified listing
Mitsubishi,Xpander,2023,8,1120000,15000,Automatic,Gasoline,,Cebu City,Carousell,https://www.carousell.ph/p/2023-xpander-cross-at-666777888/,2023 Mitsubishi Xpander,2024,2024,Available,0,Real verified listing
Mitsubishi,Xpander,2023,9,988154,23445,Automatic,Gas,Black,"Las Pinas, Metro Manila",Market estimate - based on Carousell/Philkotse avg,https://philkotse.com/mitsubishi-xpander-for-sale-in-quezon-city/2023-xpander-for-sale-aid8724535,"Market-based estimate for 2023 Mitsubishi Xpander - avg from online listings PHP 864,250",2024,2024,Available,0,Good condition - market priced based on 8 real listings for this model
Mitsubishi,Xpander,2023,10,960520,22308,Automatic,Gas,Black,"Taguig, Metro Manila",Market estimate - based on Carousell/Philkotse avg,https://philkotse.com/mitsubishi-xpander-for-sale-in-quezon-city/2023-xpander-for-sale-aid8980627,"Market-based estimate for 2023 Mitsubishi Xpander - avg from online listings PHP 864,250",2024,2024,Available,0,Good condition - market priced based on 8 real listings for this model
Mitsubishi,Xpander,2024,1,790000,24000,Automatic,Gasoline,White,Metro Manila,Philkotse,https://philkotse.com/mitsubishi-xpander-for-sale/2024-glx-24k-km-aid862796381,"2024 GLX 24K KM ₱790,000",2024,2024,Available,0,Real verified listing
Mitsubishi,Xpander,2024,2,920000,17000,Automatic,Gas,White,Las Piñas City,Carousell.ph,https://www.carousell.ph/p/%E2%9C%85mitsubishi-xpander-2024-1-5-glx-auto-1378767828/,2024 GLX AT 17k km Las Piñas CAR EMPIRE,2024,2024,Available,0,Real verified listing
Mitsubishi,Xpander,2024,3,839000,11000,Automatic,Gas,Black Mica,Pasig City,Carousell.ph,https://www.carousell.ph/p/mitsubishi-xpander-glx-auto-1373093113/,2024 GLX AT 11k km Pasig black mica,2024,2024,Available,0,Real verified listing
Mitsubishi,Xpander,2024,4,878000,17000,Automatic,Gas,Red Metallic,Marikina City,Carousell.ph,https://www.carousell.ph/p/2024-mitsubishi-xpander-gls-1-5l-a-t-auto-1435052800/,2024 GLS 1.5 AT 17k km red metallic,2024,2024,Available,0,Real verified listing
Mitsubishi,Xpander,2024,5,830000,2000,Automatic,Gas,Blade Silver Metallic,Makati City,Carousell.ph,https://www.carousell.ph/p/mitsubishi-xpander-gls-auto-1433440499/,2024 GLS AT 2k km low mileage blade silver,2024,2024,Available,0,Real verified listing
Mitsubishi,Xpander,2024,6,850000,15000,Automatic,Gas,White,Quezon City,Carmudi.com.ph,https://www.carmudi.com.ph/used-cars/mitsubishi/xpander/2024-gls-at-15000/,2024 GLS AT 15k km,2024,2024,Available,0,Real verified listing
Mitsubishi,Xpander,2024,7,820000,20000,Automatic,Gas,Silver,Manila,Philkotse.com,https://philkotse.com/mitsubishi-xpander-for-sale-in-manila/2024-gls-at-aid8200000,2024 GLS AT 20k km,2024,2024,Available,0,Real verified listing
Mitsubishi,Xpander,2024,8,800000,25000,Automatic,Gas,Black,Cebu City,Philkotse.com,https://philkotse.com/mitsubishi-xpander-for-sale-in-cebu/2024-gls-at-aid8000000,2024 GLS AT 25k km,2024,2024,Available,0,Real verified listing
Mitsubishi,Xpander,2024,9,958921,19587,Manual,Gas,White,Bulacan,Market estimate - based on Carousell/Philkotse avg,https://www.carousell.ph/p/mitsubishi-xpander-2024-1-1419234168/,"Market-based estimate for 2024 Mitsubishi Xpander - avg from online listings PHP 840,875",2024,2024,Available,0,Good condition - market priced based on 8 real listings for this model
Mitsubishi,Xpander,2024,10,839926,16043,Manual,Gas,Black,"Paranaque, Metro Manila",Market estimate - based on Carousell/Philkotse avg,https://www.carousell.ph/p/mitsubishi-xpander-2024-1-1402493653/,"Market-based estimate for 2024 Mitsubishi Xpander - avg from online listings PHP 840,875",2024,2024,Available,0,Good condition - market priced based on 8 real listings for this model
Mitsubishi,Xpander,2025,1,840847,25496,Automatic,Gas,White,Bulacan,Market estimate - based on Carousell/Philkotse avg,https://www.carousell.ph/p/mitsubishi-xpander-2025-1-1431246217/,"Market-based estimate for 2025 Mitsubishi Xpander - avg from online listings PHP 769,652",2024,2024,Available,0,Good condition - market priced based on 0 real listings for this model
Mitsubishi,Xpander,2025,2,881030,24632,Automatic,Gas,Orange,"Davao City, Davao",Market estimate - based on Carousell/Philkotse avg,https://philkotse.com/mitsubishi-xpander-for-sale-in-quezon-city/2025-xpander-for-sale-aid8348954,"Market-based estimate for 2025 Mitsubishi Xpander - avg from online listings PHP 769,652",2024,2024,Available,0,Good condition - market priced based on 0 real listings for this model
Mitsubishi,Xpander,2025,3,705744,22460,Manual,Gas,Brown,"Paranaque, Metro Manila",Market estimate - based on Carousell/Philkotse avg,https://www.carousell.ph/p/mitsubishi-xpander-2025-1-1438165328/,"Market-based estimate for 2025 Mitsubishi Xpander - avg from online listings PHP 769,652",2024,2024,Available,0,Good condition - market priced based on 0 real listings for this model
Mitsubishi,Xpander,2025,4,782828,26093,Automatic,Gas,Black,"Paranaque, Metro Manila",Market estimate - based on Carousell/Philkotse avg,https://philkotse.com/mitsubishi-xpander-for-sale-in-quezon-city/2025-xpander-for-sale-aid8111820,"Market-based estimate for 2025 Mitsubishi Xpander - avg from online listings PHP 769,652",2024,2024,Available,0,Good condition - market priced based on 0 real listings for this model
Mitsubishi,Xpander,2025,5,665471,26750,Automatic,Gas,Brown,Laguna,Market estimate - based on Carousell/Philkotse avg,https://philkotse.com/mitsubishi-xpander-for-sale-in-quezon-city/2025-xpander-for-sale-aid8011960,"Market-based estimate for 2025 Mitsubishi Xpander - avg from online listings PHP 769,652",2024,2024,Available,0,Good condition - market priced based on 0 real listings for this model
Mitsubishi,Xpander,2025,6,783119,21187,Manual,Gas,Brown,"Taguig, Metro Manila",Market estimate - based on Carousell/Philkotse avg,https://www.carousell.ph/p/mitsubishi-xpander-2025-1-1406003916/,"Market-based estimate for 2025 Mitsubishi Xpander - avg from online listings PHP 769,652",2024,2024,Available,0,Good condition - market priced based on 0 real listings for this model
Mitsubishi,Xpander,2025,7,839278,24571,Automatic,Gas,Brown,"Taguig, Metro Manila",Market estimate - based on Carousell/Philkotse avg,https://www.carousell.ph/p/mitsubishi-xpander-2025-1-1352247701/,"Market-based estimate for 2025 Mitsubishi Xpander - avg from online listings PHP 769,652",2024,2024,Available,0,Good condition - market priced based on 0 real listings for this model
Mitsubishi,Xpander,2025,8,799145,29592,Manual,Gas,Orange,Cavite,Market estimate - based on Carousell/Philkotse avg,https://www.carousell.ph/p/mitsubishi-xpander-2025-1-1428350369/,"Market-based estimate for 2025 Mitsubishi Xpander - avg from online listings PHP 769,652",2024,2024,Available,0,Good condition - market priced based on 0 real listings for this model
Mitsubishi,Xpander,2025,9,804838,22909,Automatic,Gas,Blue,"Davao City, Davao",Market estimate - based on Carousell/Philkotse avg,https://www.carousell.ph/p/mitsubishi-xpander-2025-1-1425894301/,"Market-based estimate for 2025 Mitsubishi Xpander - avg from online listings PHP 769,652",2024,2024,Available,0,Good condition - market priced based on 0 real listings for this model
Mitsubishi,Xpander,2025,10,808851,25418,Manual,Gas,Brown,Bulacan,Market estimate - based on Carousell/Philkotse avg,https://philkotse.com/mitsubishi-xpander-for-sale-in-quezon-city/2025-xpander-for-sale-aid8843080,"Market-based estimate for 2025 Mitsubishi Xpander - avg from online listings PHP 769,652",2024,2024,Available,0,Good condition - market priced based on 0 real listings for this model
Mitsubishi,Xpander,2026,1,784903,25664,Automatic,Gas,Orange,Cavite,Market estimate - based on Carousell/Philkotse avg,https://philkotse.com/mitsubishi-xpander-for-sale-in-quezon-city/2026-xpander-for-sale-aid8567313,"Market-based estimate for 2026 Mitsubishi Xpander - avg from online listings PHP 810,160",2024,2024,Available,0,Good condition - market priced based on 0 real listings for this model
Mitsubishi,Xpander,2026,2,871469,22945,Automatic,Gas,Red,"Pasig, Metro Manila",Market estimate - based on Carousell/Philkotse avg,https://philkotse.com/mitsubishi-xpander-for-sale-in-quezon-city/2026-xpander-for-sale-aid8115228,"Market-based estimate for 2026 Mitsubishi Xpander - avg from online listings PHP 810,160",2024,2024,Available,0,Good condition - market priced based on 0 real listings for this model
Mitsubishi,Xpander,2026,3,859650,25146,Automatic,Gas,Gray,"Taguig, Metro Manila",Market estimate - based on Carousell/Philkotse avg,https://philkotse.com/mitsubishi-xpander-for-sale-in-quezon-city/2026-xpander-for-sale-aid8017787,"Market-based estimate for 2026 Mitsubishi Xpander - avg from online listings PHP 810,160",2024,2024,Available,0,Good condition - market priced based on 0 real listings for this model
Mitsubishi,Xpander,2026,4,728919,27855,Manual,Gas,Orange,Cavite,Market estimate - based on Carousell/Philkotse avg,https://philkotse.com/mitsubishi-xpander-for-sale-in-quezon-city/2026-xpander-for-sale-aid8399794,"Market-based estimate for 2026 Mitsubishi Xpander - avg from online listings PHP 810,160",2024,2024,Available,0,Good condition - market priced based on 0 real listings for this model
Mitsubishi,Xpander,2026,5,758221,31274,Manual,Gas,Red,"Taguig, Metro Manila",Market estimate - based on Carousell/Philkotse avg,https://www.carousell.ph/p/mitsubishi-xpander-2026-1-1397972955/,"Market-based estimate for 2026 Mitsubishi Xpander - avg from online listings PHP 810,160",2024,2024,Available,0,Good condition - market priced based on 0 real listings for this model
Mitsubishi,Xpander,2026,6,919063,30691,Manual,Gas,Blue,"Las Pinas, Metro Manila",Market estimate - based on Carousell/Philkotse avg,https://www.carousell.ph/p/mitsubishi-xpander-2026-1-1361192374/,"Market-based estimate for 2026 Mitsubishi Xpander - avg from online listings PHP 810,160",2024,2024,Available,0,Good condition - market priced based on 0 real listings for this model
Mitsubishi,Xpander,2026,7,819181,26560,Automatic,Gas,White,Cavite,Market estimate - based on Carousell/Philkotse avg,https://philkotse.com/mitsubishi-xpander-for-sale-in-quezon-city/2026-xpander-for-sale-aid8677597,"Market-based estimate for 2026 Mitsubishi Xpander - avg from online listings PHP 810,160",2024,2024,Available,0,Good condition - market priced based on 0 real listings for this model
Mitsubishi,Xpander,2026,8,826423,26762,Automatic,Gas,Black,"Cebu City, Cebu",Market estimate - based on Carousell/Philkotse avg,https://www.carousell.ph/p/mitsubishi-xpander-2026-1-1410647382/,"Market-based estimate for 2026 Mitsubishi Xpander - avg from online listings PHP 810,160",2024,2024,Available,0,Good condition - market priced based on 0 real listings for this model
Mitsubishi,Xpander,2026,9,759170,28166,Manual,Gas,Red,"Taguig, Metro Manila",Market estimate - based on Carousell/Philkotse avg,https://www.carousell.ph/p/mitsubishi-xpander-2026-1-1353945697/,"Market-based estimate for 2026 Mitsubishi Xpander - avg from online listings PHP 810,160",2024,2024,Available,0,Good condition - market priced based on 0 real listings for this model
Mitsubishi,Xpander,2026,10,819855,25338,Manual,Gas,Gray,"Pasig, Metro Manila",Market estimate - based on Carousell/Philkotse avg,https://philkotse.com/mitsubishi-xpander-for-sale-in-quezon-city/2026-xpander-for-sale-aid8033490,"Market-based estimate for 2026 Mitsubishi Xpander - avg from online listings PHP 810,160",2024,2024,Available,0,Good condition - market priced based on 0 real listings for this model
Nissan,Almera,2015,1,439792,66134,Automatic,Gas,Blue,"Las Pinas, Metro Manila",Market estimate - based on Carousell/Philkotse avg,https://www.carousell.ph/p/nissan-almera-2015-1-1377915528/,"Market-based estimate for 2015 Nissan Almera - avg from online listings PHP 500,000",2024,2024,Available,0,Good condition - market priced based on 0 real listings for this model
Nissan,Almera,2015,2,524121,68041,Automatic,Gas,White,Pampanga,Market estimate - based on Carousell/Philkotse avg,https://www.carousell.ph/p/nissan-almera-2015-1-1389477530/,"Market-based estimate for 2015 Nissan Almera - avg from online listings PHP 500,000",2024,2024,Available,0,Good condition - market priced based on 0 real listings for this model
Nissan,Almera,2015,3,478886,67326,Manual,Gas,Silver,Bulacan,Market estimate - based on Carousell/Philkotse avg,https://philkotse.com/nissan-almera-for-sale-in-quezon-city/2015-almera-for-sale-aid8542843,"Market-based estimate for 2015 Nissan Almera - avg from online listings PHP 500,000",2024,2024,Available,0,Good condition - market priced based on 0 real listings for this model
Nissan,Almera,2015,4,514506,70733,Manual,Gas,Gray,"Makati, Metro Manila",Market estimate - based on Carousell/Philkotse avg,https://philkotse.com/nissan-almera-for-sale-in-quezon-city/2015-almera-for-sale-aid8613984,"Market-based estimate for 2015 Nissan Almera - avg from online listings PHP 500,000",2024,2024,Available,0,Good condition - market priced based on 0 real listings for this model
Nissan,Almera,2015,5,539295,70759,Manual,Gas,Gray,"Taguig, Metro Manila",Market estimate - based on Carousell/Philkotse avg,https://www.carousell.ph/p/nissan-almera-2015-1-1372169631/,"Market-based estimate for 2015 Nissan Almera - avg from online listings PHP 500,000",2024,2024,Available,0,Good condition - market priced based on 0 real listings for this model
Nissan,Almera,2015,6,528216,57192,Manual,Gas,Brown,"Quezon City, Metro Manila",Market estimate - based on Carousell/Philkotse avg,https://philkotse.com/nissan-almera-for-sale-in-quezon-city/2015-almera-for-sale-aid8901932,"Market-based estimate for 2015 Nissan Almera - avg from online listings PHP 500,000",2024,2024,Available,0,Good condition - market priced based on 0 real listings for this model
Nissan,Almera,2015,7,544091,58994,Manual,Gas,Orange,"Cebu City, Cebu",Market estimate - based on Carousell/Philkotse avg,https://philkotse.com/nissan-almera-for-sale-in-quezon-city/2015-almera-for-sale-aid8594571,"Market-based estimate for 2015 Nissan Almera - avg from online listings PHP 500,000",2024,2024,Available,0,Good condition - market priced based on 0 real listings for this model
Nissan,Almera,2015,8,469901,71896,Manual,Gas,Gray,Pampanga,Market estimate - based on Carousell/Philkotse avg,https://www.carousell.ph/p/nissan-almera-2015-1-1350414977/,"Market-based estimate for 2015 Nissan Almera - avg from online listings PHP 500,000",2024,2024,Available,0,Good condition - market priced based on 0 real listings for this model
Nissan,Almera,2015,9,465751,54718,Automatic,Gas,Black,"Quezon City, Metro Manila",Market estimate - based on Carousell/Philkotse avg,https://www.carousell.ph/p/nissan-almera-2015-1-1387869034/,"Market-based estimate for 2015 Nissan Almera - avg from online listings PHP 500,000",2024,2024,Available,0,Good condition - market priced based on 0 real listings for this model
Nissan,Almera,2015,10,536555,50923,Manual,Gas,Orange,"Pasig, Metro Manila",Market estimate - based on Carousell/Philkotse avg,https://www.carousell.ph/p/nissan-almera-2015-1-1359323093/,"Market-based estimate for 2015 Nissan Almera - avg from online listings PHP 500,000",2024,2024,Available,0,Good condition - market priced based on 0 real listings for this model
Nissan,Almera,2016,1,461401,68680,Automatic,Gas,Red,"Makati, Metro Manila",Market estimate - based on Carousell/Philkotse avg,https://philkotse.com/nissan-almera-for-sale-in-quezon-city/2016-almera-for-sale-aid8931288,"Market-based estimate for 2016 Nissan Almera - avg from online listings PHP 500,000",2024,2024,Available,0,Good condition - market priced based on 0 real listings for this model
Nissan,Almera,2016,2,509152,68835,Manual,Gas,Red,"Quezon City, Metro Manila",Market estimate - based on Carousell/Philkotse avg,https://philkotse.com/nissan-almera-for-sale-in-quezon-city/2016-almera-for-sale-aid8252927,"Market-based estimate for 2016 Nissan Almera - avg from online listings PHP 500,000",2024,2024,Available,0,Good condition - market priced based on 0 real listings for this model
Nissan,Almera,2016,3,439920,52405,Manual,Gas,White,"Las Pinas, Metro Manila",Market estimate - based on Carousell/Philkotse avg,https://www.carousell.ph/p/nissan-almera-2016-1-1408678132/,"Market-based estimate for 2016 Nissan Almera - avg from online listings PHP 500,000",2024,2024,Available,0,Good condition - market priced based on 0 real listings for this model
Nissan,Almera,2016,4,517101,69330,Automatic,Gas,Silver,Cavite,Market estimate - based on Carousell/Philkotse avg,https://philkotse.com/nissan-almera-for-sale-in-quezon-city/2016-almera-for-sale-aid8135138,"Market-based estimate for 2016 Nissan Almera - avg from online listings PHP 500,000",2024,2024,Available,0,Good condition - market priced based on 0 real listings for this model
Nissan,Almera,2016,5,476728,57997,Manual,Gas,White,"Cebu City, Cebu",Market estimate - based on Carousell/Philkotse avg,https://www.carousell.ph/p/nissan-almera-2016-1-1402333887/,"Market-based estimate for 2016 Nissan Almera - avg from online listings PHP 500,000",2024,2024,Available,0,Good condition - market priced based on 0 real listings for this model
Nissan,Almera,2016,6,466595,55508,Automatic,Gas,Silver,Bulacan,Market estimate - based on Carousell/Philkotse avg,https://philkotse.com/nissan-almera-for-sale-in-quezon-city/2016-almera-for-sale-aid8880322,"Market-based estimate for 2016 Nissan Almera - avg from online listings PHP 500,000",2024,2024,Available,0,Good condition - market priced based on 0 real listings for this model
Nissan,Almera,2016,7,460159,57972,Manual,Gas,Orange,"Pasig, Metro Manila",Market estimate - based on Carousell/Philkotse avg,https://www.carousell.ph/p/nissan-almera-2016-1-1424170349/,"Market-based estimate for 2016 Nissan Almera - avg from online listings PHP 500,000",2024,2024,Available,0,Good condition - market priced based on 0 real listings for this model
Nissan,Almera,2016,8,561982,65705,Manual,Gas,Black,"Mandaluyong, Metro Manila",Market estimate - based on Carousell/Philkotse avg,https://philkotse.com/nissan-almera-for-sale-in-quezon-city/2016-almera-for-sale-aid8358458,"Market-based estimate for 2016 Nissan Almera - avg from online listings PHP 500,000",2024,2024,Available,0,Good condition - market priced based on 0 real listings for this model
Nissan,Almera,2016,9,489284,70896,Automatic,Gas,Black,"Quezon City, Metro Manila",Market estimate - based on Carousell/Philkotse avg,https://www.carousell.ph/p/nissan-almera-2016-1-1441352021/,"Market-based estimate for 2016 Nissan Almera - avg from online listings PHP 500,000",2024,2024,Available,0,Good condition - market priced based on 0 real listings for this model
Nissan,Almera,2016,10,521624,62927,Manual,Gas,Black,"Las Pinas, Metro Manila",Market estimate - based on Carousell/Philkotse avg,https://www.carousell.ph/p/nissan-almera-2016-1-1381674459/,"Market-based estimate for 2016 Nissan Almera - avg from online listings PHP 500,000",2024,2024,Available,0,Good condition - market priced based on 0 real listings for this model
Nissan,Almera,2017,1,508498,53976,Manual,Gas,White,"Quezon City, Metro Manila",Market estimate - based on Carousell/Philkotse avg,https://www.carousell.ph/p/nissan-almera-2017-1-1377979844/,"Market-based estimate for 2017 Nissan Almera - avg from online listings PHP 500,000",2024,2024,Available,0,Good condition - market priced based on 0 real listings for this model
Nissan,Almera,2017,2,499205,50702,Manual,Gas,Silver,"Paranaque, Metro Manila",Market estimate - based on Carousell/Philkotse avg,https://www.carousell.ph/p/nissan-almera-2017-1-1389318958/,"Market-based estimate for 2017 Nissan Almera - avg from online listings PHP 500,000",2024,2024,Available,0,Good condition - market priced based on 0 real listings for this model
Nissan,Almera,2017,3,474924,53689,Automatic,Gas,White,"Pasig, Metro Manila",Market estimate - based on Carousell/Philkotse avg,https://www.carousell.ph/p/nissan-almera-2017-1-1433075773/,"Market-based estimate for 2017 Nissan Almera - avg from online listings PHP 500,000",2024,2024,Available,0,Good condition - market priced based on 0 real listings for this model
Nissan,Almera,2017,4,473887,63589,Automatic,Gas,Brown,Cavite,Market estimate - based on Carousell/Philkotse avg,https://www.carousell.ph/p/nissan-almera-2017-1-1354107774/,"Market-based estimate for 2017 Nissan Almera - avg from online listings PHP 500,000",2024,2024,Available,0,Good condition - market priced based on 0 real listings for this model
Nissan,Almera,2017,5,479047,51760,Manual,Gas,Gray,"Makati, Metro Manila",Market estimate - based on Carousell/Philkotse avg,https://philkotse.com/nissan-almera-for-sale-in-quezon-city/2017-almera-for-sale-aid8456734,"Market-based estimate for 2017 Nissan Almera - avg from online listings PHP 500,000",2024,2024,Available,0,Good condition - market priced based on 0 real listings for this model
Nissan,Almera,2017,6,455571,61979,Automatic,Gas,Orange,"Paranaque, Metro Manila",Market estimate - based on Carousell/Philkotse avg,https://www.carousell.ph/p/nissan-almera-2017-1-1447811246/,"Market-based estimate for 2017 Nissan Almera - avg from online listings PHP 500,000",2024,2024,Available,0,Good condition - market priced based on 0 real listings for this model
Nissan,Almera,2017,7,554029,52535,Automatic,Gas,White,"Taguig, Metro Manila",Market estimate - based on Carousell/Philkotse avg,https://www.carousell.ph/p/nissan-almera-2017-1-1418460255/,"Market-based estimate for 2017 Nissan Almera - avg from online listings PHP 500,000",2024,2024,Available,0,Good condition - market priced based on 0 real listings for this model
Nissan,Almera,2017,8,510093,65062,Manual,Gas,White,"Makati, Metro Manila",Market estimate - based on Carousell/Philkotse avg,https://www.carousell.ph/p/nissan-almera-2017-1-1426103302/,"Market-based estimate for 2017 Nissan Almera - avg from online listings PHP 500,000",2024,2024,Available,0,Good condition - market priced based on 0 real listings for this model
Nissan,Almera,2017,9,572596,66072,Automatic,Gas,Brown,"Paranaque, Metro Manila",Market estimate - based on Carousell/Philkotse avg,https://www.carousell.ph/p/nissan-almera-2017-1-1384693539/,"Market-based estimate for 2017 Nissan Almera - avg from online listings PHP 500,000",2024,2024,Available,0,Good condition - market priced based on 0 real listings for this model
Nissan,Almera,2017,10,434709,62259,Automatic,Gas,Brown,"Davao City, Davao",Market estimate - based on Carousell/Philkotse avg,https://philkotse.com/nissan-almera-for-sale-in-quezon-city/2017-almera-for-sale-aid8499813,"Market-based estimate for 2017 Nissan Almera - avg from online listings PHP 500,000",2024,2024,Available,0,Good condition - market priced based on 0 real listings for this model
Nissan,Almera,2018,1,509603,52647,Manual,Gas,Brown,"Paranaque, Metro Manila",Market estimate - based on Carousell/Philkotse avg,https://www.carousell.ph/p/nissan-almera-2018-1-1423987400/,"Market-based estimate for 2018 Nissan Almera - avg from online listings PHP 500,000",2024,2024,Available,0,Good condition - market priced based on 0 real listings for this model
Nissan,Almera,2018,2,571100,67724,Manual,Gas,Brown,Cavite,Market estimate - based on Carousell/Philkotse avg,https://www.carousell.ph/p/nissan-almera-2018-1-1370879190/,"Market-based estimate for 2018 Nissan Almera - avg from online listings PHP 500,000",2024,2024,Available,0,Good condition - market priced based on 0 real listings for this model
Nissan,Almera,2018,3,512128,63731,Manual,Gas,Red,"Mandaluyong, Metro Manila",Market estimate - based on Carousell/Philkotse avg,https://philkotse.com/nissan-almera-for-sale-in-quezon-city/2018-almera-for-sale-aid8081530,"Market-based estimate for 2018 Nissan Almera - avg from online listings PHP 500,000",2024,2024,Available,0,Good condition - market priced based on 0 real listings for this model
Nissan,Almera,2018,4,511811,65541,Automatic,Gas,Brown,"Las Pinas, Metro Manila",Market estimate - based on Carousell/Philkotse avg,https://www.carousell.ph/p/nissan-almera-2018-1-1350286937/,"Market-based estimate for 2018 Nissan Almera - avg from online listings PHP 500,000",2024,2024,Available,0,Good condition - market priced based on 0 real listings for this model
Nissan,Almera,2018,5,479848,71002,Automatic,Gas,Brown,"Mandaluyong, Metro Manila",Market estimate - based on Carousell/Philkotse avg,https://www.carousell.ph/p/nissan-almera-2018-1-1354796050/,"Market-based estimate for 2018 Nissan Almera - avg from online listings PHP 500,000",2024,2024,Available,0,Good condition - market priced based on 0 real listings for this model
Nissan,Almera,2018,6,485344,52746,Automatic,Gas,Silver,Laguna,Market estimate - based on Carousell/Philkotse avg,https://www.carousell.ph/p/nissan-almera-2018-1-1447473090/,"Market-based estimate for 2018 Nissan Almera - avg from online listings PHP 500,000",2024,2024,Available,0,Good condition - market priced based on 0 real listings for this model
Nissan,Almera,2018,7,513124,54157,Manual,Gas,White,Bulacan,Market estimate - based on Carousell/Philkotse avg,https://www.carousell.ph/p/nissan-almera-2018-1-1371312158/,"Market-based estimate for 2018 Nissan Almera - avg from online listings PHP 500,000",2024,2024,Available,0,Good condition - market priced based on 0 real listings for this model
Nissan,Almera,2018,8,555164,55677,Manual,Gas,Silver,"Las Pinas, Metro Manila",Market estimate - based on Carousell/Philkotse avg,https://www.carousell.ph/p/nissan-almera-2018-1-1438380304/,"Market-based estimate for 2018 Nissan Almera - avg from online listings PHP 500,000",2024,2024,Available,0,Good condition - market priced based on 0 real listings for this model
Nissan,Almera,2018,9,429761,63545,Manual,Gas,Silver,"Davao City, Davao",Market estimate - based on Carousell/Philkotse avg,https://philkotse.com/nissan-almera-for-sale-in-quezon-city/2018-almera-for-sale-aid8615447,"Market-based estimate for 2018 Nissan Almera - avg from online listings PHP 500,000",2024,2024,Available,0,Good condition - market priced based on 0 real listings for this model
Nissan,Almera,2018,10,534161,55754,Automatic,Gas,Silver,"Quezon City, Metro Manila",Market estimate - based on Carousell/Philkotse avg,https://philkotse.com/nissan-almera-for-sale-in-quezon-city/2018-almera-for-sale-aid8581103,"Market-based estimate for 2018 Nissan Almera - avg from online listings PHP 500,000",2024,2024,Available,0,Good condition - market priced based on 0 real listings for this model
Nissan,Almera,2019,1,553559,62991,Automatic,Gas,Silver,"Las Pinas, Metro Manila",Market estimate - based on Carousell/Philkotse avg,https://www.carousell.ph/p/nissan-almera-2019-1-1379815663/,"Market-based estimate for 2019 Nissan Almera - avg from online listings PHP 500,000",2024,2024,Available,0,Good condition - market priced based on 0 real listings for this model
Nissan,Almera,2019,2,486921,60305,Automatic,Gas,Gray,"Quezon City, Metro Manila",Market estimate - based on Carousell/Philkotse avg,https://www.carousell.ph/p/nissan-almera-2019-1-1410680664/,"Market-based estimate for 2019 Nissan Almera - avg from online listings PHP 500,000",2024,2024,Available,0,Good condition - market priced based on 0 real listings for this model
Nissan,Almera,2019,3,540782,61102,Manual,Gas,Blue,"Paranaque, Metro Manila",Market estimate - based on Carousell/Philkotse avg,https://philkotse.com/nissan-almera-for-sale-in-quezon-city/2019-almera-for-sale-aid8203824,"Market-based estimate for 2019 Nissan Almera - avg from online listings PHP 500,000",2024,2024,Available,0,Good condition - market priced based on 0 real listings for this model
Nissan,Almera,2019,4,457723,51116,Automatic,Gas,Orange,Cavite,Market estimate - based on Carousell/Philkotse avg,https://www.carousell.ph/p/nissan-almera-2019-1-1376398862/,"Market-based estimate for 2019 Nissan Almera - avg from online listings PHP 500,000",2024,2024,Available,0,Good condition - market priced based on 0 real listings for this model
Nissan,Almera,2019,5,542783,70740,Manual,Gas,Orange,"Pasig, Metro Manila",Market estimate - based on Carousell/Philkotse avg,https://www.carousell.ph/p/nissan-almera-2019-1-1381166451/,"Market-based estimate for 2019 Nissan Almera - avg from online listings PHP 500,000",2024,2024,Available,0,Good condition - market priced based on 0 real listings for this model
Nissan,Almera,2019,6,520432,62401,Automatic,Gas,Blue,Bulacan,Market estimate - based on Carousell/Philkotse avg,https://www.carousell.ph/p/nissan-almera-2019-1-1446320722/,"Market-based estimate for 2019 Nissan Almera - avg from online listings PHP 500,000",2024,2024,Available,0,Good condition - market priced based on 0 real listings for this model
Nissan,Almera,2019,7,565862,49316,Automatic,Gas,Silver,"Quezon City, Metro Manila",Market estimate - based on Carousell/Philkotse avg,https://philkotse.com/nissan-almera-for-sale-in-quezon-city/2019-almera-for-sale-aid8910532,"Market-based estimate for 2019 Nissan Almera - avg from online listings PHP 500,000",2024,2024,Available,0,Good condition - market priced based on 0 real listings for this model
Nissan,Almera,2019,8,489661,66093,Manual,Gas,Brown,"Las Pinas, Metro Manila",Market estimate - based on Carousell/Philkotse avg,https://www.carousell.ph/p/nissan-almera-2019-1-1416453454/,"Market-based estimate for 2019 Nissan Almera - avg from online listings PHP 500,000",2024,2024,Available,0,Good condition - market priced based on 0 real listings for this model
Nissan,Almera,2019,9,499455,61162,Manual,Gas,Blue,"Taguig, Metro Manila",Market estimate - based on Carousell/Philkotse avg,https://philkotse.com/nissan-almera-for-sale-in-quezon-city/2019-almera-for-sale-aid8441284,"Market-based estimate for 2019 Nissan Almera - avg from online listings PHP 500,000",2024,2024,Available,0,Good condition - market priced based on 0 real listings for this model
Nissan,Almera,2019,10,439878,65338,Manual,Gas,Brown,"Cebu City, Cebu",Market estimate - based on Carousell/Philkotse avg,https://www.carousell.ph/p/nissan-almera-2019-1-1364184514/,"Market-based estimate for 2019 Nissan Almera - avg from online listings PHP 500,000",2024,2024,Available,0,Good condition - market priced based on 0 real listings for this model
Nissan,Almera,2020,1,562025,48382,Manual,Gas,Red,Laguna,Market estimate - based on Carousell/Philkotse avg,https://philkotse.com/nissan-almera-for-sale-in-quezon-city/2020-almera-for-sale-aid8131266,"Market-based estimate for 2020 Nissan Almera - avg from online listings PHP 500,000",2024,2024,Available,0,Good condition - market priced based on 0 real listings for this model
Nissan,Almera,2020,2,462591,68832,Automatic,Gas,Black,Bulacan,Market estimate - based on Carousell/Philkotse avg,https://philkotse.com/nissan-almera-for-sale-in-quezon-city/2020-almera-for-sale-aid8211543,"Market-based estimate for 2020 Nissan Almera - avg from online listings PHP 500,000",2024,2024,Available,0,Good condition - market priced based on 0 real listings for this model
Nissan,Almera,2020,3,558862,70203,Automatic,Gas,White,"Taguig, Metro Manila",Market estimate - based on Carousell/Philkotse avg,https://philkotse.com/nissan-almera-for-sale-in-quezon-city/2020-almera-for-sale-aid8998641,"Market-based estimate for 2020 Nissan Almera - avg from online listings PHP 500,000",2024,2024,Available,0,Good condition - market priced based on 0 real listings for this model
Nissan,Almera,2020,4,515273,67656,Automatic,Gas,Gray,"Davao City, Davao",Market estimate - based on Carousell/Philkotse avg,https://www.carousell.ph/p/nissan-almera-2020-1-1380076307/,"Market-based estimate for 2020 Nissan Almera - avg from online listings PHP 500,000",2024,2024,Available,0,Good condition - market priced based on 0 real listings for this model
Nissan,Almera,2020,5,535767,51844,Automatic,Gas,Black,"Las Pinas, Metro Manila",Market estimate - based on Carousell/Philkotse avg,https://www.carousell.ph/p/nissan-almera-2020-1-1366842074/,"Market-based estimate for 2020 Nissan Almera - avg from online listings PHP 500,000",2024,2024,Available,0,Good condition - market priced based on 0 real listings for this model
Nissan,Almera,2020,6,446891,55929,Automatic,Gas,Orange,Laguna,Market estimate - based on Carousell/Philkotse avg,https://www.carousell.ph/p/nissan-almera-2020-1-1354957315/,"Market-based estimate for 2020 Nissan Almera - avg from online listings PHP 500,000",2024,2024,Available,0,Good condition - market priced based on 0 real listings for this model
Nissan,Almera,2020,7,490618,68004,Manual,Gas,Red,"Taguig, Metro Manila",Market estimate - based on Carousell/Philkotse avg,https://philkotse.com/nissan-almera-for-sale-in-quezon-city/2020-almera-for-sale-aid8011783,"Market-based estimate for 2020 Nissan Almera - avg from online listings PHP 500,000",2024,2024,Available,0,Good condition - market priced based on 0 real listings for this model
Nissan,Almera,2020,8,550713,69962,Manual,Gas,Blue,"Las Pinas, Metro Manila",Market estimate - based on Carousell/Philkotse avg,https://www.carousell.ph/p/nissan-almera-2020-1-1378686382/,"Market-based estimate for 2020 Nissan Almera - avg from online listings PHP 500,000",2024,2024,Available,0,Good condition - market priced based on 0 real listings for this model
Nissan,Almera,2020,9,537969,54769,Automatic,Gas,Blue,"Cebu City, Cebu",Market estimate - based on Carousell/Philkotse avg,https://www.carousell.ph/p/nissan-almera-2020-1-1375601510/,"Market-based estimate for 2020 Nissan Almera - avg from online listings PHP 500,000",2024,2024,Available,0,Good condition - market priced based on 0 real listings for this model
Nissan,Almera,2020,10,456847,68990,Automatic,Gas,Black,"Cebu City, Cebu",Market estimate - based on Carousell/Philkotse avg,https://philkotse.com/nissan-almera-for-sale-in-quezon-city/2020-almera-for-sale-aid8824173,"Market-based estimate for 2020 Nissan Almera - avg from online listings PHP 500,000",2024,2024,Available,0,Good condition - market priced based on 0 real listings for this model
Nissan,Almera,2021,1,517161,60951,Automatic,Gas,Gray,Bulacan,Market estimate - based on Carousell/Philkotse avg,https://www.carousell.ph/p/nissan-almera-2021-1-1439177597/,"Market-based estimate for 2021 Nissan Almera - avg from online listings PHP 500,000",2024,2024,Available,0,Good condition - market priced based on 0 real listings for this model
Nissan,Almera,2021,2,571033,55512,Manual,Gas,Black,"Taguig, Metro Manila",Market estimate - based on Carousell/Philkotse avg,https://www.carousell.ph/p/nissan-almera-2021-1-1378482223/,"Market-based estimate for 2021 Nissan Almera - avg from online listings PHP 500,000",2024,2024,Available,0,Good condition - market priced based on 0 real listings for this model
Nissan,Almera,2021,3,511726,51394,Manual,Gas,Blue,Cavite,Market estimate - based on Carousell/Philkotse avg,https://www.carousell.ph/p/nissan-almera-2021-1-1430795453/,"Market-based estimate for 2021 Nissan Almera - avg from online listings PHP 500,000",2024,2024,Available,0,Good condition - market priced based on 0 real listings for this model
Nissan,Almera,2021,4,473245,70261,Manual,Gas,White,Bulacan,Market estimate - based on Carousell/Philkotse avg,https://philkotse.com/nissan-almera-for-sale-in-quezon-city/2021-almera-for-sale-aid8195204,"Market-based estimate for 2021 Nissan Almera - avg from online listings PHP 500,000",2024,2024,Available,0,Good condition - market priced based on 0 real listings for this model
Nissan,Almera,2021,5,428957,49190,Manual,Gas,Silver,"Davao City, Davao",Market estimate - based on Carousell/Philkotse avg,https://philkotse.com/nissan-almera-for-sale-in-quezon-city/2021-almera-for-sale-aid8547138,"Market-based estimate for 2021 Nissan Almera - avg from online listings PHP 500,000",2024,2024,Available,0,Good condition - market priced based on 0 real listings for this model
Nissan,Almera,2021,6,440231,51622,Manual,Gas,Black,"Makati, Metro Manila",Market estimate - based on Carousell/Philkotse avg,https://philkotse.com/nissan-almera-for-sale-in-quezon-city/2021-almera-for-sale-aid8030925,"Market-based estimate for 2021 Nissan Almera - avg from online listings PHP 500,000",2024,2024,Available,0,Good condition - market priced based on 0 real listings for this model
Nissan,Almera,2021,7,446166,59514,Automatic,Gas,Silver,Cavite,Market estimate - based on Carousell/Philkotse avg,https://www.carousell.ph/p/nissan-almera-2021-1-1369755852/,"Market-based estimate for 2021 Nissan Almera - avg from online listings PHP 500,000",2024,2024,Available,0,Good condition - market priced based on 0 real listings for this model
Nissan,Almera,2021,8,539726,67222,Manual,Gas,White,"Makati, Metro Manila",Market estimate - based on Carousell/Philkotse avg,https://philkotse.com/nissan-almera-for-sale-in-quezon-city/2021-almera-for-sale-aid8452032,"Market-based estimate for 2021 Nissan Almera - avg from online listings PHP 500,000",2024,2024,Available,0,Good condition - market priced based on 0 real listings for this model
Nissan,Almera,2021,9,492957,48324,Automatic,Gas,Silver,"Makati, Metro Manila",Market estimate - based on Carousell/Philkotse avg,https://www.carousell.ph/p/nissan-almera-2021-1-1439734496/,"Market-based estimate for 2021 Nissan Almera - avg from online listings PHP 500,000",2024,2024,Available,0,Good condition - market priced based on 0 real listings for this model
Nissan,Almera,2021,10,572187,56929,Manual,Gas,Red,"Paranaque, Metro Manila",Market estimate - based on Carousell/Philkotse avg,https://www.carousell.ph/p/nissan-almera-2021-1-1424212631/,"Market-based estimate for 2021 Nissan Almera - avg from online listings PHP 500,000",2024,2024,Available,0,Good condition - market priced based on 0 real listings for this model
Nissan,Almera,2022,1,568393,69411,Manual,Gas,Orange,"Paranaque, Metro Manila",Market estimate - based on Carousell/Philkotse avg,https://www.carousell.ph/p/nissan-almera-2022-1-1358735026/,"Market-based estimate for 2022 Nissan Almera - avg from online listings PHP 500,000",2024,2024,Available,0,Good condition - market priced based on 0 real listings for this model
Nissan,Almera,2022,2,538186,66578,Manual,Gas,Black,"Mandaluyong, Metro Manila",Market estimate - based on Carousell/Philkotse avg,https://www.carousell.ph/p/nissan-almera-2022-1-1433774144/,"Market-based estimate for 2022 Nissan Almera - avg from online listings PHP 500,000",2024,2024,Available,0,Good condition - market priced based on 0 real listings for this model
Nissan,Almera,2022,3,463482,59812,Manual,Gas,Silver,"Paranaque, Metro Manila",Market estimate - based on Carousell/Philkotse avg,https://www.carousell.ph/p/nissan-almera-2022-1-1375342856/,"Market-based estimate for 2022 Nissan Almera - avg from online listings PHP 500,000",2024,2024,Available,0,Good condition - market priced based on 0 real listings for this model
Nissan,Almera,2022,4,553991,56538,Automatic,Gas,Red,"Makati, Metro Manila",Market estimate - based on Carousell/Philkotse avg,https://philkotse.com/nissan-almera-for-sale-in-quezon-city/2022-almera-for-sale-aid8447831,"Market-based estimate for 2022 Nissan Almera - avg from online listings PHP 500,000",2024,2024,Available,0,Good condition - market priced based on 0 real listings for this model
Nissan,Almera,2022,5,487452,58940,Manual,Gas,White,"Cebu City, Cebu",Market estimate - based on Carousell/Philkotse avg,https://philkotse.com/nissan-almera-for-sale-in-quezon-city/2022-almera-for-sale-aid8804828,"Market-based estimate for 2022 Nissan Almera - avg from online listings PHP 500,000",2024,2024,Available,0,Good condition - market priced based on 0 real listings for this model
Nissan,Almera,2022,6,438730,71648,Automatic,Gas,White,"Quezon City, Metro Manila",Market estimate - based on Carousell/Philkotse avg,https://www.carousell.ph/p/nissan-almera-2022-1-1389781506/,"Market-based estimate for 2022 Nissan Almera - avg from online listings PHP 500,000",2024,2024,Available,0,Good condition - market priced based on 0 real listings for this model
Nissan,Almera,2022,7,446134,57325,Manual,Gas,Silver,Bulacan,Market estimate - based on Carousell/Philkotse avg,https://www.carousell.ph/p/nissan-almera-2022-1-1413592232/,"Market-based estimate for 2022 Nissan Almera - avg from online listings PHP 500,000",2024,2024,Available,0,Good condition - market priced based on 0 real listings for this model
Nissan,Almera,2022,8,559428,48742,Automatic,Gas,Orange,"Las Pinas, Metro Manila",Market estimate - based on Carousell/Philkotse avg,https://www.carousell.ph/p/nissan-almera-2022-1-1429859387/,"Market-based estimate for 2022 Nissan Almera - avg from online listings PHP 500,000",2024,2024,Available,0,Good condition - market priced based on 0 real listings for this model
Nissan,Almera,2022,9,506798,52440,Manual,Gas,Red,"Taguig, Metro Manila",Market estimate - based on Carousell/Philkotse avg,https://www.carousell.ph/p/nissan-almera-2022-1-1369909049/,"Market-based estimate for 2022 Nissan Almera - avg from online listings PHP 500,000",2024,2024,Available,0,Good condition - market priced based on 0 real listings for this model
Nissan,Almera,2022,10,539304,48340,Manual,Gas,Gray,"Taguig, Metro Manila",Market estimate - based on Carousell/Philkotse avg,https://philkotse.com/nissan-almera-for-sale-in-quezon-city/2022-almera-for-sale-aid8754739,"Market-based estimate for 2022 Nissan Almera - avg from online listings PHP 500,000",2024,2024,Available,0,Good condition - market priced based on 0 real listings for this model
Nissan,Almera,2023,1,565360,51094,Automatic,Gas,Black,Pampanga,Market estimate - based on Carousell/Philkotse avg,https://www.carousell.ph/p/nissan-almera-2023-1-1397479807/,"Market-based estimate for 2023 Nissan Almera - avg from online listings PHP 500,000",2024,2024,Available,0,Good condition - market priced based on 0 real listings for this model
Nissan,Almera,2023,2,504724,68437,Automatic,Gas,Gray,Bulacan,Market estimate - based on Carousell/Philkotse avg,https://philkotse.com/nissan-almera-for-sale-in-quezon-city/2023-almera-for-sale-aid8914186,"Market-based estimate for 2023 Nissan Almera - avg from online listings PHP 500,000",2024,2024,Available,0,Good condition - market priced based on 0 real listings for this model
Nissan,Almera,2023,3,555394,67782,Manual,Gas,Silver,Laguna,Market estimate - based on Carousell/Philkotse avg,https://www.carousell.ph/p/nissan-almera-2023-1-1395572212/,"Market-based estimate for 2023 Nissan Almera - avg from online listings PHP 500,000",2024,2024,Available,0,Good condition - market priced based on 0 real listings for this model
Nissan,Almera,2023,4,447066,58816,Automatic,Gas,Black,"Paranaque, Metro Manila",Market estimate - based on Carousell/Philkotse avg,https://www.carousell.ph/p/nissan-almera-2023-1-1419573351/,"Market-based estimate for 2023 Nissan Almera - avg from online listings PHP 500,000",2024,2024,Available,0,Good condition - market priced based on 0 real listings for this model
Nissan,Almera,2023,5,443424,57410,Manual,Gas,Brown,"Makati, Metro Manila",Market estimate - based on Carousell/Philkotse avg,https://www.carousell.ph/p/nissan-almera-2023-1-1417647576/,"Market-based estimate for 2023 Nissan Almera - avg from online listings PHP 500,000",2024,2024,Available,0,Good condition - market priced based on 0 real listings for this model
Nissan,Almera,2023,6,562517,62479,Manual,Gas,Brown,"Makati, Metro Manila",Market estimate - based on Carousell/Philkotse avg,https://philkotse.com/nissan-almera-for-sale-in-quezon-city/2023-almera-for-sale-aid8343401,"Market-based estimate for 2023 Nissan Almera - avg from online listings PHP 500,000",2024,2024,Available,0,Good condition - market priced based on 0 real listings for this model
Nissan,Almera,2023,7,558194,52931,Manual,Gas,Gray,Pampanga,Market estimate - based on Carousell/Philkotse avg,https://philkotse.com/nissan-almera-for-sale-in-quezon-city/2023-almera-for-sale-aid8948671,"Market-based estimate for 2023 Nissan Almera - avg from online listings PHP 500,000",2024,2024,Available,0,Good condition - market priced based on 0 real listings for this model
Nissan,Almera,2023,8,562647,66468,Automatic,Gas,Black,"Pasig, Metro Manila",Market estimate - based on Carousell/Philkotse avg,https://www.carousell.ph/p/nissan-almera-2023-1-1391205705/,"Market-based estimate for 2023 Nissan Almera - avg from online listings PHP 500,000",2024,2024,Available,0,Good condition - market priced based on 0 real listings for this model
Nissan,Almera,2023,9,447919,68792,Manual,Gas,Silver,"Mandaluyong, Metro Manila",Market estimate - based on Carousell/Philkotse avg,https://www.carousell.ph/p/nissan-almera-2023-1-1401511786/,"Market-based estimate for 2023 Nissan Almera - avg from online listings PHP 500,000",2024,2024,Available,0,Good condition - market priced based on 0 real listings for this model
Nissan,Almera,2023,10,516695,68711,Automatic,Gas,Red,"Cebu City, Cebu",Market estimate - based on Carousell/Philkotse avg,https://www.carousell.ph/p/nissan-almera-2023-1-1364506643/,"Market-based estimate for 2023 Nissan Almera - avg from online listings PHP 500,000",2024,2024,Available,0,Good condition - market priced based on 0 real listings for this model
Nissan,Almera,2024,1,490582,51154,Automatic,Gas,Orange,"Las Pinas, Metro Manila",Market estimate - based on Carousell/Philkotse avg,https://www.carousell.ph/p/nissan-almera-2024-1-1445677026/,"Market-based estimate for 2024 Nissan Almera - avg from online listings PHP 500,000",2024,2024,Available,0,Good condition - market priced based on 0 real listings for this model
Nissan,Almera,2024,2,464003,52024,Automatic,Gas,Red,"Taguig, Metro Manila",Market estimate - based on Carousell/Philkotse avg,https://www.carousell.ph/p/nissan-almera-2024-1-1439302196/,"Market-based estimate for 2024 Nissan Almera - avg from online listings PHP 500,000",2024,2024,Available,0,Good condition - market priced based on 0 real listings for this model
Nissan,Almera,2024,3,522463,71755,Automatic,Gas,Red,"Quezon City, Metro Manila",Market estimate - based on Carousell/Philkotse avg,https://www.carousell.ph/p/nissan-almera-2024-1-1371674340/,"Market-based estimate for 2024 Nissan Almera - avg from online listings PHP 500,000",2024,2024,Available,0,Good condition - market priced based on 0 real listings for this model
Nissan,Almera,2024,4,540310,50395,Manual,Gas,Blue,Pampanga,Market estimate - based on Carousell/Philkotse avg,https://www.carousell.ph/p/nissan-almera-2024-1-1436922792/,"Market-based estimate for 2024 Nissan Almera - avg from online listings PHP 500,000",2024,2024,Available,0,Good condition - market priced based on 0 real listings for this model
Nissan,Almera,2024,5,551872,57625,Manual,Gas,White,"Makati, Metro Manila",Market estimate - based on Carousell/Philkotse avg,https://www.carousell.ph/p/nissan-almera-2024-1-1432042172/,"Market-based estimate for 2024 Nissan Almera - avg from online listings PHP 500,000",2024,2024,Available,0,Good condition - market priced based on 0 real listings for this model
Nissan,Almera,2024,6,562276,65465,Automatic,Gas,Black,"Mandaluyong, Metro Manila",Market estimate - based on Carousell/Philkotse avg,https://www.carousell.ph/p/nissan-almera-2024-1-1416893196/,"Market-based estimate for 2024 Nissan Almera - avg from online listings PHP 500,000",2024,2024,Available,0,Good condition - market priced based on 0 real listings for this model
Nissan,Almera,2024,7,541461,50829,Automatic,Gas,Silver,"Quezon City, Metro Manila",Market estimate - based on Carousell/Philkotse avg,https://www.carousell.ph/p/nissan-almera-2024-1-1354426974/,"Market-based estimate for 2024 Nissan Almera - avg from online listings PHP 500,000",2024,2024,Available,0,Good condition - market priced based on 0 real listings for this model
Nissan,Almera,2024,8,429256,58261,Automatic,Gas,Gray,"Davao City, Davao",Market estimate - based on Carousell/Philkotse avg,https://www.carousell.ph/p/nissan-almera-2024-1-1410723353/,"Market-based estimate for 2024 Nissan Almera - avg from online listings PHP 500,000",2024,2024,Available,0,Good condition - market priced based on 0 real listings for this model
Nissan,Almera,2024,9,541258,48691,Manual,Gas,Gray,Bulacan,Market estimate - based on Carousell/Philkotse avg,https://philkotse.com/nissan-almera-for-sale-in-quezon-city/2024-almera-for-sale-aid8197569,"Market-based estimate for 2024 Nissan Almera - avg from online listings PHP 500,000",2024,2024,Available,0,Good condition - market priced based on 0 real listings for this model
Nissan,Almera,2024,10,534587,54462,Automatic,Gas,Red,"Makati, Metro Manila",Market estimate - based on Carousell/Philkotse avg,https://www.carousell.ph/p/nissan-almera-2024-1-1418536215/,"Market-based estimate for 2024 Nissan Almera - avg from online listings PHP 500,000",2024,2024,Available,0,Good condition - market priced based on 0 real listings for this model
Nissan,Almera,2025,1,484752,50293,Automatic,Gas,Gray,"Quezon City, Metro Manila",Market estimate - based on Carousell/Philkotse avg,https://www.carousell.ph/p/nissan-almera-2025-1-1431897639/,"Market-based estimate for 2025 Nissan Almera - avg from online listings PHP 500,000",2024,2024,Available,0,Good condition - market priced based on 0 real listings for this model
Nissan,Almera,2025,2,532477,48084,Automatic,Gas,Brown,"Pasig, Metro Manila",Market estimate - based on Carousell/Philkotse avg,https://philkotse.com/nissan-almera-for-sale-in-quezon-city/2025-almera-for-sale-aid8986449,"Market-based estimate for 2025 Nissan Almera - avg from online listings PHP 500,000",2024,2024,Available,0,Good condition - market priced based on 0 real listings for this model
Nissan,Almera,2025,3,453062,63875,Manual,Gas,Silver,"Mandaluyong, Metro Manila",Market estimate - based on Carousell/Philkotse avg,https://philkotse.com/nissan-almera-for-sale-in-quezon-city/2025-almera-for-sale-aid8163485,"Market-based estimate for 2025 Nissan Almera - avg from online listings PHP 500,000",2024,2024,Available,0,Good condition - market priced based on 0 real listings for this model
Nissan,Almera,2025,4,438706,57418,Manual,Gas,Black,"Quezon City, Metro Manila",Market estimate - based on Carousell/Philkotse avg,https://philkotse.com/nissan-almera-for-sale-in-quezon-city/2025-almera-for-sale-aid8906765,"Market-based estimate for 2025 Nissan Almera - avg from online listings PHP 500,000",2024,2024,Available,0,Good condition - market priced based on 0 real listings for this model
Nissan,Almera,2025,5,493228,49759,Manual,Gas,Black,"Las Pinas, Metro Manila",Market estimate - based on Carousell/Philkotse avg,https://philkotse.com/nissan-almera-for-sale-in-quezon-city/2025-almera-for-sale-aid8592785,"Market-based estimate for 2025 Nissan Almera - avg from online listings PHP 500,000",2024,2024,Available,0,Good condition - market priced based on 0 real listings for this model
Nissan,Almera,2025,6,488334,58734,Automatic,Gas,Blue,"Mandaluyong, Metro Manila",Market estimate - based on Carousell/Philkotse avg,https://philkotse.com/nissan-almera-for-sale-in-quezon-city/2025-almera-for-sale-aid8212734,"Market-based estimate for 2025 Nissan Almera - avg from online listings PHP 500,000",2024,2024,Available,0,Good condition - market priced based on 0 real listings for this model
Nissan,Almera,2025,7,571206,68223,Manual,Gas,White,"Cebu City, Cebu",Market estimate - based on Carousell/Philkotse avg,https://www.carousell.ph/p/nissan-almera-2025-1-1404486296/,"Market-based estimate for 2025 Nissan Almera - avg from online listings PHP 500,000",2024,2024,Available,0,Good condition - market priced based on 0 real listings for this model
Nissan,Almera,2025,8,454905,63245,Manual,Gas,Brown,Pampanga,Market estimate - based on Carousell/Philkotse avg,https://www.carousell.ph/p/nissan-almera-2025-1-1445469569/,"Market-based estimate for 2025 Nissan Almera - avg from online listings PHP 500,000",2024,2024,Available,0,Good condition - market priced based on 0 real listings for this model
Nissan,Almera,2025,9,520627,58129,Automatic,Gas,Red,Bulacan,Market estimate - based on Carousell/Philkotse avg,https://www.carousell.ph/p/nissan-almera-2025-1-1405066342/,"Market-based estimate for 2025 Nissan Almera - avg from online listings PHP 500,000",2024,2024,Available,0,Good condition - market priced based on 0 real listings for this model
Nissan,Almera,2025,10,503801,69557,Automatic,Gas,Red,Bulacan,Market estimate - based on Carousell/Philkotse avg,https://philkotse.com/nissan-almera-for-sale-in-quezon-city/2025-almera-for-sale-aid8960478,"Market-based estimate for 2025 Nissan Almera - avg from online listings PHP 500,000",2024,2024,Available,0,Good condition - market priced based on 0 real listings for this model
Nissan,Almera,2026,1,463456,62920,Manual,Gas,Gray,"Davao City, Davao",Market estimate - based on Carousell/Philkotse avg,https://www.carousell.ph/p/nissan-almera-2026-1-1429790495/,"Market-based estimate for 2026 Nissan Almera - avg from online listings PHP 500,000",2024,2024,Available,0,Good condition - market priced based on 0 real listings for this model
Nissan,Almera,2026,2,568591,67002,Automatic,Gas,White,"Taguig, Metro Manila",Market estimate - based on Carousell/Philkotse avg,https://www.carousell.ph/p/nissan-almera-2026-1-1444127903/,"Market-based estimate for 2026 Nissan Almera - avg from online listings PHP 500,000",2024,2024,Available,0,Good condition - market priced based on 0 real listings for this model
Nissan,Almera,2026,3,443742,52802,Automatic,Gas,Brown,"Makati, Metro Manila",Market estimate - based on Carousell/Philkotse avg,https://www.carousell.ph/p/nissan-almera-2026-1-1400722298/,"Market-based estimate for 2026 Nissan Almera - avg from online listings PHP 500,000",2024,2024,Available,0,Good condition - market priced based on 0 real listings for this model
Nissan,Almera,2026,4,444214,70441,Automatic,Gas,Red,"Pasig, Metro Manila",Market estimate - based on Carousell/Philkotse avg,https://www.carousell.ph/p/nissan-almera-2026-1-1442727499/,"Market-based estimate for 2026 Nissan Almera - avg from online listings PHP 500,000",2024,2024,Available,0,Good condition - market priced based on 0 real listings for this model
Nissan,Almera,2026,5,485058,61765,Automatic,Gas,Silver,"Taguig, Metro Manila",Market estimate - based on Carousell/Philkotse avg,https://www.carousell.ph/p/nissan-almera-2026-1-1447325367/,"Market-based estimate for 2026 Nissan Almera - avg from online listings PHP 500,000",2024,2024,Available,0,Good condition - market priced based on 0 real listings for this model
Nissan,Almera,2026,6,505449,64594,Manual,Gas,Brown,"Taguig, Metro Manila",Market estimate - based on Carousell/Philkotse avg,https://www.carousell.ph/p/nissan-almera-2026-1-1446080826/,"Market-based estimate for 2026 Nissan Almera - avg from online listings PHP 500,000",2024,2024,Available,0,Good condition - market priced based on 0 real listings for this model
Nissan,Almera,2026,7,467092,51433,Automatic,Gas,Gray,"Taguig, Metro Manila",Market estimate - based on Carousell/Philkotse avg,https://www.carousell.ph/p/nissan-almera-2026-1-1426662967/,"Market-based estimate for 2026 Nissan Almera - avg from online listings PHP 500,000",2024,2024,Available,0,Good condition - market priced based on 0 real listings for this model
Nissan,Almera,2026,8,543888,71813,Automatic,Gas,Gray,Pampanga,Market estimate - based on Carousell/Philkotse avg,https://www.carousell.ph/p/nissan-almera-2026-1-1404370878/,"Market-based estimate for 2026 Nissan Almera - avg from online listings PHP 500,000",2024,2024,Available,0,Good condition - market priced based on 0 real listings for this model
Nissan,Almera,2026,9,445433,53368,Manual,Gas,Silver,Cavite,Market estimate - based on Carousell/Philkotse avg,https://www.carousell.ph/p/nissan-almera-2026-1-1411265027/,"Market-based estimate for 2026 Nissan Almera - avg from online listings PHP 500,000",2024,2024,Available,0,Good condition - market priced based on 0 real listings for this model
Nissan,Almera,2026,10,455876,60421,Automatic,Gas,Black,"Davao City, Davao",Market estimate - based on Carousell/Philkotse avg,https://www.carousell.ph/p/nissan-almera-2026-1-1421350560/,"Market-based estimate for 2026 Nissan Almera - avg from online listings PHP 500,000",2024,2024,Available,0,Good condition - market priced based on 0 real listings for this model
Nissan,Navara,2015,1,458407,49610,Manual,Diesel,Silver,"Davao City, Davao",Market estimate - based on Carousell/Philkotse avg,https://philkotse.com/nissan-navara-for-sale-in-quezon-city/2015-navara-for-sale-aid8344604,"Market-based estimate for 2015 Nissan Navara - avg from online listings PHP 500,000",2024,2024,Available,0,Good condition - market priced based on 0 real listings for this model
Nissan,Navara,2015,2,452351,61056,Automatic,Diesel,Brown,"Mandaluyong, Metro Manila",Market estimate - based on Carousell/Philkotse avg,https://www.carousell.ph/p/nissan-navara-2015-1-1411103497/,"Market-based estimate for 2015 Nissan Navara - avg from online listings PHP 500,000",2024,2024,Available,0,Good condition - market priced based on 0 real listings for this model
Nissan,Navara,2015,3,502763,61714,Manual,Diesel,Silver,"Davao City, Davao",Market estimate - based on Carousell/Philkotse avg,https://www.carousell.ph/p/nissan-navara-2015-1-1375185469/,"Market-based estimate for 2015 Nissan Navara - avg from online listings PHP 500,000",2024,2024,Available,0,Good condition - market priced based on 0 real listings for this model
Nissan,Navara,2015,4,503809,65934,Automatic,Diesel,Orange,"Pasig, Metro Manila",Market estimate - based on Carousell/Philkotse avg,https://www.carousell.ph/p/nissan-navara-2015-1-1404322524/,"Market-based estimate for 2015 Nissan Navara - avg from online listings PHP 500,000",2024,2024,Available,0,Good condition - market priced based on 0 real listings for this model
Nissan,Navara,2015,5,498511,71722,Manual,Diesel,Red,"Paranaque, Metro Manila",Market estimate - based on Carousell/Philkotse avg,https://www.carousell.ph/p/nissan-navara-2015-1-1354302889/,"Market-based estimate for 2015 Nissan Navara - avg from online listings PHP 500,000",2024,2024,Available,0,Good condition - market priced based on 0 real listings for this model
Nissan,Navara,2015,6,459296,66660,Automatic,Diesel,Black,Bulacan,Market estimate - based on Carousell/Philkotse avg,https://www.carousell.ph/p/nissan-navara-2015-1-1449529670/,"Market-based estimate for 2015 Nissan Navara - avg from online listings PHP 500,000",2024,2024,Available,0,Good condition - market priced based on 0 real listings for this model
Nissan,Navara,2015,7,532575,60103,Manual,Diesel,Orange,"Pasig, Metro Manila",Market estimate - based on Carousell/Philkotse avg,https://www.carousell.ph/p/nissan-navara-2015-1-1448948551/,"Market-based estimate for 2015 Nissan Navara - avg from online listings PHP 500,000",2024,2024,Available,0,Good condition - market priced based on 0 real listings for this model
Nissan,Navara,2015,8,507683,66456,Manual,Diesel,Red,Bulacan,Market estimate - based on Carousell/Philkotse avg,https://philkotse.com/nissan-navara-for-sale-in-quezon-city/2015-navara-for-sale-aid8683897,"Market-based estimate for 2015 Nissan Navara - avg from online listings PHP 500,000",2024,2024,Available,0,Good condition - market priced based on 0 real listings for this model
Nissan,Navara,2015,9,441084,53913,Manual,Diesel,Orange,Pampanga,Market estimate - based on Carousell/Philkotse avg,https://www.carousell.ph/p/nissan-navara-2015-1-1401399753/,"Market-based estimate for 2015 Nissan Navara - avg from online listings PHP 500,000",2024,2024,Available,0,Good condition - market priced based on 0 real listings for this model
Nissan,Navara,2015,10,532245,56715,Manual,Diesel,Black,"Makati, Metro Manila",Market estimate - based on Carousell/Philkotse avg,https://www.carousell.ph/p/nissan-navara-2015-1-1362224247/,"Market-based estimate for 2015 Nissan Navara - avg from online listings PHP 500,000",2024,2024,Available,0,Good condition - market priced based on 0 real listings for this model
Nissan,Navara,2016,1,452575,60890,Automatic,Diesel,White,Pampanga,Market estimate - based on Carousell/Philkotse avg,https://philkotse.com/nissan-navara-for-sale-in-quezon-city/2016-navara-for-sale-aid8686787,"Market-based estimate for 2016 Nissan Navara - avg from online listings PHP 500,000",2024,2024,Available,0,Good condition - market priced based on 0 real listings for this model
Nissan,Navara,2016,2,435228,51438,Manual,Diesel,Red,"Quezon City, Metro Manila",Market estimate - based on Carousell/Philkotse avg,https://philkotse.com/nissan-navara-for-sale-in-quezon-city/2016-navara-for-sale-aid8770770,"Market-based estimate for 2016 Nissan Navara - avg from online listings PHP 500,000",2024,2024,Available,0,Good condition - market priced based on 0 real listings for this model
Nissan,Navara,2016,3,491040,65580,Manual,Diesel,White,Bulacan,Market estimate - based on Carousell/Philkotse avg,https://www.carousell.ph/p/nissan-navara-2016-1-1442922292/,"Market-based estimate for 2016 Nissan Navara - avg from online listings PHP 500,000",2024,2024,Available,0,Good condition - market priced based on 0 real listings for this model
Nissan,Navara,2016,4,538414,50836,Manual,Diesel,Red,"Taguig, Metro Manila",Market estimate - based on Carousell/Philkotse avg,https://philkotse.com/nissan-navara-for-sale-in-quezon-city/2016-navara-for-sale-aid8561589,"Market-based estimate for 2016 Nissan Navara - avg from online listings PHP 500,000",2024,2024,Available,0,Good condition - market priced based on 0 real listings for this model
Nissan,Navara,2016,5,513638,50701,Manual,Diesel,White,"Makati, Metro Manila",Market estimate - based on Carousell/Philkotse avg,https://www.carousell.ph/p/nissan-navara-2016-1-1431302103/,"Market-based estimate for 2016 Nissan Navara - avg from online listings PHP 500,000",2024,2024,Available,0,Good condition - market priced based on 0 real listings for this model
Nissan,Navara,2016,6,479488,55405,Automatic,Diesel,Gray,"Las Pinas, Metro Manila",Market estimate - based on Carousell/Philkotse avg,https://www.carousell.ph/p/nissan-navara-2016-1-1449406325/,"Market-based estimate for 2016 Nissan Navara - avg from online listings PHP 500,000",2024,2024,Available,0,Good condition - market priced based on 0 real listings for this model
Nissan,Navara,2016,7,487872,70644,Automatic,Diesel,White,"Cebu City, Cebu",Market estimate - based on Carousell/Philkotse avg,https://www.carousell.ph/p/nissan-navara-2016-1-1408971378/,"Market-based estimate for 2016 Nissan Navara - avg from online listings PHP 500,000",2024,2024,Available,0,Good condition - market priced based on 0 real listings for this model
Nissan,Navara,2016,8,538004,50422,Manual,Diesel,Silver,"Makati, Metro Manila",Market estimate - based on Carousell/Philkotse avg,https://philkotse.com/nissan-navara-for-sale-in-quezon-city/2016-navara-for-sale-aid8061718,"Market-based estimate for 2016 Nissan Navara - avg from online listings PHP 500,000",2024,2024,Available,0,Good condition - market priced based on 0 real listings for this model
Nissan,Navara,2016,9,541007,51127,Manual,Diesel,White,"Paranaque, Metro Manila",Market estimate - based on Carousell/Philkotse avg,https://philkotse.com/nissan-navara-for-sale-in-quezon-city/2016-navara-for-sale-aid8428435,"Market-based estimate for 2016 Nissan Navara - avg from online listings PHP 500,000",2024,2024,Available,0,Good condition - market priced based on 0 real listings for this model
Nissan,Navara,2016,10,520707,68870,Manual,Diesel,Red,"Pasig, Metro Manila",Market estimate - based on Carousell/Philkotse avg,https://www.carousell.ph/p/nissan-navara-2016-1-1383372259/,"Market-based estimate for 2016 Nissan Navara - avg from online listings PHP 500,000",2024,2024,Available,0,Good condition - market priced based on 0 real listings for this model
Nissan,Navara,2017,1,479715,50097,Automatic,Diesel,Silver,"Las Pinas, Metro Manila",Market estimate - based on Carousell/Philkotse avg,https://www.carousell.ph/p/nissan-navara-2017-1-1444755685/,"Market-based estimate for 2017 Nissan Navara - avg from online listings PHP 500,000",2024,2024,Available,0,Good condition - market priced based on 0 real listings for this model
Nissan,Navara,2017,2,486202,52597,Automatic,Diesel,Black,Laguna,Market estimate - based on Carousell/Philkotse avg,https://www.carousell.ph/p/nissan-navara-2017-1-1375129406/,"Market-based estimate for 2017 Nissan Navara - avg from online listings PHP 500,000",2024,2024,Available,0,Good condition - market priced based on 0 real listings for this model
Nissan,Navara,2017,3,437260,57072,Automatic,Diesel,Blue,"Quezon City, Metro Manila",Market estimate - based on Carousell/Philkotse avg,https://www.carousell.ph/p/nissan-navara-2017-1-1388062111/,"Market-based estimate for 2017 Nissan Navara - avg from online listings PHP 500,000",2024,2024,Available,0,Good condition - market priced based on 0 real listings for this model
Nissan,Navara,2017,4,434809,62509,Automatic,Diesel,Silver,"Davao City, Davao",Market estimate - based on Carousell/Philkotse avg,https://www.carousell.ph/p/nissan-navara-2017-1-1442795732/,"Market-based estimate for 2017 Nissan Navara - avg from online listings PHP 500,000",2024,2024,Available,0,Good condition - market priced based on 0 real listings for this model
Nissan,Navara,2017,5,547935,64385,Manual,Diesel,Gray,"Pasig, Metro Manila",Market estimate - based on Carousell/Philkotse avg,https://philkotse.com/nissan-navara-for-sale-in-quezon-city/2017-navara-for-sale-aid8241281,"Market-based estimate for 2017 Nissan Navara - avg from online listings PHP 500,000",2024,2024,Available,0,Good condition - market priced based on 0 real listings for this model
Nissan,Navara,2017,6,503075,49934,Manual,Diesel,Red,"Quezon City, Metro Manila",Market estimate - based on Carousell/Philkotse avg,https://www.carousell.ph/p/nissan-navara-2017-1-1445142559/,"Market-based estimate for 2017 Nissan Navara - avg from online listings PHP 500,000",2024,2024,Available,0,Good condition - market priced based on 0 real listings for this model
Nissan,Navara,2017,7,528098,67343,Automatic,Diesel,Red,"Quezon City, Metro Manila",Market estimate - based on Carousell/Philkotse avg,https://philkotse.com/nissan-navara-for-sale-in-quezon-city/2017-navara-for-sale-aid8688873,"Market-based estimate for 2017 Nissan Navara - avg from online listings PHP 500,000",2024,2024,Available,0,Good condition - market priced based on 0 real listings for this model
Nissan,Navara,2017,8,568541,64247,Automatic,Diesel,Brown,"Davao City, Davao",Market estimate - based on Carousell/Philkotse avg,https://philkotse.com/nissan-navara-for-sale-in-quezon-city/2017-navara-for-sale-aid8073799,"Market-based estimate for 2017 Nissan Navara - avg from online listings PHP 500,000",2024,2024,Available,0,Good condition - market priced based on 0 real listings for this model
Nissan,Navara,2017,9,440122,71639,Automatic,Diesel,Orange,"Taguig, Metro Manila",Market estimate - based on Carousell/Philkotse avg,https://www.carousell.ph/p/nissan-navara-2017-1-1372189540/,"Market-based estimate for 2017 Nissan Navara - avg from online listings PHP 500,000",2024,2024,Available,0,Good condition - market priced based on 0 real listings for this model
Nissan,Navara,2017,10,489746,49711,Automatic,Diesel,White,"Cebu City, Cebu",Market estimate - based on Carousell/Philkotse avg,https://philkotse.com/nissan-navara-for-sale-in-quezon-city/2017-navara-for-sale-aid8458629,"Market-based estimate for 2017 Nissan Navara - avg from online listings PHP 500,000",2024,2024,Available,0,Good condition - market priced based on 0 real listings for this model
Nissan,Navara,2018,1,460782,67673,Automatic,Diesel,Blue,"Cebu City, Cebu",Market estimate - based on Carousell/Philkotse avg,https://www.carousell.ph/p/nissan-navara-2018-1-1366092316/,"Market-based estimate for 2018 Nissan Navara - avg from online listings PHP 500,000",2024,2024,Available,0,Good condition - market priced based on 0 real listings for this model
Nissan,Navara,2018,2,508915,56599,Automatic,Diesel,Black,"Taguig, Metro Manila",Market estimate - based on Carousell/Philkotse avg,https://philkotse.com/nissan-navara-for-sale-in-quezon-city/2018-navara-for-sale-aid8474921,"Market-based estimate for 2018 Nissan Navara - avg from online listings PHP 500,000",2024,2024,Available,0,Good condition - market priced based on 0 real listings for this model
Nissan,Navara,2018,3,520514,65117,Automatic,Diesel,Gray,"Paranaque, Metro Manila",Market estimate - based on Carousell/Philkotse avg,https://www.carousell.ph/p/nissan-navara-2018-1-1430987159/,"Market-based estimate for 2018 Nissan Navara - avg from online listings PHP 500,000",2024,2024,Available,0,Good condition - market priced based on 0 real listings for this model
Nissan,Navara,2018,4,534648,50771,Automatic,Diesel,Gray,"Makati, Metro Manila",Market estimate - based on Carousell/Philkotse avg,https://www.carousell.ph/p/nissan-navara-2018-1-1403464880/,"Market-based estimate for 2018 Nissan Navara - avg from online listings PHP 500,000",2024,2024,Available,0,Good condition - market priced based on 0 real listings for this model
Nissan,Navara,2018,5,444634,58391,Manual,Diesel,White,"Pasig, Metro Manila",Market estimate - based on Carousell/Philkotse avg,https://philkotse.com/nissan-navara-for-sale-in-quezon-city/2018-navara-for-sale-aid8986016,"Market-based estimate for 2018 Nissan Navara - avg from online listings PHP 500,000",2024,2024,Available,0,Good condition - market priced based on 0 real listings for this model
Nissan,Navara,2018,6,429076,64109,Automatic,Diesel,Blue,Bulacan,Market estimate - based on Carousell/Philkotse avg,https://www.carousell.ph/p/nissan-navara-2018-1-1350879556/,"Market-based estimate for 2018 Nissan Navara - avg from online listings PHP 500,000",2024,2024,Available,0,Good condition - market priced based on 0 real listings for this model
Nissan,Navara,2018,7,477882,57688,Manual,Diesel,Brown,"Mandaluyong, Metro Manila",Market estimate - based on Carousell/Philkotse avg,https://philkotse.com/nissan-navara-for-sale-in-quezon-city/2018-navara-for-sale-aid8969817,"Market-based estimate for 2018 Nissan Navara - avg from online listings PHP 500,000",2024,2024,Available,0,Good condition - market priced based on 0 real listings for this model
Nissan,Navara,2018,8,529935,53991,Automatic,Diesel,Red,"Cebu City, Cebu",Market estimate - based on Carousell/Philkotse avg,https://www.carousell.ph/p/nissan-navara-2018-1-1374891335/,"Market-based estimate for 2018 Nissan Navara - avg from online listings PHP 500,000",2024,2024,Available,0,Good condition - market priced based on 0 real listings for this model
Nissan,Navara,2018,9,447960,71029,Manual,Diesel,Gray,"Davao City, Davao",Market estimate - based on Carousell/Philkotse avg,https://www.carousell.ph/p/nissan-navara-2018-1-1408533583/,"Market-based estimate for 2018 Nissan Navara - avg from online listings PHP 500,000",2024,2024,Available,0,Good condition - market priced based on 0 real listings for this model
Nissan,Navara,2018,10,533631,59090,Automatic,Diesel,Silver,"Pasig, Metro Manila",Market estimate - based on Carousell/Philkotse avg,https://www.carousell.ph/p/nissan-navara-2018-1-1360658929/,"Market-based estimate for 2018 Nissan Navara - avg from online listings PHP 500,000",2024,2024,Available,0,Good condition - market priced based on 0 real listings for this model
Nissan,Navara,2019,1,449302,52352,Manual,Diesel,White,Pampanga,Market estimate - based on Carousell/Philkotse avg,https://www.carousell.ph/p/nissan-navara-2019-1-1416706877/,"Market-based estimate for 2019 Nissan Navara - avg from online listings PHP 500,000",2024,2024,Available,0,Good condition - market priced based on 0 real listings for this model
Nissan,Navara,2019,2,565045,70049,Automatic,Diesel,White,"Taguig, Metro Manila",Market estimate - based on Carousell/Philkotse avg,https://www.carousell.ph/p/nissan-navara-2019-1-1430472029/,"Market-based estimate for 2019 Nissan Navara - avg from online listings PHP 500,000",2024,2024,Available,0,Good condition - market priced based on 0 real listings for this model
Nissan,Navara,2019,3,486523,52178,Manual,Diesel,Brown,"Las Pinas, Metro Manila",Market estimate - based on Carousell/Philkotse avg,https://www.carousell.ph/p/nissan-navara-2019-1-1403579329/,"Market-based estimate for 2019 Nissan Navara - avg from online listings PHP 500,000",2024,2024,Available,0,Good condition - market priced based on 0 real listings for this model
Nissan,Navara,2019,4,427470,68379,Automatic,Diesel,Gray,"Las Pinas, Metro Manila",Market estimate - based on Carousell/Philkotse avg,https://www.carousell.ph/p/nissan-navara-2019-1-1415001185/,"Market-based estimate for 2019 Nissan Navara - avg from online listings PHP 500,000",2024,2024,Available,0,Good condition - market priced based on 0 real listings for this model
Nissan,Navara,2019,5,481120,67683,Manual,Diesel,Brown,Bulacan,Market estimate - based on Carousell/Philkotse avg,https://www.carousell.ph/p/nissan-navara-2019-1-1436651739/,"Market-based estimate for 2019 Nissan Navara - avg from online listings PHP 500,000",2024,2024,Available,0,Good condition - market priced based on 0 real listings for this model
Nissan,Navara,2019,6,506808,65985,Manual,Diesel,Brown,"Paranaque, Metro Manila",Market estimate - based on Carousell/Philkotse avg,https://www.carousell.ph/p/nissan-navara-2019-1-1376009712/,"Market-based estimate for 2019 Nissan Navara - avg from online listings PHP 500,000",2024,2024,Available,0,Good condition - market priced based on 0 real listings for this model
Nissan,Navara,2019,7,562107,51022,Automatic,Diesel,White,Cavite,Market estimate - based on Carousell/Philkotse avg,https://www.carousell.ph/p/nissan-navara-2019-1-1387573709/,"Market-based estimate for 2019 Nissan Navara - avg from online listings PHP 500,000",2024,2024,Available,0,Good condition - market priced based on 0 real listings for this model
Nissan,Navara,2019,8,502816,57184,Automatic,Diesel,Silver,"Paranaque, Metro Manila",Market estimate - based on Carousell/Philkotse avg,https://www.carousell.ph/p/nissan-navara-2019-1-1405389113/,"Market-based estimate for 2019 Nissan Navara - avg from online listings PHP 500,000",2024,2024,Available,0,Good condition - market priced based on 0 real listings for this model
Nissan,Navara,2019,9,544444,67553,Automatic,Diesel,Silver,Bulacan,Market estimate - based on Carousell/Philkotse avg,https://www.carousell.ph/p/nissan-navara-2019-1-1352223231/,"Market-based estimate for 2019 Nissan Navara - avg from online listings PHP 500,000",2024,2024,Available,0,Good condition - market priced based on 0 real listings for this model
Nissan,Navara,2019,10,447648,52603,Manual,Diesel,White,"Cebu City, Cebu",Market estimate - based on Carousell/Philkotse avg,https://www.carousell.ph/p/nissan-navara-2019-1-1404179244/,"Market-based estimate for 2019 Nissan Navara - avg from online listings PHP 500,000",2024,2024,Available,0,Good condition - market priced based on 0 real listings for this model
Nissan,Navara,2020,1,491115,63638,Automatic,Diesel,Silver,"Pasig, Metro Manila",Market estimate - based on Carousell/Philkotse avg,https://www.carousell.ph/p/nissan-navara-2020-1-1351458741/,"Market-based estimate for 2020 Nissan Navara - avg from online listings PHP 500,000",2024,2024,Available,0,Good condition - market priced based on 0 real listings for this model
Nissan,Navara,2020,2,470025,67373,Manual,Diesel,Silver,"Paranaque, Metro Manila",Market estimate - based on Carousell/Philkotse avg,https://www.carousell.ph/p/nissan-navara-2020-1-1362207519/,"Market-based estimate for 2020 Nissan Navara - avg from online listings PHP 500,000",2024,2024,Available,0,Good condition - market priced based on 0 real listings for this model
Nissan,Navara,2020,3,518648,50414,Manual,Diesel,Gray,"Taguig, Metro Manila",Market estimate - based on Carousell/Philkotse avg,https://philkotse.com/nissan-navara-for-sale-in-quezon-city/2020-navara-for-sale-aid8194744,"Market-based estimate for 2020 Nissan Navara - avg from online listings PHP 500,000",2024,2024,Available,0,Good condition - market priced based on 0 real listings for this model
Nissan,Navara,2020,4,554596,71141,Automatic,Diesel,Silver,"Paranaque, Metro Manila",Market estimate - based on Carousell/Philkotse avg,https://philkotse.com/nissan-navara-for-sale-in-quezon-city/2020-navara-for-sale-aid8449686,"Market-based estimate for 2020 Nissan Navara - avg from online listings PHP 500,000",2024,2024,Available,0,Good condition - market priced based on 0 real listings for this model
Nissan,Navara,2020,5,553772,56778,Automatic,Diesel,Black,"Mandaluyong, Metro Manila",Market estimate - based on Carousell/Philkotse avg,https://www.carousell.ph/p/nissan-navara-2020-1-1413214660/,"Market-based estimate for 2020 Nissan Navara - avg from online listings PHP 500,000",2024,2024,Available,0,Good condition - market priced based on 0 real listings for this model
Nissan,Navara,2020,6,445034,64054,Manual,Diesel,Red,Cavite,Market estimate - based on Carousell/Philkotse avg,https://philkotse.com/nissan-navara-for-sale-in-quezon-city/2020-navara-for-sale-aid8760224,"Market-based estimate for 2020 Nissan Navara - avg from online listings PHP 500,000",2024,2024,Available,0,Good condition - market priced based on 0 real listings for this model
Nissan,Navara,2020,7,525841,55438,Manual,Diesel,Brown,"Las Pinas, Metro Manila",Market estimate - based on Carousell/Philkotse avg,https://www.carousell.ph/p/nissan-navara-2020-1-1383708515/,"Market-based estimate for 2020 Nissan Navara - avg from online listings PHP 500,000",2024,2024,Available,0,Good condition - market priced based on 0 real listings for this model
Nissan,Navara,2020,8,501608,50423,Automatic,Diesel,Brown,"Quezon City, Metro Manila",Market estimate - based on Carousell/Philkotse avg,https://www.carousell.ph/p/nissan-navara-2020-1-1377381403/,"Market-based estimate for 2020 Nissan Navara - avg from online listings PHP 500,000",2024,2024,Available,0,Good condition - market priced based on 0 real listings for this model
Nissan,Navara,2020,9,498274,64629,Manual,Diesel,Brown,"Quezon City, Metro Manila",Market estimate - based on Carousell/Philkotse avg,https://www.carousell.ph/p/nissan-navara-2020-1-1407336062/,"Market-based estimate for 2020 Nissan Navara - avg from online listings PHP 500,000",2024,2024,Available,0,Good condition - market priced based on 0 real listings for this model
Nissan,Navara,2020,10,490936,60782,Automatic,Diesel,Black,Bulacan,Market estimate - based on Carousell/Philkotse avg,https://philkotse.com/nissan-navara-for-sale-in-quezon-city/2020-navara-for-sale-aid8150775,"Market-based estimate for 2020 Nissan Navara - avg from online listings PHP 500,000",2024,2024,Available,0,Good condition - market priced based on 0 real listings for this model
Nissan,Navara,2021,1,474605,57774,Automatic,Diesel,Blue,"Makati, Metro Manila",Market estimate - based on Carousell/Philkotse avg,https://www.carousell.ph/p/nissan-navara-2021-1-1367072614/,"Market-based estimate for 2021 Nissan Navara - avg from online listings PHP 500,000",2024,2024,Available,0,Good condition - market priced based on 0 real listings for this model
Nissan,Navara,2021,2,566691,71257,Automatic,Diesel,Orange,Cavite,Market estimate - based on Carousell/Philkotse avg,https://www.carousell.ph/p/nissan-navara-2021-1-1358775905/,"Market-based estimate for 2021 Nissan Navara - avg from online listings PHP 500,000",2024,2024,Available,0,Good condition - market priced based on 0 real listings for this model
Nissan,Navara,2021,3,453969,68510,Manual,Diesel,Silver,"Davao City, Davao",Market estimate - based on Carousell/Philkotse avg,https://www.carousell.ph/p/nissan-navara-2021-1-1405747798/,"Market-based estimate for 2021 Nissan Navara - avg from online listings PHP 500,000",2024,2024,Available,0,Good condition - market priced based on 0 real listings for this model
Nissan,Navara,2021,4,502891,62258,Automatic,Diesel,White,"Makati, Metro Manila",Market estimate - based on Carousell/Philkotse avg,https://www.carousell.ph/p/nissan-navara-2021-1-1390276675/,"Market-based estimate for 2021 Nissan Navara - avg from online listings PHP 500,000",2024,2024,Available,0,Good condition - market priced based on 0 real listings for this model
Nissan,Navara,2021,5,520088,64683,Manual,Diesel,Black,"Pasig, Metro Manila",Market estimate - based on Carousell/Philkotse avg,https://philkotse.com/nissan-navara-for-sale-in-quezon-city/2021-navara-for-sale-aid8815416,"Market-based estimate for 2021 Nissan Navara - avg from online listings PHP 500,000",2024,2024,Available,0,Good condition - market priced based on 0 real listings for this model
Nissan,Navara,2021,6,448739,56285,Manual,Diesel,Blue,"Cebu City, Cebu",Market estimate - based on Carousell/Philkotse avg,https://www.carousell.ph/p/nissan-navara-2021-1-1447096140/,"Market-based estimate for 2021 Nissan Navara - avg from online listings PHP 500,000",2024,2024,Available,0,Good condition - market priced based on 0 real listings for this model
Nissan,Navara,2021,7,447674,54293,Manual,Diesel,Blue,"Mandaluyong, Metro Manila",Market estimate - based on Carousell/Philkotse avg,https://www.carousell.ph/p/nissan-navara-2021-1-1432845535/,"Market-based estimate for 2021 Nissan Navara - avg from online listings PHP 500,000",2024,2024,Available,0,Good condition - market priced based on 0 real listings for this model
Nissan,Navara,2021,8,573088,64851,Manual,Diesel,Brown,"Paranaque, Metro Manila",Market estimate - based on Carousell/Philkotse avg,https://www.carousell.ph/p/nissan-navara-2021-1-1392702571/,"Market-based estimate for 2021 Nissan Navara - avg from online listings PHP 500,000",2024,2024,Available,0,Good condition - market priced based on 0 real listings for this model
Nissan,Navara,2021,9,480192,59964,Manual,Diesel,Red,"Las Pinas, Metro Manila",Market estimate - based on Carousell/Philkotse avg,https://www.carousell.ph/p/nissan-navara-2021-1-1442348438/,"Market-based estimate for 2021 Nissan Navara - avg from online listings PHP 500,000",2024,2024,Available,0,Good condition - market priced based on 0 real listings for this model
Nissan,Navara,2021,10,456814,56173,Automatic,Diesel,Black,"Makati, Metro Manila",Market estimate - based on Carousell/Philkotse avg,https://www.carousell.ph/p/nissan-navara-2021-1-1426648861/,"Market-based estimate for 2021 Nissan Navara - avg from online listings PHP 500,000",2024,2024,Available,0,Good condition - market priced based on 0 real listings for this model
Nissan,Navara,2022,1,500165,50618,Manual,Diesel,Blue,Cavite,Market estimate - based on Carousell/Philkotse avg,https://philkotse.com/nissan-navara-for-sale-in-quezon-city/2022-navara-for-sale-aid8048920,"Market-based estimate for 2022 Nissan Navara - avg from online listings PHP 500,000",2024,2024,Available,0,Good condition - market priced based on 0 real listings for this model
Nissan,Navara,2022,2,570123,55445,Manual,Diesel,Gray,Laguna,Market estimate - based on Carousell/Philkotse avg,https://philkotse.com/nissan-navara-for-sale-in-quezon-city/2022-navara-for-sale-aid8254435,"Market-based estimate for 2022 Nissan Navara - avg from online listings PHP 500,000",2024,2024,Available,0,Good condition - market priced based on 0 real listings for this model
Nissan,Navara,2022,3,429579,56119,Manual,Diesel,Brown,Cavite,Market estimate - based on Carousell/Philkotse avg,https://philkotse.com/nissan-navara-for-sale-in-quezon-city/2022-navara-for-sale-aid8921363,"Market-based estimate for 2022 Nissan Navara - avg from online listings PHP 500,000",2024,2024,Available,0,Good condition - market priced based on 0 real listings for this model
Nissan,Navara,2022,4,468629,66694,Automatic,Diesel,Black,Cavite,Market estimate - based on Carousell/Philkotse avg,https://www.carousell.ph/p/nissan-navara-2022-1-1354781082/,"Market-based estimate for 2022 Nissan Navara - avg from online listings PHP 500,000",2024,2024,Available,0,Good condition - market priced based on 0 real listings for this model
Nissan,Navara,2022,5,528266,48980,Manual,Diesel,Gray,"Paranaque, Metro Manila",Market estimate - based on Carousell/Philkotse avg,https://philkotse.com/nissan-navara-for-sale-in-quezon-city/2022-navara-for-sale-aid8549636,"Market-based estimate for 2022 Nissan Navara - avg from online listings PHP 500,000",2024,2024,Available,0,Good condition - market priced based on 0 real listings for this model
Nissan,Navara,2022,6,570797,65594,Automatic,Diesel,Red,"Quezon City, Metro Manila",Market estimate - based on Carousell/Philkotse avg,https://philkotse.com/nissan-navara-for-sale-in-quezon-city/2022-navara-for-sale-aid8944326,"Market-based estimate for 2022 Nissan Navara - avg from online listings PHP 500,000",2024,2024,Available,0,Good condition - market priced based on 0 real listings for this model
Nissan,Navara,2022,7,530805,70265,Automatic,Diesel,Black,Cavite,Market estimate - based on Carousell/Philkotse avg,https://www.carousell.ph/p/nissan-navara-2022-1-1367579926/,"Market-based estimate for 2022 Nissan Navara - avg from online listings PHP 500,000",2024,2024,Available,0,Good condition - market priced based on 0 real listings for this model
Nissan,Navara,2022,8,543064,58442,Automatic,Diesel,Silver,"Davao City, Davao",Market estimate - based on Carousell/Philkotse avg,https://www.carousell.ph/p/nissan-navara-2022-1-1440684012/,"Market-based estimate for 2022 Nissan Navara - avg from online listings PHP 500,000",2024,2024,Available,0,Good condition - market priced based on 0 real listings for this model
Nissan,Navara,2022,9,492354,70477,Automatic,Diesel,White,"Mandaluyong, Metro Manila",Market estimate - based on Carousell/Philkotse avg,https://www.carousell.ph/p/nissan-navara-2022-1-1415495046/,"Market-based estimate for 2022 Nissan Navara - avg from online listings PHP 500,000",2024,2024,Available,0,Good condition - market priced based on 0 real listings for this model
Nissan,Navara,2022,10,532718,53581,Manual,Diesel,Gray,"Cebu City, Cebu",Market estimate - based on Carousell/Philkotse avg,https://www.carousell.ph/p/nissan-navara-2022-1-1385076483/,"Market-based estimate for 2022 Nissan Navara - avg from online listings PHP 500,000",2024,2024,Available,0,Good condition - market priced based on 0 real listings for this model
Nissan,Navara,2023,1,515633,55348,Automatic,Diesel,Silver,"Cebu City, Cebu",Market estimate - based on Carousell/Philkotse avg,https://www.carousell.ph/p/nissan-navara-2023-1-1369651768/,"Market-based estimate for 2023 Nissan Navara - avg from online listings PHP 500,000",2024,2024,Available,0,Good condition - market priced based on 0 real listings for this model
Nissan,Navara,2023,2,574959,52682,Automatic,Diesel,White,Laguna,Market estimate - based on Carousell/Philkotse avg,https://www.carousell.ph/p/nissan-navara-2023-1-1372770033/,"Market-based estimate for 2023 Nissan Navara - avg from online listings PHP 500,000",2024,2024,Available,0,Good condition - market priced based on 0 real listings for this model
Nissan,Navara,2023,3,554276,48316,Automatic,Diesel,Orange,"Paranaque, Metro Manila",Market estimate - based on Carousell/Philkotse avg,https://www.carousell.ph/p/nissan-navara-2023-1-1383697973/,"Market-based estimate for 2023 Nissan Navara - avg from online listings PHP 500,000",2024,2024,Available,0,Good condition - market priced based on 0 real listings for this model
Nissan,Navara,2023,4,461781,49550,Automatic,Diesel,Red,"Makati, Metro Manila",Market estimate - based on Carousell/Philkotse avg,https://www.carousell.ph/p/nissan-navara-2023-1-1366390202/,"Market-based estimate for 2023 Nissan Navara - avg from online listings PHP 500,000",2024,2024,Available,0,Good condition - market priced based on 0 real listings for this model
Nissan,Navara,2023,5,457984,63941,Manual,Diesel,Black,"Taguig, Metro Manila",Market estimate - based on Carousell/Philkotse avg,https://www.carousell.ph/p/nissan-navara-2023-1-1414174404/,"Market-based estimate for 2023 Nissan Navara - avg from online listings PHP 500,000",2024,2024,Available,0,Good condition - market priced based on 0 real listings for this model
Nissan,Navara,2023,6,457046,65455,Automatic,Diesel,Blue,"Las Pinas, Metro Manila",Market estimate - based on Carousell/Philkotse avg,https://www.carousell.ph/p/nissan-navara-2023-1-1415378069/,"Market-based estimate for 2023 Nissan Navara - avg from online listings PHP 500,000",2024,2024,Available,0,Good condition - market priced based on 0 real listings for this model
Nissan,Navara,2023,7,435636,58820,Automatic,Diesel,Red,"Cebu City, Cebu",Market estimate - based on Carousell/Philkotse avg,https://www.carousell.ph/p/nissan-navara-2023-1-1365179701/,"Market-based estimate for 2023 Nissan Navara - avg from online listings PHP 500,000",2024,2024,Available,0,Good condition - market priced based on 0 real listings for this model
Nissan,Navara,2023,8,426709,58675,Manual,Diesel,Silver,Cavite,Market estimate - based on Carousell/Philkotse avg,https://www.carousell.ph/p/nissan-navara-2023-1-1437551454/,"Market-based estimate for 2023 Nissan Navara - avg from online listings PHP 500,000",2024,2024,Available,0,Good condition - market priced based on 0 real listings for this model
Nissan,Navara,2023,9,469957,63177,Manual,Diesel,Red,"Davao City, Davao",Market estimate - based on Carousell/Philkotse avg,https://www.carousell.ph/p/nissan-navara-2023-1-1435581804/,"Market-based estimate for 2023 Nissan Navara - avg from online listings PHP 500,000",2024,2024,Available,0,Good condition - market priced based on 0 real listings for this model
Nissan,Navara,2023,10,439770,70593,Automatic,Diesel,Orange,"Las Pinas, Metro Manila",Market estimate - based on Carousell/Philkotse avg,https://philkotse.com/nissan-navara-for-sale-in-quezon-city/2023-navara-for-sale-aid8864573,"Market-based estimate for 2023 Nissan Navara - avg from online listings PHP 500,000",2024,2024,Available,0,Good condition - market priced based on 0 real listings for this model
Nissan,Navara,2024,1,465542,59218,Automatic,Diesel,Gray,"Las Pinas, Metro Manila",Market estimate - based on Carousell/Philkotse avg,https://philkotse.com/nissan-navara-for-sale-in-quezon-city/2024-navara-for-sale-aid8962547,"Market-based estimate for 2024 Nissan Navara - avg from online listings PHP 500,000",2024,2024,Available,0,Good condition - market priced based on 0 real listings for this model
Nissan,Navara,2024,2,520599,68665,Manual,Diesel,White,Pampanga,Market estimate - based on Carousell/Philkotse avg,https://www.carousell.ph/p/nissan-navara-2024-1-1397273361/,"Market-based estimate for 2024 Nissan Navara - avg from online listings PHP 500,000",2024,2024,Available,0,Good condition - market priced based on 0 real listings for this model
Nissan,Navara,2024,3,501798,49831,Manual,Diesel,Brown,"Mandaluyong, Metro Manila",Market estimate - based on Carousell/Philkotse avg,https://philkotse.com/nissan-navara-for-sale-in-quezon-city/2024-navara-for-sale-aid8031385,"Market-based estimate for 2024 Nissan Navara - avg from online listings PHP 500,000",2024,2024,Available,0,Good condition - market priced based on 0 real listings for this model
Nissan,Navara,2024,4,451548,51431,Manual,Diesel,White,Pampanga,Market estimate - based on Carousell/Philkotse avg,https://philkotse.com/nissan-navara-for-sale-in-quezon-city/2024-navara-for-sale-aid8685833,"Market-based estimate for 2024 Nissan Navara - avg from online listings PHP 500,000",2024,2024,Available,0,Good condition - market priced based on 0 real listings for this model
Nissan,Navara,2024,5,500182,70867,Manual,Diesel,Orange,"Paranaque, Metro Manila",Market estimate - based on Carousell/Philkotse avg,https://www.carousell.ph/p/nissan-navara-2024-1-1378526904/,"Market-based estimate for 2024 Nissan Navara - avg from online listings PHP 500,000",2024,2024,Available,0,Good condition - market priced based on 0 real listings for this model
Nissan,Navara,2024,6,457007,50423,Manual,Diesel,Black,Laguna,Market estimate - based on Carousell/Philkotse avg,https://www.carousell.ph/p/nissan-navara-2024-1-1376259336/,"Market-based estimate for 2024 Nissan Navara - avg from online listings PHP 500,000",2024,2024,Available,0,Good condition - market priced based on 0 real listings for this model
Nissan,Navara,2024,7,550774,68947,Manual,Diesel,Silver,Laguna,Market estimate - based on Carousell/Philkotse avg,https://philkotse.com/nissan-navara-for-sale-in-quezon-city/2024-navara-for-sale-aid8033640,"Market-based estimate for 2024 Nissan Navara - avg from online listings PHP 500,000",2024,2024,Available,0,Good condition - market priced based on 0 real listings for this model
Nissan,Navara,2024,8,444190,60221,Automatic,Diesel,Blue,"Pasig, Metro Manila",Market estimate - based on Carousell/Philkotse avg,https://philkotse.com/nissan-navara-for-sale-in-quezon-city/2024-navara-for-sale-aid8084804,"Market-based estimate for 2024 Nissan Navara - avg from online listings PHP 500,000",2024,2024,Available,0,Good condition - market priced based on 0 real listings for this model
Nissan,Navara,2024,9,455291,58012,Manual,Diesel,Orange,"Makati, Metro Manila",Market estimate - based on Carousell/Philkotse avg,https://www.carousell.ph/p/nissan-navara-2024-1-1444955960/,"Market-based estimate for 2024 Nissan Navara - avg from online listings PHP 500,000",2024,2024,Available,0,Good condition - market priced based on 0 real listings for this model
Nissan,Navara,2024,10,549045,50915,Manual,Diesel,Silver,Pampanga,Market estimate - based on Carousell/Philkotse avg,https://www.carousell.ph/p/nissan-navara-2024-1-1360134742/,"Market-based estimate for 2024 Nissan Navara - avg from online listings PHP 500,000",2024,2024,Available,0,Good condition - market priced based on 0 real listings for this model
Nissan,Navara,2025,1,523177,68403,Automatic,Diesel,Black,"Las Pinas, Metro Manila",Market estimate - based on Carousell/Philkotse avg,https://www.carousell.ph/p/nissan-navara-2025-1-1389064314/,"Market-based estimate for 2025 Nissan Navara - avg from online listings PHP 500,000",2024,2024,Available,0,Good condition - market priced based on 0 real listings for this model
Nissan,Navara,2025,2,464903,67049,Automatic,Diesel,Blue,Pampanga,Market estimate - based on Carousell/Philkotse avg,https://philkotse.com/nissan-navara-for-sale-in-quezon-city/2025-navara-for-sale-aid8943508,"Market-based estimate for 2025 Nissan Navara - avg from online listings PHP 500,000",2024,2024,Available,0,Good condition - market priced based on 0 real listings for this model
Nissan,Navara,2025,3,439517,53554,Manual,Diesel,White,"Las Pinas, Metro Manila",Market estimate - based on Carousell/Philkotse avg,https://www.carousell.ph/p/nissan-navara-2025-1-1410608821/,"Market-based estimate for 2025 Nissan Navara - avg from online listings PHP 500,000",2024,2024,Available,0,Good condition - market priced based on 0 real listings for this model
Nissan,Navara,2025,4,529484,68677,Manual,Diesel,Gray,Laguna,Market estimate - based on Carousell/Philkotse avg,https://www.carousell.ph/p/nissan-navara-2025-1-1438987542/,"Market-based estimate for 2025 Nissan Navara - avg from online listings PHP 500,000",2024,2024,Available,0,Good condition - market priced based on 0 real listings for this model
Nissan,Navara,2025,5,479564,52024,Manual,Diesel,Red,Pampanga,Market estimate - based on Carousell/Philkotse avg,https://www.carousell.ph/p/nissan-navara-2025-1-1418434733/,"Market-based estimate for 2025 Nissan Navara - avg from online listings PHP 500,000",2024,2024,Available,0,Good condition - market priced based on 0 real listings for this model
Nissan,Navara,2025,6,483083,62589,Manual,Diesel,White,"Davao City, Davao",Market estimate - based on Carousell/Philkotse avg,https://www.carousell.ph/p/nissan-navara-2025-1-1366149912/,"Market-based estimate for 2025 Nissan Navara - avg from online listings PHP 500,000",2024,2024,Available,0,Good condition - market priced based on 0 real listings for this model
Nissan,Navara,2025,7,495635,50285,Automatic,Diesel,Gray,"Las Pinas, Metro Manila",Market estimate - based on Carousell/Philkotse avg,https://www.carousell.ph/p/nissan-navara-2025-1-1361485776/,"Market-based estimate for 2025 Nissan Navara - avg from online listings PHP 500,000",2024,2024,Available,0,Good condition - market priced based on 0 real listings for this model
Nissan,Navara,2025,8,430202,67704,Automatic,Diesel,Orange,"Davao City, Davao",Market estimate - based on Carousell/Philkotse avg,https://www.carousell.ph/p/nissan-navara-2025-1-1430048618/,"Market-based estimate for 2025 Nissan Navara - avg from online listings PHP 500,000",2024,2024,Available,0,Good condition - market priced based on 0 real listings for this model
Nissan,Navara,2025,9,550070,67192,Manual,Diesel,Brown,"Davao City, Davao",Market estimate - based on Carousell/Philkotse avg,https://philkotse.com/nissan-navara-for-sale-in-quezon-city/2025-navara-for-sale-aid8282720,"Market-based estimate for 2025 Nissan Navara - avg from online listings PHP 500,000",2024,2024,Available,0,Good condition - market priced based on 0 real listings for this model
Nissan,Navara,2025,10,521417,52237,Automatic,Diesel,White,"Taguig, Metro Manila",Market estimate - based on Carousell/Philkotse avg,https://www.carousell.ph/p/nissan-navara-2025-1-1417411435/,"Market-based estimate for 2025 Nissan Navara - avg from online listings PHP 500,000",2024,2024,Available,0,Good condition - market priced based on 0 real listings for this model
Nissan,Navara,2026,1,467841,49052,Automatic,Diesel,Gray,Bulacan,Market estimate - based on Carousell/Philkotse avg,https://philkotse.com/nissan-navara-for-sale-in-quezon-city/2026-navara-for-sale-aid8093243,"Market-based estimate for 2026 Nissan Navara - avg from online listings PHP 500,000",2024,2024,Available,0,Good condition - market priced based on 0 real listings for this model
Nissan,Navara,2026,2,429029,67261,Manual,Diesel,Brown,Pampanga,Market estimate - based on Carousell/Philkotse avg,https://philkotse.com/nissan-navara-for-sale-in-quezon-city/2026-navara-for-sale-aid8045193,"Market-based estimate for 2026 Nissan Navara - avg from online listings PHP 500,000",2024,2024,Available,0,Good condition - market priced based on 0 real listings for this model
Nissan,Navara,2026,3,519625,70909,Manual,Diesel,Blue,"Paranaque, Metro Manila",Market estimate - based on Carousell/Philkotse avg,https://www.carousell.ph/p/nissan-navara-2026-1-1418247889/,"Market-based estimate for 2026 Nissan Navara - avg from online listings PHP 500,000",2024,2024,Available,0,Good condition - market priced based on 0 real listings for this model
Nissan,Navara,2026,4,525122,58073,Automatic,Diesel,Blue,"Makati, Metro Manila",Market estimate - based on Carousell/Philkotse avg,https://www.carousell.ph/p/nissan-navara-2026-1-1446666889/,"Market-based estimate for 2026 Nissan Navara - avg from online listings PHP 500,000",2024,2024,Available,0,Good condition - market priced based on 0 real listings for this model
Nissan,Navara,2026,5,430142,57913,Automatic,Diesel,Red,"Cebu City, Cebu",Market estimate - based on Carousell/Philkotse avg,https://www.carousell.ph/p/nissan-navara-2026-1-1357459487/,"Market-based estimate for 2026 Nissan Navara - avg from online listings PHP 500,000",2024,2024,Available,0,Good condition - market priced based on 0 real listings for this model
Nissan,Navara,2026,6,530133,57204,Manual,Diesel,Orange,"Cebu City, Cebu",Market estimate - based on Carousell/Philkotse avg,https://www.carousell.ph/p/nissan-navara-2026-1-1408637186/,"Market-based estimate for 2026 Nissan Navara - avg from online listings PHP 500,000",2024,2024,Available,0,Good condition - market priced based on 0 real listings for this model
Nissan,Navara,2026,7,516103,52944,Manual,Diesel,Orange,"Makati, Metro Manila",Market estimate - based on Carousell/Philkotse avg,https://www.carousell.ph/p/nissan-navara-2026-1-1364213310/,"Market-based estimate for 2026 Nissan Navara - avg from online listings PHP 500,000",2024,2024,Available,0,Good condition - market priced based on 0 real listings for this model
Nissan,Navara,2026,8,464603,60951,Manual,Diesel,Black,Laguna,Market estimate - based on Carousell/Philkotse avg,https://philkotse.com/nissan-navara-for-sale-in-quezon-city/2026-navara-for-sale-aid8543461,"Market-based estimate for 2026 Nissan Navara - avg from online listings PHP 500,000",2024,2024,Available,0,Good condition - market priced based on 0 real listings for this model
Nissan,Navara,2026,9,537959,49561,Automatic,Diesel,Brown,"Davao City, Davao",Market estimate - based on Carousell/Philkotse avg,https://philkotse.com/nissan-navara-for-sale-in-quezon-city/2026-navara-for-sale-aid8780096,"Market-based estimate for 2026 Nissan Navara - avg from online listings PHP 500,000",2024,2024,Available,0,Good condition - market priced based on 0 real listings for this model
Nissan,Navara,2026,10,451100,58062,Automatic,Diesel,Red,"Quezon City, Metro Manila",Market estimate - based on Carousell/Philkotse avg,https://www.carousell.ph/p/nissan-navara-2026-1-1353350653/,"Market-based estimate for 2026 Nissan Navara - avg from online listings PHP 500,000",2024,2024,Available,0,Good condition - market priced based on 0 real listings for this model
Nissan,Terra,2018,1,463470,66611,Automatic,Diesel,Red,"Las Pinas, Metro Manila",Market estimate - based on Carousell/Philkotse avg,https://philkotse.com/nissan-terra-for-sale-in-quezon-city/2018-terra-for-sale-aid8087280,"Market-based estimate for 2018 Nissan Terra - avg from online listings PHP 500,000",2024,2024,Available,0,Good condition - market priced based on 0 real listings for this model
Nissan,Terra,2018,2,453340,56288,Automatic,Diesel,Brown,Pampanga,Market estimate - based on Carousell/Philkotse avg,https://www.carousell.ph/p/nissan-terra-2018-1-1391444053/,"Market-based estimate for 2018 Nissan Terra - avg from online listings PHP 500,000",2024,2024,Available,0,Good condition - market priced based on 0 real listings for this model
Nissan,Terra,2018,3,556386,66850,Manual,Diesel,White,Laguna,Market estimate - based on Carousell/Philkotse avg,https://www.carousell.ph/p/nissan-terra-2018-1-1446343170/,"Market-based estimate for 2018 Nissan Terra - avg from online listings PHP 500,000",2024,2024,Available,0,Good condition - market priced based on 0 real listings for this model
Nissan,Terra,2018,4,501330,52768,Manual,Diesel,Black,"Cebu City, Cebu",Market estimate - based on Carousell/Philkotse avg,https://philkotse.com/nissan-terra-for-sale-in-quezon-city/2018-terra-for-sale-aid8460057,"Market-based estimate for 2018 Nissan Terra - avg from online listings PHP 500,000",2024,2024,Available,0,Good condition - market priced based on 0 real listings for this model
Nissan,Terra,2018,5,566065,60954,Manual,Diesel,Black,"Makati, Metro Manila",Market estimate - based on Carousell/Philkotse avg,https://www.carousell.ph/p/nissan-terra-2018-1-1446739617/,"Market-based estimate for 2018 Nissan Terra - avg from online listings PHP 500,000",2024,2024,Available,0,Good condition - market priced based on 0 real listings for this model
Nissan,Terra,2018,6,438662,66875,Manual,Diesel,Blue,Laguna,Market estimate - based on Carousell/Philkotse avg,https://philkotse.com/nissan-terra-for-sale-in-quezon-city/2018-terra-for-sale-aid8222190,"Market-based estimate for 2018 Nissan Terra - avg from online listings PHP 500,000",2024,2024,Available,0,Good condition - market priced based on 0 real listings for this model
Nissan,Terra,2018,7,520566,64160,Manual,Diesel,White,Pampanga,Market estimate - based on Carousell/Philkotse avg,https://philkotse.com/nissan-terra-for-sale-in-quezon-city/2018-terra-for-sale-aid8251436,"Market-based estimate for 2018 Nissan Terra - avg from online listings PHP 500,000",2024,2024,Available,0,Good condition - market priced based on 0 real listings for this model
Nissan,Terra,2018,8,470281,64747,Automatic,Diesel,Blue,Cavite,Market estimate - based on Carousell/Philkotse avg,https://www.carousell.ph/p/nissan-terra-2018-1-1356619388/,"Market-based estimate for 2018 Nissan Terra - avg from online listings PHP 500,000",2024,2024,Available,0,Good condition - market priced based on 0 real listings for this model
Nissan,Terra,2018,9,482533,63652,Manual,Diesel,Silver,"Davao City, Davao",Market estimate - based on Carousell/Philkotse avg,https://philkotse.com/nissan-terra-for-sale-in-quezon-city/2018-terra-for-sale-aid8440801,"Market-based estimate for 2018 Nissan Terra - avg from online listings PHP 500,000",2024,2024,Available,0,Good condition - market priced based on 0 real listings for this model
Nissan,Terra,2018,10,510469,58695,Manual,Diesel,Gray,"Makati, Metro Manila",Market estimate - based on Carousell/Philkotse avg,https://philkotse.com/nissan-terra-for-sale-in-quezon-city/2018-terra-for-sale-aid8218902,"Market-based estimate for 2018 Nissan Terra - avg from online listings PHP 500,000",2024,2024,Available,0,Good condition - market priced based on 0 real listings for this model
Nissan,Terra,2019,1,516635,62388,Automatic,Diesel,Blue,"Las Pinas, Metro Manila",Market estimate - based on Carousell/Philkotse avg,https://www.carousell.ph/p/nissan-terra-2019-1-1363734300/,"Market-based estimate for 2019 Nissan Terra - avg from online listings PHP 500,000",2024,2024,Available,0,Good condition - market priced based on 0 real listings for this model
Nissan,Terra,2019,2,497060,52548,Manual,Diesel,Red,Laguna,Market estimate - based on Carousell/Philkotse avg,https://www.carousell.ph/p/nissan-terra-2019-1-1449630409/,"Market-based estimate for 2019 Nissan Terra - avg from online listings PHP 500,000",2024,2024,Available,0,Good condition - market priced based on 0 real listings for this model
Nissan,Terra,2019,3,451927,49990,Manual,Diesel,Gray,"Pasig, Metro Manila",Market estimate - based on Carousell/Philkotse avg,https://philkotse.com/nissan-terra-for-sale-in-quezon-city/2019-terra-for-sale-aid8684837,"Market-based estimate for 2019 Nissan Terra - avg from online listings PHP 500,000",2024,2024,Available,0,Good condition - market priced based on 0 real listings for this model
Nissan,Terra,2019,4,449757,48861,Automatic,Diesel,White,"Makati, Metro Manila",Market estimate - based on Carousell/Philkotse avg,https://www.carousell.ph/p/nissan-terra-2019-1-1431472402/,"Market-based estimate for 2019 Nissan Terra - avg from online listings PHP 500,000",2024,2024,Available,0,Good condition - market priced based on 0 real listings for this model
Nissan,Terra,2019,5,491786,53741,Automatic,Diesel,Brown,Bulacan,Market estimate - based on Carousell/Philkotse avg,https://www.carousell.ph/p/nissan-terra-2019-1-1443537388/,"Market-based estimate for 2019 Nissan Terra - avg from online listings PHP 500,000",2024,2024,Available,0,Good condition - market priced based on 0 real listings for this model
Nissan,Terra,2019,6,476076,61515,Manual,Diesel,Gray,"Quezon City, Metro Manila",Market estimate - based on Carousell/Philkotse avg,https://www.carousell.ph/p/nissan-terra-2019-1-1373614403/,"Market-based estimate for 2019 Nissan Terra - avg from online listings PHP 500,000",2024,2024,Available,0,Good condition - market priced based on 0 real listings for this model
Nissan,Terra,2019,7,487952,56613,Manual,Diesel,Blue,Laguna,Market estimate - based on Carousell/Philkotse avg,https://www.carousell.ph/p/nissan-terra-2019-1-1353075636/,"Market-based estimate for 2019 Nissan Terra - avg from online listings PHP 500,000",2024,2024,Available,0,Good condition - market priced based on 0 real listings for this model
Nissan,Terra,2019,8,425263,52235,Manual,Diesel,Black,"Las Pinas, Metro Manila",Market estimate - based on Carousell/Philkotse avg,https://www.carousell.ph/p/nissan-terra-2019-1-1392059983/,"Market-based estimate for 2019 Nissan Terra - avg from online listings PHP 500,000",2024,2024,Available,0,Good condition - market priced based on 0 real listings for this model
Nissan,Terra,2019,9,485524,64881,Manual,Diesel,Blue,Cavite,Market estimate - based on Carousell/Philkotse avg,https://www.carousell.ph/p/nissan-terra-2019-1-1411882119/,"Market-based estimate for 2019 Nissan Terra - avg from online listings PHP 500,000",2024,2024,Available,0,Good condition - market priced based on 0 real listings for this model
Nissan,Terra,2019,10,464825,60363,Manual,Diesel,Silver,"Taguig, Metro Manila",Market estimate - based on Carousell/Philkotse avg,https://philkotse.com/nissan-terra-for-sale-in-quezon-city/2019-terra-for-sale-aid8161572,"Market-based estimate for 2019 Nissan Terra - avg from online listings PHP 500,000",2024,2024,Available,0,Good condition - market priced based on 0 real listings for this model
Nissan,Terra,2020,1,572370,68737,Automatic,Diesel,White,"Quezon City, Metro Manila",Market estimate - based on Carousell/Philkotse avg,https://www.carousell.ph/p/nissan-terra-2020-1-1409985675/,"Market-based estimate for 2020 Nissan Terra - avg from online listings PHP 500,000",2024,2024,Available,0,Good condition - market priced based on 0 real listings for this model
Nissan,Terra,2020,2,488010,68012,Manual,Diesel,Brown,Cavite,Market estimate - based on Carousell/Philkotse avg,https://www.carousell.ph/p/nissan-terra-2020-1-1385102382/,"Market-based estimate for 2020 Nissan Terra - avg from online listings PHP 500,000",2024,2024,Available,0,Good condition - market priced based on 0 real listings for this model
Nissan,Terra,2020,3,539001,66422,Automatic,Diesel,Red,"Pasig, Metro Manila",Market estimate - based on Carousell/Philkotse avg,https://philkotse.com/nissan-terra-for-sale-in-quezon-city/2020-terra-for-sale-aid8996257,"Market-based estimate for 2020 Nissan Terra - avg from online listings PHP 500,000",2024,2024,Available,0,Good condition - market priced based on 0 real listings for this model
Nissan,Terra,2020,4,568746,51093,Manual,Diesel,Silver,"Makati, Metro Manila",Market estimate - based on Carousell/Philkotse avg,https://www.carousell.ph/p/nissan-terra-2020-1-1442459585/,"Market-based estimate for 2020 Nissan Terra - avg from online listings PHP 500,000",2024,2024,Available,0,Good condition - market priced based on 0 real listings for this model
Nissan,Terra,2020,5,570104,69504,Manual,Diesel,Red,Pampanga,Market estimate - based on Carousell/Philkotse avg,https://www.carousell.ph/p/nissan-terra-2020-1-1369495107/,"Market-based estimate for 2020 Nissan Terra - avg from online listings PHP 500,000",2024,2024,Available,0,Good condition - market priced based on 0 real listings for this model
Nissan,Terra,2020,6,504137,69307,Manual,Diesel,Gray,Cavite,Market estimate - based on Carousell/Philkotse avg,https://philkotse.com/nissan-terra-for-sale-in-quezon-city/2020-terra-for-sale-aid8546970,"Market-based estimate for 2020 Nissan Terra - avg from online listings PHP 500,000",2024,2024,Available,0,Good condition - market priced based on 0 real listings for this model
Nissan,Terra,2020,7,444239,59140,Automatic,Diesel,Brown,"Makati, Metro Manila",Market estimate - based on Carousell/Philkotse avg,https://www.carousell.ph/p/nissan-terra-2020-1-1448023281/,"Market-based estimate for 2020 Nissan Terra - avg from online listings PHP 500,000",2024,2024,Available,0,Good condition - market priced based on 0 real listings for this model
Nissan,Terra,2020,8,564737,49194,Automatic,Diesel,White,Pampanga,Market estimate - based on Carousell/Philkotse avg,https://www.carousell.ph/p/nissan-terra-2020-1-1396110959/,"Market-based estimate for 2020 Nissan Terra - avg from online listings PHP 500,000",2024,2024,Available,0,Good condition - market priced based on 0 real listings for this model
Nissan,Terra,2020,9,475479,49610,Manual,Diesel,Silver,"Pasig, Metro Manila",Market estimate - based on Carousell/Philkotse avg,https://www.carousell.ph/p/nissan-terra-2020-1-1365371169/,"Market-based estimate for 2020 Nissan Terra - avg from online listings PHP 500,000",2024,2024,Available,0,Good condition - market priced based on 0 real listings for this model
Nissan,Terra,2020,10,524672,51662,Automatic,Diesel,White,Pampanga,Market estimate - based on Carousell/Philkotse avg,https://www.carousell.ph/p/nissan-terra-2020-1-1369927850/,"Market-based estimate for 2020 Nissan Terra - avg from online listings PHP 500,000",2024,2024,Available,0,Good condition - market priced based on 0 real listings for this model
Nissan,Terra,2021,1,500177,61477,Manual,Diesel,Silver,Laguna,Market estimate - based on Carousell/Philkotse avg,https://www.carousell.ph/p/nissan-terra-2021-1-1436465158/,"Market-based estimate for 2021 Nissan Terra - avg from online listings PHP 500,000",2024,2024,Available,0,Good condition - market priced based on 0 real listings for this model
Nissan,Terra,2021,2,507679,49006,Automatic,Diesel,Silver,"Davao City, Davao",Market estimate - based on Carousell/Philkotse avg,https://www.carousell.ph/p/nissan-terra-2021-1-1401264903/,"Market-based estimate for 2021 Nissan Terra - avg from online listings PHP 500,000",2024,2024,Available,0,Good condition - market priced based on 0 real listings for this model
Nissan,Terra,2021,3,435735,68722,Manual,Diesel,White,"Las Pinas, Metro Manila",Market estimate - based on Carousell/Philkotse avg,https://philkotse.com/nissan-terra-for-sale-in-quezon-city/2021-terra-for-sale-aid8887101,"Market-based estimate for 2021 Nissan Terra - avg from online listings PHP 500,000",2024,2024,Available,0,Good condition - market priced based on 0 real listings for this model
Nissan,Terra,2021,4,463357,57120,Manual,Diesel,Blue,Cavite,Market estimate - based on Carousell/Philkotse avg,https://www.carousell.ph/p/nissan-terra-2021-1-1413835612/,"Market-based estimate for 2021 Nissan Terra - avg from online listings PHP 500,000",2024,2024,Available,0,Good condition - market priced based on 0 real listings for this model
Nissan,Terra,2021,5,461782,58488,Automatic,Diesel,Red,"Pasig, Metro Manila",Market estimate - based on Carousell/Philkotse avg,https://philkotse.com/nissan-terra-for-sale-in-quezon-city/2021-terra-for-sale-aid8415550,"Market-based estimate for 2021 Nissan Terra - avg from online listings PHP 500,000",2024,2024,Available,0,Good condition - market priced based on 0 real listings for this model
Nissan,Terra,2021,6,454486,70844,Manual,Diesel,White,"Taguig, Metro Manila",Market estimate - based on Carousell/Philkotse avg,https://philkotse.com/nissan-terra-for-sale-in-quezon-city/2021-terra-for-sale-aid8688712,"Market-based estimate for 2021 Nissan Terra - avg from online listings PHP 500,000",2024,2024,Available,0,Good condition - market priced based on 0 real listings for this model
Nissan,Terra,2021,7,449048,66177,Manual,Diesel,Blue,"Quezon City, Metro Manila",Market estimate - based on Carousell/Philkotse avg,https://www.carousell.ph/p/nissan-terra-2021-1-1365098547/,"Market-based estimate for 2021 Nissan Terra - avg from online listings PHP 500,000",2024,2024,Available,0,Good condition - market priced based on 0 real listings for this model
Nissan,Terra,2021,8,560738,64059,Manual,Diesel,Blue,"Pasig, Metro Manila",Market estimate - based on Carousell/Philkotse avg,https://www.carousell.ph/p/nissan-terra-2021-1-1407567726/,"Market-based estimate for 2021 Nissan Terra - avg from online listings PHP 500,000",2024,2024,Available,0,Good condition - market priced based on 0 real listings for this model
Nissan,Terra,2021,9,539346,68944,Automatic,Diesel,Red,"Taguig, Metro Manila",Market estimate - based on Carousell/Philkotse avg,https://www.carousell.ph/p/nissan-terra-2021-1-1375516509/,"Market-based estimate for 2021 Nissan Terra - avg from online listings PHP 500,000",2024,2024,Available,0,Good condition - market priced based on 0 real listings for this model
Nissan,Terra,2021,10,563006,56710,Manual,Diesel,Gray,"Davao City, Davao",Market estimate - based on Carousell/Philkotse avg,https://philkotse.com/nissan-terra-for-sale-in-quezon-city/2021-terra-for-sale-aid8110811,"Market-based estimate for 2021 Nissan Terra - avg from online listings PHP 500,000",2024,2024,Available,0,Good condition - market priced based on 0 real listings for this model
Nissan,Terra,2022,1,497263,59424,Automatic,Diesel,Red,Pampanga,Market estimate - based on Carousell/Philkotse avg,https://www.carousell.ph/p/nissan-terra-2022-1-1439141029/,"Market-based estimate for 2022 Nissan Terra - avg from online listings PHP 500,000",2024,2024,Available,0,Good condition - market priced based on 0 real listings for this model
Nissan,Terra,2022,2,486810,57046,Automatic,Diesel,Red,Bulacan,Market estimate - based on Carousell/Philkotse avg,https://philkotse.com/nissan-terra-for-sale-in-quezon-city/2022-terra-for-sale-aid8918154,"Market-based estimate for 2022 Nissan Terra - avg from online listings PHP 500,000",2024,2024,Available,0,Good condition - market priced based on 0 real listings for this model
Nissan,Terra,2022,3,531657,59384,Automatic,Diesel,Gray,"Davao City, Davao",Market estimate - based on Carousell/Philkotse avg,https://philkotse.com/nissan-terra-for-sale-in-quezon-city/2022-terra-for-sale-aid8864557,"Market-based estimate for 2022 Nissan Terra - avg from online listings PHP 500,000",2024,2024,Available,0,Good condition - market priced based on 0 real listings for this model
Nissan,Terra,2022,4,519558,69441,Manual,Diesel,Blue,Laguna,Market estimate - based on Carousell/Philkotse avg,https://philkotse.com/nissan-terra-for-sale-in-quezon-city/2022-terra-for-sale-aid8648434,"Market-based estimate for 2022 Nissan Terra - avg from online listings PHP 500,000",2024,2024,Available,0,Good condition - market priced based on 0 real listings for this model
Nissan,Terra,2022,5,437529,53592,Manual,Diesel,White,"Davao City, Davao",Market estimate - based on Carousell/Philkotse avg,https://www.carousell.ph/p/nissan-terra-2022-1-1360525731/,"Market-based estimate for 2022 Nissan Terra - avg from online listings PHP 500,000",2024,2024,Available,0,Good condition - market priced based on 0 real listings for this model
Nissan,Terra,2022,6,502767,59341,Manual,Diesel,Blue,"Cebu City, Cebu",Market estimate - based on Carousell/Philkotse avg,https://www.carousell.ph/p/nissan-terra-2022-1-1352539368/,"Market-based estimate for 2022 Nissan Terra - avg from online listings PHP 500,000",2024,2024,Available,0,Good condition - market priced based on 0 real listings for this model
Nissan,Terra,2022,7,529890,53716,Manual,Diesel,Orange,"Mandaluyong, Metro Manila",Market estimate - based on Carousell/Philkotse avg,https://www.carousell.ph/p/nissan-terra-2022-1-1393114460/,"Market-based estimate for 2022 Nissan Terra - avg from online listings PHP 500,000",2024,2024,Available,0,Good condition - market priced based on 0 real listings for this model
Nissan,Terra,2022,8,515913,60704,Automatic,Diesel,Silver,"Las Pinas, Metro Manila",Market estimate - based on Carousell/Philkotse avg,https://www.carousell.ph/p/nissan-terra-2022-1-1391263608/,"Market-based estimate for 2022 Nissan Terra - avg from online listings PHP 500,000",2024,2024,Available,0,Good condition - market priced based on 0 real listings for this model
Nissan,Terra,2022,9,487463,50743,Automatic,Diesel,Orange,"Quezon City, Metro Manila",Market estimate - based on Carousell/Philkotse avg,https://www.carousell.ph/p/nissan-terra-2022-1-1386432066/,"Market-based estimate for 2022 Nissan Terra - avg from online listings PHP 500,000",2024,2024,Available,0,Good condition - market priced based on 0 real listings for this model
Nissan,Terra,2022,10,567510,63122,Automatic,Diesel,White,"Pasig, Metro Manila",Market estimate - based on Carousell/Philkotse avg,https://www.carousell.ph/p/nissan-terra-2022-1-1442699719/,"Market-based estimate for 2022 Nissan Terra - avg from online listings PHP 500,000",2024,2024,Available,0,Good condition - market priced based on 0 real listings for this model
Nissan,Terra,2023,1,433587,49586,Automatic,Diesel,Black,"Mandaluyong, Metro Manila",Market estimate - based on Carousell/Philkotse avg,https://www.carousell.ph/p/nissan-terra-2023-1-1446508416/,"Market-based estimate for 2023 Nissan Terra - avg from online listings PHP 500,000",2024,2024,Available,0,Good condition - market priced based on 0 real listings for this model
Nissan,Terra,2023,2,447102,50185,Manual,Diesel,Black,"Davao City, Davao",Market estimate - based on Carousell/Philkotse avg,https://www.carousell.ph/p/nissan-terra-2023-1-1359967845/,"Market-based estimate for 2023 Nissan Terra - avg from online listings PHP 500,000",2024,2024,Available,0,Good condition - market priced based on 0 real listings for this model
Nissan,Terra,2023,3,564816,67260,Manual,Diesel,White,Cavite,Market estimate - based on Carousell/Philkotse avg,https://www.carousell.ph/p/nissan-terra-2023-1-1423748767/,"Market-based estimate for 2023 Nissan Terra - avg from online listings PHP 500,000",2024,2024,Available,0,Good condition - market priced based on 0 real listings for this model
Nissan,Terra,2023,4,442682,54530,Automatic,Diesel,Blue,"Taguig, Metro Manila",Market estimate - based on Carousell/Philkotse avg,https://philkotse.com/nissan-terra-for-sale-in-quezon-city/2023-terra-for-sale-aid8964091,"Market-based estimate for 2023 Nissan Terra - avg from online listings PHP 500,000",2024,2024,Available,0,Good condition - market priced based on 0 real listings for this model
Nissan,Terra,2023,5,456814,59966,Automatic,Diesel,Black,"Taguig, Metro Manila",Market estimate - based on Carousell/Philkotse avg,https://www.carousell.ph/p/nissan-terra-2023-1-1410511580/,"Market-based estimate for 2023 Nissan Terra - avg from online listings PHP 500,000",2024,2024,Available,0,Good condition - market priced based on 0 real listings for this model
Nissan,Terra,2023,6,516406,68601,Automatic,Diesel,Brown,"Cebu City, Cebu",Market estimate - based on Carousell/Philkotse avg,https://www.carousell.ph/p/nissan-terra-2023-1-1397740713/,"Market-based estimate for 2023 Nissan Terra - avg from online listings PHP 500,000",2024,2024,Available,0,Good condition - market priced based on 0 real listings for this model
Nissan,Terra,2023,7,501921,62444,Automatic,Diesel,Black,"Mandaluyong, Metro Manila",Market estimate - based on Carousell/Philkotse avg,https://philkotse.com/nissan-terra-for-sale-in-quezon-city/2023-terra-for-sale-aid8242907,"Market-based estimate for 2023 Nissan Terra - avg from online listings PHP 500,000",2024,2024,Available,0,Good condition - market priced based on 0 real listings for this model
Nissan,Terra,2023,8,551745,66444,Automatic,Diesel,Brown,Bulacan,Market estimate - based on Carousell/Philkotse avg,https://www.carousell.ph/p/nissan-terra-2023-1-1398227302/,"Market-based estimate for 2023 Nissan Terra - avg from online listings PHP 500,000",2024,2024,Available,0,Good condition - market priced based on 0 real listings for this model
Nissan,Terra,2023,9,466012,62406,Automatic,Diesel,Black,Pampanga,Market estimate - based on Carousell/Philkotse avg,https://www.carousell.ph/p/nissan-terra-2023-1-1437503421/,"Market-based estimate for 2023 Nissan Terra - avg from online listings PHP 500,000",2024,2024,Available,0,Good condition - market priced based on 0 real listings for this model
Nissan,Terra,2023,10,455067,48622,Manual,Diesel,Blue,"Makati, Metro Manila",Market estimate - based on Carousell/Philkotse avg,https://www.carousell.ph/p/nissan-terra-2023-1-1364363715/,"Market-based estimate for 2023 Nissan Terra - avg from online listings PHP 500,000",2024,2024,Available,0,Good condition - market priced based on 0 real listings for this model
Nissan,Terra,2024,1,547228,70599,Manual,Diesel,Gray,"Davao City, Davao",Market estimate - based on Carousell/Philkotse avg,https://www.carousell.ph/p/nissan-terra-2024-1-1387600041/,"Market-based estimate for 2024 Nissan Terra - avg from online listings PHP 500,000",2024,2024,Available,0,Good condition - market priced based on 0 real listings for this model
Nissan,Terra,2024,2,503083,52133,Automatic,Diesel,Orange,"Quezon City, Metro Manila",Market estimate - based on Carousell/Philkotse avg,https://philkotse.com/nissan-terra-for-sale-in-quezon-city/2024-terra-for-sale-aid8478397,"Market-based estimate for 2024 Nissan Terra - avg from online listings PHP 500,000",2024,2024,Available,0,Good condition - market priced based on 0 real listings for this model
Nissan,Terra,2024,3,452594,67758,Automatic,Diesel,Gray,Bulacan,Market estimate - based on Carousell/Philkotse avg,https://www.carousell.ph/p/nissan-terra-2024-1-1384642551/,"Market-based estimate for 2024 Nissan Terra - avg from online listings PHP 500,000",2024,2024,Available,0,Good condition - market priced based on 0 real listings for this model
Nissan,Terra,2024,4,551444,66455,Automatic,Diesel,Blue,"Davao City, Davao",Market estimate - based on Carousell/Philkotse avg,https://www.carousell.ph/p/nissan-terra-2024-1-1399405740/,"Market-based estimate for 2024 Nissan Terra - avg from online listings PHP 500,000",2024,2024,Available,0,Good condition - market priced based on 0 real listings for this model
Nissan,Terra,2024,5,480894,60282,Manual,Diesel,Brown,"Paranaque, Metro Manila",Market estimate - based on Carousell/Philkotse avg,https://www.carousell.ph/p/nissan-terra-2024-1-1383828196/,"Market-based estimate for 2024 Nissan Terra - avg from online listings PHP 500,000",2024,2024,Available,0,Good condition - market priced based on 0 real listings for this model
Nissan,Terra,2024,6,552474,62316,Automatic,Diesel,White,"Pasig, Metro Manila",Market estimate - based on Carousell/Philkotse avg,https://www.carousell.ph/p/nissan-terra-2024-1-1401663212/,"Market-based estimate for 2024 Nissan Terra - avg from online listings PHP 500,000",2024,2024,Available,0,Good condition - market priced based on 0 real listings for this model
Nissan,Terra,2024,7,545836,65497,Manual,Diesel,White,"Makati, Metro Manila",Market estimate - based on Carousell/Philkotse avg,https://www.carousell.ph/p/nissan-terra-2024-1-1419850911/,"Market-based estimate for 2024 Nissan Terra - avg from online listings PHP 500,000",2024,2024,Available,0,Good condition - market priced based on 0 real listings for this model
Nissan,Terra,2024,8,425954,54008,Automatic,Diesel,Blue,"Cebu City, Cebu",Market estimate - based on Carousell/Philkotse avg,https://www.carousell.ph/p/nissan-terra-2024-1-1367198667/,"Market-based estimate for 2024 Nissan Terra - avg from online listings PHP 500,000",2024,2024,Available,0,Good condition - market priced based on 0 real listings for this model
Nissan,Terra,2024,9,535721,63862,Manual,Diesel,Silver,"Pasig, Metro Manila",Market estimate - based on Carousell/Philkotse avg,https://www.carousell.ph/p/nissan-terra-2024-1-1395132975/,"Market-based estimate for 2024 Nissan Terra - avg from online listings PHP 500,000",2024,2024,Available,0,Good condition - market priced based on 0 real listings for this model
Nissan,Terra,2024,10,574203,63261,Manual,Diesel,Brown,"Las Pinas, Metro Manila",Market estimate - based on Carousell/Philkotse avg,https://philkotse.com/nissan-terra-for-sale-in-quezon-city/2024-terra-for-sale-aid8626053,"Market-based estimate for 2024 Nissan Terra - avg from online listings PHP 500,000",2024,2024,Available,0,Good condition - market priced based on 0 real listings for this model
Nissan,Terra,2025,1,496593,48722,Automatic,Diesel,Orange,"Makati, Metro Manila",Market estimate - based on Carousell/Philkotse avg,https://philkotse.com/nissan-terra-for-sale-in-quezon-city/2025-terra-for-sale-aid8778099,"Market-based estimate for 2025 Nissan Terra - avg from online listings PHP 500,000",2024,2024,Available,0,Good condition - market priced based on 0 real listings for this model
Nissan,Terra,2025,2,503405,66621,Manual,Diesel,Brown,"Davao City, Davao",Market estimate - based on Carousell/Philkotse avg,https://philkotse.com/nissan-terra-for-sale-in-quezon-city/2025-terra-for-sale-aid8799852,"Market-based estimate for 2025 Nissan Terra - avg from online listings PHP 500,000",2024,2024,Available,0,Good condition - market priced based on 0 real listings for this model
Nissan,Terra,2025,3,447914,62545,Manual,Diesel,Orange,Laguna,Market estimate - based on Carousell/Philkotse avg,https://philkotse.com/nissan-terra-for-sale-in-quezon-city/2025-terra-for-sale-aid8463546,"Market-based estimate for 2025 Nissan Terra - avg from online listings PHP 500,000",2024,2024,Available,0,Good condition - market priced based on 0 real listings for this model
Nissan,Terra,2025,4,571435,50225,Manual,Diesel,Brown,"Taguig, Metro Manila",Market estimate - based on Carousell/Philkotse avg,https://www.carousell.ph/p/nissan-terra-2025-1-1423909975/,"Market-based estimate for 2025 Nissan Terra - avg from online listings PHP 500,000",2024,2024,Available,0,Good condition - market priced based on 0 real listings for this model
Nissan,Terra,2025,5,458995,54887,Manual,Diesel,White,"Mandaluyong, Metro Manila",Market estimate - based on Carousell/Philkotse avg,https://www.carousell.ph/p/nissan-terra-2025-1-1409814537/,"Market-based estimate for 2025 Nissan Terra - avg from online listings PHP 500,000",2024,2024,Available,0,Good condition - market priced based on 0 real listings for this model
Nissan,Terra,2025,6,533557,59365,Automatic,Diesel,Red,Laguna,Market estimate - based on Carousell/Philkotse avg,https://philkotse.com/nissan-terra-for-sale-in-quezon-city/2025-terra-for-sale-aid8781061,"Market-based estimate for 2025 Nissan Terra - avg from online listings PHP 500,000",2024,2024,Available,0,Good condition - market priced based on 0 real listings for this model
Nissan,Terra,2025,7,431995,61086,Automatic,Diesel,Red,Bulacan,Market estimate - based on Carousell/Philkotse avg,https://www.carousell.ph/p/nissan-terra-2025-1-1425336604/,"Market-based estimate for 2025 Nissan Terra - avg from online listings PHP 500,000",2024,2024,Available,0,Good condition - market priced based on 0 real listings for this model
Nissan,Terra,2025,8,425630,54502,Automatic,Diesel,Silver,"Paranaque, Metro Manila",Market estimate - based on Carousell/Philkotse avg,https://philkotse.com/nissan-terra-for-sale-in-quezon-city/2025-terra-for-sale-aid8616405,"Market-based estimate for 2025 Nissan Terra - avg from online listings PHP 500,000",2024,2024,Available,0,Good condition - market priced based on 0 real listings for this model
Nissan,Terra,2025,9,472061,50075,Automatic,Diesel,Blue,"Davao City, Davao",Market estimate - based on Carousell/Philkotse avg,https://philkotse.com/nissan-terra-for-sale-in-quezon-city/2025-terra-for-sale-aid8818701,"Market-based estimate for 2025 Nissan Terra - avg from online listings PHP 500,000",2024,2024,Available,0,Good condition - market priced based on 0 real listings for this model
Nissan,Terra,2025,10,489958,71262,Automatic,Diesel,Orange,"Davao City, Davao",Market estimate - based on Carousell/Philkotse avg,https://philkotse.com/nissan-terra-for-sale-in-quezon-city/2025-terra-for-sale-aid8770079,"Market-based estimate for 2025 Nissan Terra - avg from online listings PHP 500,000",2024,2024,Available,0,Good condition - market priced based on 0 real listings for this model
Nissan,Terra,2026,1,502345,59403,Automatic,Diesel,Orange,Laguna,Market estimate - based on Carousell/Philkotse avg,https://www.carousell.ph/p/nissan-terra-2026-1-1448909658/,"Market-based estimate for 2026 Nissan Terra - avg from online listings PHP 500,000",2024,2024,Available,0,Good condition - market priced based on 0 real listings for this model
Nissan,Terra,2026,2,505343,71668,Automatic,Diesel,Black,"Paranaque, Metro Manila",Market estimate - based on Carousell/Philkotse avg,https://www.carousell.ph/p/nissan-terra-2026-1-1410239470/,"Market-based estimate for 2026 Nissan Terra - avg from online listings PHP 500,000",2024,2024,Available,0,Good condition - market priced based on 0 real listings for this model
Nissan,Terra,2026,3,526985,55409,Manual,Diesel,Silver,"Mandaluyong, Metro Manila",Market estimate - based on Carousell/Philkotse avg,https://www.carousell.ph/p/nissan-terra-2026-1-1442810975/,"Market-based estimate for 2026 Nissan Terra - avg from online listings PHP 500,000",2024,2024,Available,0,Good condition - market priced based on 0 real listings for this model
Nissan,Terra,2026,4,474146,67722,Manual,Diesel,Red,"Las Pinas, Metro Manila",Market estimate - based on Carousell/Philkotse avg,https://www.carousell.ph/p/nissan-terra-2026-1-1426758217/,"Market-based estimate for 2026 Nissan Terra - avg from online listings PHP 500,000",2024,2024,Available,0,Good condition - market priced based on 0 real listings for this model
Nissan,Terra,2026,5,547396,69376,Automatic,Diesel,Silver,"Las Pinas, Metro Manila",Market estimate - based on Carousell/Philkotse avg,https://www.carousell.ph/p/nissan-terra-2026-1-1360028450/,"Market-based estimate for 2026 Nissan Terra - avg from online listings PHP 500,000",2024,2024,Available,0,Good condition - market priced based on 0 real listings for this model
Nissan,Terra,2026,6,554124,71407,Manual,Diesel,Gray,"Las Pinas, Metro Manila",Market estimate - based on Carousell/Philkotse avg,https://www.carousell.ph/p/nissan-terra-2026-1-1411620418/,"Market-based estimate for 2026 Nissan Terra - avg from online listings PHP 500,000",2024,2024,Available,0,Good condition - market priced based on 0 real listings for this model
Nissan,Terra,2026,7,517207,54433,Automatic,Diesel,Orange,"Makati, Metro Manila",Market estimate - based on Carousell/Philkotse avg,https://philkotse.com/nissan-terra-for-sale-in-quezon-city/2026-terra-for-sale-aid8825679,"Market-based estimate for 2026 Nissan Terra - avg from online listings PHP 500,000",2024,2024,Available,0,Good condition - market priced based on 0 real listings for this model
Nissan,Terra,2026,8,555612,55437,Automatic,Diesel,Orange,"Mandaluyong, Metro Manila",Market estimate - based on Carousell/Philkotse avg,https://www.carousell.ph/p/nissan-terra-2026-1-1414767796/,"Market-based estimate for 2026 Nissan Terra - avg from online listings PHP 500,000",2024,2024,Available,0,Good condition - market priced based on 0 real listings for this model
Nissan,Terra,2026,9,505526,70184,Manual,Diesel,White,"Makati, Metro Manila",Market estimate - based on Carousell/Philkotse avg,https://www.carousell.ph/p/nissan-terra-2026-1-1400529061/,"Market-based estimate for 2026 Nissan Terra - avg from online listings PHP 500,000",2024,2024,Available,0,Good condition - market priced based on 0 real listings for this model
Nissan,Terra,2026,10,481401,70529,Automatic,Diesel,Blue,"Quezon City, Metro Manila",Market estimate - based on Carousell/Philkotse avg,https://philkotse.com/nissan-terra-for-sale-in-quezon-city/2026-terra-for-sale-aid8944378,"Market-based estimate for 2026 Nissan Terra - avg from online listings PHP 500,000",2024,2024,Available,0,Good condition - market priced based on 0 real listings for this model
Nissan,Urvan,2015,1,450000,105000,Manual,Diesel,Black,Quezon City / Capas Tarlac,Carousell,https://www.carousell.ph/p/nissan-urvan-escapade-td27-manual-1386388023/,2015 Nissan Urvan Escapade TD27,2024,2024,Available,0,Real verified listing
Nissan,Urvan,2015,2,386693,110826,Automatic,Gas,White,"Las Pinas, Metro Manila",Market estimate - based on Carousell/Philkotse avg,https://www.carousell.ph/p/nissan-urvan-2015-1-1391976395/,"Market-based estimate for 2015 Nissan Urvan - avg from online listings PHP 450,000",2024,2024,Available,0,Good condition - market priced based on 1 real listings for this model
Nissan,Urvan,2015,3,460568,110992,Manual,Gas,Brown,"Taguig, Metro Manila",Market estimate - based on Carousell/Philkotse avg,https://philkotse.com/nissan-urvan-for-sale-in-quezon-city/2015-urvan-for-sale-aid8965987,"Market-based estimate for 2015 Nissan Urvan - avg from online listings PHP 450,000",2024,2024,Available,0,Good condition - market priced based on 1 real listings for this model
Nissan,Urvan,2015,4,498613,97987,Automatic,Gas,White,"Quezon City, Metro Manila",Market estimate - based on Carousell/Philkotse avg,https://www.carousell.ph/p/nissan-urvan-2015-1-1400095196/,"Market-based estimate for 2015 Nissan Urvan - avg from online listings PHP 450,000",2024,2024,Available,0,Good condition - market priced based on 1 real listings for this model
Nissan,Urvan,2015,5,429495,124499,Manual,Gas,Gray,"Davao City, Davao",Market estimate - based on Carousell/Philkotse avg,https://www.carousell.ph/p/nissan-urvan-2015-1-1390144231/,"Market-based estimate for 2015 Nissan Urvan - avg from online listings PHP 450,000",2024,2024,Available,0,Good condition - market priced based on 1 real listings for this model
Nissan,Urvan,2015,6,425332,103139,Manual,Gas,Blue,"Paranaque, Metro Manila",Market estimate - based on Carousell/Philkotse avg,https://www.carousell.ph/p/nissan-urvan-2015-1-1431844553/,"Market-based estimate for 2015 Nissan Urvan - avg from online listings PHP 450,000",2024,2024,Available,0,Good condition - market priced based on 1 real listings for this model
Nissan,Urvan,2015,7,454744,118949,Automatic,Gas,Black,"Paranaque, Metro Manila",Market estimate - based on Carousell/Philkotse avg,https://www.carousell.ph/p/nissan-urvan-2015-1-1399858852/,"Market-based estimate for 2015 Nissan Urvan - avg from online listings PHP 450,000",2024,2024,Available,0,Good condition - market priced based on 1 real listings for this model
Nissan,Urvan,2015,8,394135,95530,Automatic,Gas,Silver,"Las Pinas, Metro Manila",Market estimate - based on Carousell/Philkotse avg,https://www.carousell.ph/p/nissan-urvan-2015-1-1390259356/,"Market-based estimate for 2015 Nissan Urvan - avg from online listings PHP 450,000",2024,2024,Available,0,Good condition - market priced based on 1 real listings for this model
Nissan,Urvan,2015,9,453432,92443,Automatic,Gas,Brown,"Quezon City, Metro Manila",Market estimate - based on Carousell/Philkotse avg,https://www.carousell.ph/p/nissan-urvan-2015-1-1367484921/,"Market-based estimate for 2015 Nissan Urvan - avg from online listings PHP 450,000",2024,2024,Available,0,Good condition - market priced based on 1 real listings for this model
Nissan,Urvan,2015,10,509829,123952,Automatic,Gas,Brown,Pampanga,Market estimate - based on Carousell/Philkotse avg,https://www.carousell.ph/p/nissan-urvan-2015-1-1405991206/,"Market-based estimate for 2015 Nissan Urvan - avg from online listings PHP 450,000",2024,2024,Available,0,Good condition - market priced based on 1 real listings for this model
Nissan,Urvan,2016,1,738000,38000,Manual,Diesel,White,Makati,PhilKotse,https://philkotse.com/nissan-urvan-for-sale-in-makati/2016-nv350-25-diesel-manual-rare-38k-mileage-aid8361092,2016 Nissan Urvan NV350,2024,2024,Available,0,Real verified listing
Nissan,Urvan,2016,2,742679,37158,Automatic,Gas,Gray,Cavite,Market estimate - based on Carousell/Philkotse avg,https://www.carousell.ph/p/nissan-urvan-2016-1-1437263389/,"Market-based estimate for 2016 Nissan Urvan - avg from online listings PHP 738,000",2024,2024,Available,0,Good condition - market priced based on 1 real listings for this model
Nissan,Urvan,2016,3,810142,38588,Automatic,Gas,Blue,"Davao City, Davao",Market estimate - based on Carousell/Philkotse avg,https://philkotse.com/nissan-urvan-for-sale-in-quezon-city/2016-urvan-for-sale-aid8285802,"Market-based estimate for 2016 Nissan Urvan - avg from online listings PHP 738,000",2024,2024,Available,0,Good condition - market priced based on 1 real listings for this model
Nissan,Urvan,2016,4,751081,31386,Manual,Gas,Red,"Quezon City, Metro Manila",Market estimate - based on Carousell/Philkotse avg,https://www.carousell.ph/p/nissan-urvan-2016-1-1377177827/,"Market-based estimate for 2016 Nissan Urvan - avg from online listings PHP 738,000",2024,2024,Available,0,Good condition - market priced based on 1 real listings for this model
Nissan,Urvan,2016,5,715136,32875,Manual,Gas,Blue,Bulacan,Market estimate - based on Carousell/Philkotse avg,https://www.carousell.ph/p/nissan-urvan-2016-1-1397865903/,"Market-based estimate for 2016 Nissan Urvan - avg from online listings PHP 738,000",2024,2024,Available,0,Good condition - market priced based on 1 real listings for this model
Nissan,Urvan,2016,6,792335,43547,Automatic,Gas,Brown,"Taguig, Metro Manila",Market estimate - based on Carousell/Philkotse avg,https://philkotse.com/nissan-urvan-for-sale-in-quezon-city/2016-urvan-for-sale-aid8789561,"Market-based estimate for 2016 Nissan Urvan - avg from online listings PHP 738,000",2024,2024,Available,0,Good condition - market priced based on 1 real listings for this model
Nissan,Urvan,2016,7,751748,38686,Manual,Gas,Blue,"Paranaque, Metro Manila",Market estimate - based on Carousell/Philkotse avg,https://www.carousell.ph/p/nissan-urvan-2016-1-1406588379/,"Market-based estimate for 2016 Nissan Urvan - avg from online listings PHP 738,000",2024,2024,Available,0,Good condition - market priced based on 1 real listings for this model
Nissan,Urvan,2016,8,838977,40817,Manual,Gas,Brown,"Makati, Metro Manila",Market estimate - based on Carousell/Philkotse avg,https://www.carousell.ph/p/nissan-urvan-2016-1-1350177596/,"Market-based estimate for 2016 Nissan Urvan - avg from online listings PHP 738,000",2024,2024,Available,0,Good condition - market priced based on 1 real listings for this model
Nissan,Urvan,2016,9,733138,34469,Manual,Gas,Black,"Mandaluyong, Metro Manila",Market estimate - based on Carousell/Philkotse avg,https://philkotse.com/nissan-urvan-for-sale-in-quezon-city/2016-urvan-for-sale-aid8877252,"Market-based estimate for 2016 Nissan Urvan - avg from online listings PHP 738,000",2024,2024,Available,0,Good condition - market priced based on 1 real listings for this model
Nissan,Urvan,2016,10,777659,41989,Manual,Gas,Silver,Laguna,Market estimate - based on Carousell/Philkotse avg,https://www.carousell.ph/p/nissan-urvan-2016-1-1420516402/,"Market-based estimate for 2016 Nissan Urvan - avg from online listings PHP 738,000",2024,2024,Available,0,Good condition - market priced based on 1 real listings for this model
Nissan,Urvan,2017,1,467677,80847,Manual,Gas,Silver,"Mandaluyong, Metro Manila",Market estimate - based on Carousell/Philkotse avg,https://philkotse.com/nissan-urvan-for-sale-in-quezon-city/2017-urvan-for-sale-aid8522135,"Market-based estimate for 2017 Nissan Urvan - avg from online listings PHP 481,435",2024,2024,Available,0,Good condition - market priced based on 0 real listings for this model
Nissan,Urvan,2017,2,455458,64464,Automatic,Gas,Gray,Cavite,Market estimate - based on Carousell/Philkotse avg,https://www.carousell.ph/p/nissan-urvan-2017-1-1381895490/,"Market-based estimate for 2017 Nissan Urvan - avg from online listings PHP 481,435",2024,2024,Available,0,Good condition - market priced based on 0 real listings for this model
Nissan,Urvan,2017,3,417300,72156,Automatic,Gas,Blue,"Mandaluyong, Metro Manila",Market estimate - based on Carousell/Philkotse avg,https://www.carousell.ph/p/nissan-urvan-2017-1-1429004055/,"Market-based estimate for 2017 Nissan Urvan - avg from online listings PHP 481,435",2024,2024,Available,0,Good condition - market priced based on 0 real listings for this model
Nissan,Urvan,2017,4,479077,75161,Automatic,Gas,White,Laguna,Market estimate - based on Carousell/Philkotse avg,https://philkotse.com/nissan-urvan-for-sale-in-quezon-city/2017-urvan-for-sale-aid8273802,"Market-based estimate for 2017 Nissan Urvan - avg from online listings PHP 481,435",2024,2024,Available,0,Good condition - market priced based on 0 real listings for this model
Nissan,Urvan,2017,5,493672,57584,Automatic,Gas,Brown,"Pasig, Metro Manila",Market estimate - based on Carousell/Philkotse avg,https://philkotse.com/nissan-urvan-for-sale-in-quezon-city/2017-urvan-for-sale-aid8502440,"Market-based estimate for 2017 Nissan Urvan - avg from online listings PHP 481,435",2024,2024,Available,0,Good condition - market priced based on 0 real listings for this model
Nissan,Urvan,2017,6,527530,73141,Manual,Gas,Red,"Paranaque, Metro Manila",Market estimate - based on Carousell/Philkotse avg,https://www.carousell.ph/p/nissan-urvan-2017-1-1446480298/,"Market-based estimate for 2017 Nissan Urvan - avg from online listings PHP 481,435",2024,2024,Available,0,Good condition - market priced based on 0 real listings for this model
Nissan,Urvan,2017,7,477513,56505,Automatic,Gas,Gray,"Makati, Metro Manila",Market estimate - based on Carousell/Philkotse avg,https://www.carousell.ph/p/nissan-urvan-2017-1-1403924099/,"Market-based estimate for 2017 Nissan Urvan - avg from online listings PHP 481,435",2024,2024,Available,0,Good condition - market priced based on 0 real listings for this model
Nissan,Urvan,2017,8,521944,71774,Manual,Gas,Silver,"Davao City, Davao",Market estimate - based on Carousell/Philkotse avg,https://www.carousell.ph/p/nissan-urvan-2017-1-1442945496/,"Market-based estimate for 2017 Nissan Urvan - avg from online listings PHP 481,435",2024,2024,Available,0,Good condition - market priced based on 0 real listings for this model
Nissan,Urvan,2017,9,443382,67037,Automatic,Gas,Brown,"Paranaque, Metro Manila",Market estimate - based on Carousell/Philkotse avg,https://philkotse.com/nissan-urvan-for-sale-in-quezon-city/2017-urvan-for-sale-aid8583635,"Market-based estimate for 2017 Nissan Urvan - avg from online listings PHP 481,435",2024,2024,Available,0,Good condition - market priced based on 0 real listings for this model
Nissan,Urvan,2017,10,441221,81409,Manual,Gas,Black,"Quezon City, Metro Manila",Market estimate - based on Carousell/Philkotse avg,https://philkotse.com/nissan-urvan-for-sale-in-quezon-city/2017-urvan-for-sale-aid8344287,"Market-based estimate for 2017 Nissan Urvan - avg from online listings PHP 481,435",2024,2024,Available,0,Good condition - market priced based on 0 real listings for this model
Nissan,Urvan,2018,1,821000,223000,Automatic,Diesel,Alpine White,"W1 Javalera General Trias, Cavite",Automart,https://automart.ph/used-cars/used-nissan-urvan_nv350-2018/nea6651,2018 Nissan Urvan NV350 Premium,2024,2024,Available,0,Real verified listing
Nissan,Urvan,2018,2,884189,214860,Automatic,Gas,Red,"Makati, Metro Manila",Market estimate - based on Carousell/Philkotse avg,https://www.carousell.ph/p/nissan-urvan-2018-1-1435987034/,"Market-based estimate for 2018 Nissan Urvan - avg from online listings PHP 821,000",2024,2024,Available,0,Good condition - market priced based on 1 real listings for this model
Nissan,Urvan,2018,3,703582,184975,Manual,Gas,Blue,Laguna,Market estimate - based on Carousell/Philkotse avg,https://www.carousell.ph/p/nissan-urvan-2018-1-1420140959/,"Market-based estimate for 2018 Nissan Urvan - avg from online listings PHP 821,000",2024,2024,Available,0,Good condition - market priced based on 1 real listings for this model
Nissan,Urvan,2018,4,943929,247471,Manual,Gas,Orange,"Mandaluyong, Metro Manila",Market estimate - based on Carousell/Philkotse avg,https://philkotse.com/nissan-urvan-for-sale-in-quezon-city/2018-urvan-for-sale-aid8644509,"Market-based estimate for 2018 Nissan Urvan - avg from online listings PHP 821,000",2024,2024,Available,0,Good condition - market priced based on 1 real listings for this model
Nissan,Urvan,2018,5,798235,236786,Automatic,Gas,Gray,Cavite,Market estimate - based on Carousell/Philkotse avg,https://www.carousell.ph/p/nissan-urvan-2018-1-1433914071/,"Market-based estimate for 2018 Nissan Urvan - avg from online listings PHP 821,000",2024,2024,Available,0,Good condition - market priced based on 1 real listings for this model
Nissan,Urvan,2018,6,704068,239759,Automatic,Gas,Red,"Las Pinas, Metro Manila",Market estimate - based on Carousell/Philkotse avg,https://www.carousell.ph/p/nissan-urvan-2018-1-1389264922/,"Market-based estimate for 2018 Nissan Urvan - avg from online listings PHP 821,000",2024,2024,Available,0,Good condition - market priced based on 1 real listings for this model
Nissan,Urvan,2018,7,756207,186915,Automatic,Gas,White,Cavite,Market estimate - based on Carousell/Philkotse avg,https://www.carousell.ph/p/nissan-urvan-2018-1-1377529662/,"Market-based estimate for 2018 Nissan Urvan - avg from online listings PHP 821,000",2024,2024,Available,0,Good condition - market priced based on 1 real listings for this model
Nissan,Urvan,2018,8,872833,220428,Manual,Gas,Black,Bulacan,Market estimate - based on Carousell/Philkotse avg,https://philkotse.com/nissan-urvan-for-sale-in-quezon-city/2018-urvan-for-sale-aid8404689,"Market-based estimate for 2018 Nissan Urvan - avg from online listings PHP 821,000",2024,2024,Available,0,Good condition - market priced based on 1 real listings for this model
Nissan,Urvan,2018,9,885386,232518,Manual,Gas,Blue,"Quezon City, Metro Manila",Market estimate - based on Carousell/Philkotse avg,https://philkotse.com/nissan-urvan-for-sale-in-quezon-city/2018-urvan-for-sale-aid8382574,"Market-based estimate for 2018 Nissan Urvan - avg from online listings PHP 821,000",2024,2024,Available,0,Good condition - market priced based on 1 real listings for this model
Nissan,Urvan,2018,10,863483,227662,Automatic,Gas,Red,"Paranaque, Metro Manila",Market estimate - based on Carousell/Philkotse avg,https://www.carousell.ph/p/nissan-urvan-2018-1-1376933545/,"Market-based estimate for 2018 Nissan Urvan - avg from online listings PHP 821,000",2024,2024,Available,0,Good condition - market priced based on 1 real listings for this model
Nissan,Urvan,2019,1,401700,124445,Manual,Diesel,Granite Black,"Paknaan Mandaue, Cebu",Automart,http://automart.ph/used-cars/used-nissan-urvan-2019/gai9623,2019 Nissan Urvan 15-Seater 2.5,2024,2024,Available,0,Real verified listing
Nissan,Urvan,2019,2,569800,175592,Automatic,Diesel,Topaz Brown,"Talon Uno Las Pinas, Metro Manila",Automart,https://automart.ph/used-cars/used-nissan-urvan_nv350-2019/neh3810,2019 Nissan Urvan NV350 Premium,2024,2024,Available,0,Real verified listing
Nissan,Urvan,2019,3,728000,80000,Manual,Diesel,White,Philippines,Automart,https://automart.ph/used-cars/used-nissan-urvan_nv350-2019/nea3933,2019 Nissan Urvan NV350 Premium,2024,2024,Available,0,Real verified listing
Nissan,Urvan,2019,4,564483,106287,Manual,Gas,Red,"Davao City, Davao",Market estimate - based on Carousell/Philkotse avg,https://philkotse.com/nissan-urvan-for-sale-in-quezon-city/2019-urvan-for-sale-aid8298080,"Market-based estimate for 2019 Nissan Urvan - avg from online listings PHP 566,500",2024,2024,Available,0,Good condition - market priced based on 3 real listings for this model
Nissan,Urvan,2019,5,613889,121054,Automatic,Gas,Silver,"Paranaque, Metro Manila",Market estimate - based on Carousell/Philkotse avg,https://www.carousell.ph/p/nissan-urvan-2019-1-1435300040/,"Market-based estimate for 2019 Nissan Urvan - avg from online listings PHP 566,500",2024,2024,Available,0,Good condition - market priced based on 3 real listings for this model
Nissan,Urvan,2019,6,540548,145159,Manual,Gas,Red,"Taguig, Metro Manila",Market estimate - based on Carousell/Philkotse avg,https://philkotse.com/nissan-urvan-for-sale-in-quezon-city/2019-urvan-for-sale-aid8295641,"Market-based estimate for 2019 Nissan Urvan - avg from online listings PHP 566,500",2024,2024,Available,0,Good condition - market priced based on 3 real listings for this model
Nissan,Urvan,2019,7,619820,121796,Manual,Gas,Gray,Cavite,Market estimate - based on Carousell/Philkotse avg,https://www.carousell.ph/p/nissan-urvan-2019-1-1435396690/,"Market-based estimate for 2019 Nissan Urvan - avg from online listings PHP 566,500",2024,2024,Available,0,Good condition - market priced based on 3 real listings for this model
Nissan,Urvan,2019,8,583408,138694,Automatic,Gas,Black,Cavite,Market estimate - based on Carousell/Philkotse avg,https://philkotse.com/nissan-urvan-for-sale-in-quezon-city/2019-urvan-for-sale-aid8171190,"Market-based estimate for 2019 Nissan Urvan - avg from online listings PHP 566,500",2024,2024,Available,0,Good condition - market priced based on 3 real listings for this model
Nissan,Urvan,2019,9,500928,144765,Manual,Gas,Orange,Cavite,Market estimate - based on Carousell/Philkotse avg,https://www.carousell.ph/p/nissan-urvan-2019-1-1387773574/,"Market-based estimate for 2019 Nissan Urvan - avg from online listings PHP 566,500",2024,2024,Available,0,Good condition - market priced based on 3 real listings for this model
Nissan,Urvan,2019,10,498768,122622,Manual,Gas,Black,Laguna,Market estimate - based on Carousell/Philkotse avg,https://philkotse.com/nissan-urvan-for-sale-in-quezon-city/2019-urvan-for-sale-aid8047735,"Market-based estimate for 2019 Nissan Urvan - avg from online listings PHP 566,500",2024,2024,Available,0,Good condition - market priced based on 3 real listings for this model
Nissan,Urvan,2020,1,878787,20280,Manual,Diesel,White,"Panacan Davao City, Davao Del Sur",Automart,https://automart.ph/used-cars/used-nissan-urvan-2020/kad3203,2020 Nissan Urvan NV350,2024,2024,Available,0,Real verified listing
Nissan,Urvan,2020,2,1028000,69000,Manual,Diesel,Brilliant Silver,"Seaside Blvd Pasay, Metro Manila",Automart,https://automart.ph/used-cars/used-nissan-urvan_nv350-2020/nan6185,2020 Nissan Urvan NV350 Premium,2024,2024,Available,0,Real verified listing
Nissan,Urvan,2020,3,985274,41143,Manual,Gas,Orange,"Mandaluyong, Metro Manila",Market estimate - based on Carousell/Philkotse avg,https://philkotse.com/nissan-urvan-for-sale-in-quezon-city/2020-urvan-for-sale-aid8246779,"Market-based estimate for 2020 Nissan Urvan - avg from online listings PHP 953,393",2024,2024,Available,0,Good condition - market priced based on 2 real listings for this model
Nissan,Urvan,2020,4,901274,44256,Automatic,Gas,Gray,"Pasig, Metro Manila",Market estimate - based on Carousell/Philkotse avg,https://www.carousell.ph/p/nissan-urvan-2020-1-1442862067/,"Market-based estimate for 2020 Nissan Urvan - avg from online listings PHP 953,393",2024,2024,Available,0,Good condition - market priced based on 2 real listings for this model
Nissan,Urvan,2020,5,854099,47276,Manual,Gas,Brown,"Mandaluyong, Metro Manila",Market estimate - based on Carousell/Philkotse avg,https://philkotse.com/nissan-urvan-for-sale-in-quezon-city/2020-urvan-for-sale-aid8184022,"Market-based estimate for 2020 Nissan Urvan - avg from online listings PHP 953,393",2024,2024,Available,0,Good condition - market priced based on 2 real listings for this model
Nissan,Urvan,2020,6,831310,42910,Automatic,Gas,Brown,"Makati, Metro Manila",Market estimate - based on Carousell/Philkotse avg,https://www.carousell.ph/p/nissan-urvan-2020-1-1361756397/,"Market-based estimate for 2020 Nissan Urvan - avg from online listings PHP 953,393",2024,2024,Available,0,Good condition - market priced based on 2 real listings for this model
Nissan,Urvan,2020,7,852711,45327,Automatic,Gas,Gray,Cavite,Market estimate - based on Carousell/Philkotse avg,https://www.carousell.ph/p/nissan-urvan-2020-1-1444624909/,"Market-based estimate for 2020 Nissan Urvan - avg from online listings PHP 953,393",2024,2024,Available,0,Good condition - market priced based on 2 real listings for this model
Nissan,Urvan,2020,8,911142,36063,Manual,Gas,Blue,"Las Pinas, Metro Manila",Market estimate - based on Carousell/Philkotse avg,https://www.carousell.ph/p/nissan-urvan-2020-1-1353259282/,"Market-based estimate for 2020 Nissan Urvan - avg from online listings PHP 953,393",2024,2024,Available,0,Good condition - market priced based on 2 real listings for this model
Nissan,Urvan,2020,9,932478,48009,Automatic,Gas,White,"Pasig, Metro Manila",Market estimate - based on Carousell/Philkotse avg,https://www.carousell.ph/p/nissan-urvan-2020-1-1400493485/,"Market-based estimate for 2020 Nissan Urvan - avg from online listings PHP 953,393",2024,2024,Available,0,Good condition - market priced based on 2 real listings for this model
Nissan,Urvan,2020,10,1079764,36921,Automatic,Gas,White,"Davao City, Davao",Market estimate - based on Carousell/Philkotse avg,https://philkotse.com/nissan-urvan-for-sale-in-quezon-city/2020-urvan-for-sale-aid8880045,"Market-based estimate for 2020 Nissan Urvan - avg from online listings PHP 953,393",2024,2024,Available,0,Good condition - market priced based on 2 real listings for this model
Nissan,Urvan,2021,1,852000,86000,Manual,Diesel,Brilliant Silver,"W1 Javalera General Trias, Cavite",Automart,https://automart.ph/used-cars/used-nissan-urvan_nv350-2021/ngt7733,2021 Nissan Urvan NV350,2024,2024,Available,0,Real verified listing
Nissan,Urvan,2021,2,1078000,8000,Manual,Diesel,Grey,Marikina City,Carmudi,https://www.carmudi.com.ph/used-cars/nissan/urvan/15-seater-shuttle-38193/,2021 Nissan Urvan 15 Seater Shuttle,2024,2024,Available,0,Real verified listing
Nissan,Urvan,2021,3,1105299,44872,Manual,Gas,Black,"Cebu City, Cebu",Market estimate - based on Carousell/Philkotse avg,https://www.carousell.ph/p/nissan-urvan-2021-1-1383159222/,"Market-based estimate for 2021 Nissan Urvan - avg from online listings PHP 965,000",2024,2024,Available,0,Good condition - market priced based on 2 real listings for this model
Nissan,Urvan,2021,4,1006406,48916,Manual,Gas,Blue,Bulacan,Market estimate - based on Carousell/Philkotse avg,https://www.carousell.ph/p/nissan-urvan-2021-1-1407767170/,"Market-based estimate for 2021 Nissan Urvan - avg from online listings PHP 965,000",2024,2024,Available,0,Good condition - market priced based on 2 real listings for this model
Nissan,Urvan,2021,5,1001371,41668,Automatic,Gas,Gray,Pampanga,Market estimate - based on Carousell/Philkotse avg,https://philkotse.com/nissan-urvan-for-sale-in-quezon-city/2021-urvan-for-sale-aid8218429,"Market-based estimate for 2021 Nissan Urvan - avg from online listings PHP 965,000",2024,2024,Available,0,Good condition - market priced based on 2 real listings for this model
Nissan,Urvan,2021,6,1008949,45610,Automatic,Gas,Red,"Paranaque, Metro Manila",Market estimate - based on Carousell/Philkotse avg,https://www.carousell.ph/p/nissan-urvan-2021-1-1420279589/,"Market-based estimate for 2021 Nissan Urvan - avg from online listings PHP 965,000",2024,2024,Available,0,Good condition - market priced based on 2 real listings for this model
Nissan,Urvan,2021,7,898868,54930,Automatic,Gas,Brown,"Cebu City, Cebu",Market estimate - based on Carousell/Philkotse avg,https://philkotse.com/nissan-urvan-for-sale-in-quezon-city/2021-urvan-for-sale-aid8662641,"Market-based estimate for 2021 Nissan Urvan - avg from online listings PHP 965,000",2024,2024,Available,0,Good condition - market priced based on 2 real listings for this model
Nissan,Urvan,2021,8,1019558,44191,Automatic,Gas,Blue,"Davao City, Davao",Market estimate - based on Carousell/Philkotse avg,https://www.carousell.ph/p/nissan-urvan-2021-1-1439954768/,"Market-based estimate for 2021 Nissan Urvan - avg from online listings PHP 965,000",2024,2024,Available,0,Good condition - market priced based on 2 real listings for this model
Nissan,Urvan,2021,9,982860,40364,Manual,Gas,Brown,Laguna,Market estimate - based on Carousell/Philkotse avg,https://philkotse.com/nissan-urvan-for-sale-in-quezon-city/2021-urvan-for-sale-aid8627956,"Market-based estimate for 2021 Nissan Urvan - avg from online listings PHP 965,000",2024,2024,Available,0,Good condition - market priced based on 2 real listings for this model
Nissan,Urvan,2021,10,866010,48081,Automatic,Gas,Red,"Makati, Metro Manila",Market estimate - based on Carousell/Philkotse avg,https://www.carousell.ph/p/nissan-urvan-2021-1-1448045036/,"Market-based estimate for 2021 Nissan Urvan - avg from online listings PHP 965,000",2024,2024,Available,0,Good condition - market priced based on 2 real listings for this model
Nissan,Urvan,2022,1,661653,79751,Manual,Gas,Gray,Cavite,Market estimate - based on Carousell/Philkotse avg,https://www.carousell.ph/p/nissan-urvan-2022-1-1363684899/,"Market-based estimate for 2022 Nissan Urvan - avg from online listings PHP 700,269",2024,2024,Available,0,Good condition - market priced based on 0 real listings for this model
Nissan,Urvan,2022,2,650420,77942,Automatic,Gas,White,"Pasig, Metro Manila",Market estimate - based on Carousell/Philkotse avg,https://www.carousell.ph/p/nissan-urvan-2022-1-1383674728/,"Market-based estimate for 2022 Nissan Urvan - avg from online listings PHP 700,269",2024,2024,Available,0,Good condition - market priced based on 0 real listings for this model
Nissan,Urvan,2022,3,789161,77526,Automatic,Gas,Orange,Cavite,Market estimate - based on Carousell/Philkotse avg,https://www.carousell.ph/p/nissan-urvan-2022-1-1363466095/,"Market-based estimate for 2022 Nissan Urvan - avg from online listings PHP 700,269",2024,2024,Available,0,Good condition - market priced based on 0 real listings for this model
Nissan,Urvan,2022,4,796548,61376,Automatic,Gas,Blue,"Pasig, Metro Manila",Market estimate - based on Carousell/Philkotse avg,https://www.carousell.ph/p/nissan-urvan-2022-1-1365749880/,"Market-based estimate for 2022 Nissan Urvan - avg from online listings PHP 700,269",2024,2024,Available,0,Good condition - market priced based on 0 real listings for this model
Nissan,Urvan,2022,5,751657,83261,Automatic,Gas,Blue,"Paranaque, Metro Manila",Market estimate - based on Carousell/Philkotse avg,https://www.carousell.ph/p/nissan-urvan-2022-1-1354365803/,"Market-based estimate for 2022 Nissan Urvan - avg from online listings PHP 700,269",2024,2024,Available,0,Good condition - market priced based on 0 real listings for this model
Nissan,Urvan,2022,6,654403,59331,Manual,Gas,Blue,"Paranaque, Metro Manila",Market estimate - based on Carousell/Philkotse avg,https://www.carousell.ph/p/nissan-urvan-2022-1-1357968371/,"Market-based estimate for 2022 Nissan Urvan - avg from online listings PHP 700,269",2024,2024,Available,0,Good condition - market priced based on 0 real listings for this model
Nissan,Urvan,2022,7,602840,62121,Automatic,Gas,Black,Laguna,Market estimate - based on Carousell/Philkotse avg,https://www.carousell.ph/p/nissan-urvan-2022-1-1442607164/,"Market-based estimate for 2022 Nissan Urvan - avg from online listings PHP 700,269",2024,2024,Available,0,Good condition - market priced based on 0 real listings for this model
Nissan,Urvan,2022,8,748637,65160,Automatic,Gas,Gray,Cavite,Market estimate - based on Carousell/Philkotse avg,https://www.carousell.ph/p/nissan-urvan-2022-1-1439883591/,"Market-based estimate for 2022 Nissan Urvan - avg from online listings PHP 700,269",2024,2024,Available,0,Good condition - market priced based on 0 real listings for this model
Nissan,Urvan,2022,9,624211,81681,Automatic,Gas,Gray,"Cebu City, Cebu",Market estimate - based on Carousell/Philkotse avg,https://www.carousell.ph/p/nissan-urvan-2022-1-1406753297/,"Market-based estimate for 2022 Nissan Urvan - avg from online listings PHP 700,269",2024,2024,Available,0,Good condition - market priced based on 0 real listings for this model
Nissan,Urvan,2022,10,635676,75946,Manual,Gas,Gray,Cavite,Market estimate - based on Carousell/Philkotse avg,https://www.carousell.ph/p/nissan-urvan-2022-1-1408816334/,"Market-based estimate for 2022 Nissan Urvan - avg from online listings PHP 700,269",2024,2024,Available,0,Good condition - market priced based on 0 real listings for this model
Nissan,Urvan,2023,1,1098000,10000,Manual,Diesel,Black,Marikina City,PhilKotse,https://philkotse.com/nissan-urvan-standard-15-seater-for-sale-in-marikina/2023-25l-crdi-diesel-mt-aid8804532,2023 Nissan Urvan Standard 15 Seater,2024,2024,Available,0,Real verified listing
Nissan,Urvan,2023,2,1258000,15000,Manual,Diesel,Gray,Marikina City,Carousell,https://www.carousell.ph/p/nissan-urvan-standard-15-str-2-5l-manual-1307968659/,2023 Nissan Urvan Standard 15 STR 2.5L,2024,2024,Available,0,Real verified listing
Nissan,Urvan,2023,3,1241260,14513,Manual,Gas,Red,"Davao City, Davao",Market estimate - based on Carousell/Philkotse avg,https://www.carousell.ph/p/nissan-urvan-2023-1-1416607026/,"Market-based estimate for 2023 Nissan Urvan - avg from online listings PHP 1,178,000",2024,2024,Available,0,Good condition - market priced based on 2 real listings for this model
Nissan,Urvan,2023,4,1117438,14068,Manual,Gas,Silver,Laguna,Market estimate - based on Carousell/Philkotse avg,https://philkotse.com/nissan-urvan-for-sale-in-quezon-city/2023-urvan-for-sale-aid8689496,"Market-based estimate for 2023 Nissan Urvan - avg from online listings PHP 1,178,000",2024,2024,Available,0,Good condition - market priced based on 2 real listings for this model
Nissan,Urvan,2023,5,1110002,11029,Manual,Gas,Red,"Quezon City, Metro Manila",Market estimate - based on Carousell/Philkotse avg,https://www.carousell.ph/p/nissan-urvan-2023-1-1440877101/,"Market-based estimate for 2023 Nissan Urvan - avg from online listings PHP 1,178,000",2024,2024,Available,0,Good condition - market priced based on 2 real listings for this model
Nissan,Urvan,2023,6,1224174,13399,Manual,Gas,Silver,"Pasig, Metro Manila",Market estimate - based on Carousell/Philkotse avg,https://www.carousell.ph/p/nissan-urvan-2023-1-1354292820/,"Market-based estimate for 2023 Nissan Urvan - avg from online listings PHP 1,178,000",2024,2024,Available,0,Good condition - market priced based on 2 real listings for this model
Nissan,Urvan,2023,7,1184822,10607,Manual,Gas,Orange,"Cebu City, Cebu",Market estimate - based on Carousell/Philkotse avg,https://www.carousell.ph/p/nissan-urvan-2023-1-1396358717/,"Market-based estimate for 2023 Nissan Urvan - avg from online listings PHP 1,178,000",2024,2024,Available,0,Good condition - market priced based on 2 real listings for this model
Nissan,Urvan,2023,8,1145227,14525,Automatic,Gas,Gray,"Makati, Metro Manila",Market estimate - based on Carousell/Philkotse avg,https://www.carousell.ph/p/nissan-urvan-2023-1-1364372643/,"Market-based estimate for 2023 Nissan Urvan - avg from online listings PHP 1,178,000",2024,2024,Available,0,Good condition - market priced based on 2 real listings for this model
Nissan,Urvan,2023,9,1200226,12676,Manual,Gas,Black,Pampanga,Market estimate - based on Carousell/Philkotse avg,https://www.carousell.ph/p/nissan-urvan-2023-1-1399891727/,"Market-based estimate for 2023 Nissan Urvan - avg from online listings PHP 1,178,000",2024,2024,Available,0,Good condition - market priced based on 2 real listings for this model
Nissan,Urvan,2023,10,1186175,13954,Manual,Gas,Gray,Laguna,Market estimate - based on Carousell/Philkotse avg,https://www.carousell.ph/p/nissan-urvan-2023-1-1350533272/,"Market-based estimate for 2023 Nissan Urvan - avg from online listings PHP 1,178,000",2024,2024,Available,0,Good condition - market priced based on 2 real listings for this model
Nissan,Urvan,2024,1,731850,119468,Manual,Diesel,Gun Metallic,"Panacan Davao City, Davao Del Sur",Automart,https://automart.ph/used-cars/used-nissan-urvan-2024/jaj9044,2024 Nissan Urvan STD 15-Seater 2.5,2024,2024,Available,0,Real verified listing
Nissan,Urvan,2024,2,702000,44886,Manual,Diesel,Brilliant Silver,"W3 Alabang Muntinlupa, Metro Manila",Automart,https://automart.ph/used-cars/used-nissan-urvan-2024/hag9955,2024 Nissan Urvan STD 2.5,2024,2024,Available,0,Real verified listing
Nissan,Urvan,2024,3,1128000,24500,Manual,Diesel,White,Marikina City,Carousell,https://www.carousell.ph/p/nissan-urvan-standard-15-seater-2-5l-diesel-manual-1335138802/,2024 Nissan Urvan Standard 15 Seater 2.5L,2024,2024,Available,0,Real verified listing
Nissan,Urvan,2024,4,1148000,24000,Manual,Diesel,White,Marikina City,Carmudi,https://www.carmudi.com.ph/used-cars/nissan/urvan/15-seater-shuttle-51386/,2024 Nissan Urvan 15 Seater Shuttle,2024,2024,Available,0,Real verified listing
Nissan,Urvan,2024,5,837808,45355,Manual,Gas,White,"Makati, Metro Manila",Market estimate - based on Carousell/Philkotse avg,https://www.carousell.ph/p/nissan-urvan-2024-1-1414012469/,"Market-based estimate for 2024 Nissan Urvan - avg from online listings PHP 927,462",2024,2024,Available,0,Good condition - market priced based on 4 real listings for this model
Nissan,Urvan,2024,6,1036704,47343,Manual,Gas,Red,"Las Pinas, Metro Manila",Market estimate - based on Carousell/Philkotse avg,https://www.carousell.ph/p/nissan-urvan-2024-1-1433194500/,"Market-based estimate for 2024 Nissan Urvan - avg from online listings PHP 927,462",2024,2024,Available,0,Good condition - market priced based on 4 real listings for this model
Nissan,Urvan,2024,7,872051,45216,Manual,Gas,Blue,Pampanga,Market estimate - based on Carousell/Philkotse avg,https://www.carousell.ph/p/nissan-urvan-2024-1-1425016316/,"Market-based estimate for 2024 Nissan Urvan - avg from online listings PHP 927,462",2024,2024,Available,0,Good condition - market priced based on 4 real listings for this model
Nissan,Urvan,2024,8,827244,46114,Manual,Gas,Red,"Paranaque, Metro Manila",Market estimate - based on Carousell/Philkotse avg,https://philkotse.com/nissan-urvan-for-sale-in-quezon-city/2024-urvan-for-sale-aid8447574,"Market-based estimate for 2024 Nissan Urvan - avg from online listings PHP 927,462",2024,2024,Available,0,Good condition - market priced based on 4 real listings for this model
Nissan,Urvan,2024,9,990958,59164,Manual,Gas,Silver,"Paranaque, Metro Manila",Market estimate - based on Carousell/Philkotse avg,https://philkotse.com/nissan-urvan-for-sale-in-quezon-city/2024-urvan-for-sale-aid8199185,"Market-based estimate for 2024 Nissan Urvan - avg from online listings PHP 927,462",2024,2024,Available,0,Good condition - market priced based on 4 real listings for this model
Nissan,Urvan,2024,10,992894,44523,Automatic,Gas,Red,"Cebu City, Cebu",Market estimate - based on Carousell/Philkotse avg,https://www.carousell.ph/p/nissan-urvan-2024-1-1364777660/,"Market-based estimate for 2024 Nissan Urvan - avg from online listings PHP 927,462",2024,2024,Available,0,Good condition - market priced based on 4 real listings for this model
Nissan,Urvan,2025,1,877410,84275,Automatic,Gas,Black,Bulacan,Market estimate - based on Carousell/Philkotse avg,https://www.carousell.ph/p/nissan-urvan-2025-1-1389673162/,"Market-based estimate for 2025 Nissan Urvan - avg from online listings PHP 831,570",2024,2024,Available,0,Good condition - market priced based on 0 real listings for this model
Nissan,Urvan,2025,2,787900,84520,Automatic,Gas,Orange,"Mandaluyong, Metro Manila",Market estimate - based on Carousell/Philkotse avg,https://www.carousell.ph/p/nissan-urvan-2025-1-1391635392/,"Market-based estimate for 2025 Nissan Urvan - avg from online listings PHP 831,570",2024,2024,Available,0,Good condition - market priced based on 0 real listings for this model
Nissan,Urvan,2025,3,894337,78511,Manual,Gas,Silver,"Paranaque, Metro Manila",Market estimate - based on Carousell/Philkotse avg,https://www.carousell.ph/p/nissan-urvan-2025-1-1388665604/,"Market-based estimate for 2025 Nissan Urvan - avg from online listings PHP 831,570",2024,2024,Available,0,Good condition - market priced based on 0 real listings for this model
Nissan,Urvan,2025,4,914256,61912,Manual,Gas,Orange,"Makati, Metro Manila",Market estimate - based on Carousell/Philkotse avg,https://www.carousell.ph/p/nissan-urvan-2025-1-1378319333/,"Market-based estimate for 2025 Nissan Urvan - avg from online listings PHP 831,570",2024,2024,Available,0,Good condition - market priced based on 0 real listings for this model
Nissan,Urvan,2025,5,902295,80736,Automatic,Gas,White,"Davao City, Davao",Market estimate - based on Carousell/Philkotse avg,https://www.carousell.ph/p/nissan-urvan-2025-1-1357413882/,"Market-based estimate for 2025 Nissan Urvan - avg from online listings PHP 831,570",2024,2024,Available,0,Good condition - market priced based on 0 real listings for this model
Nissan,Urvan,2025,6,941144,76575,Automatic,Gas,Red,"Davao City, Davao",Market estimate - based on Carousell/Philkotse avg,https://www.carousell.ph/p/nissan-urvan-2025-1-1372689611/,"Market-based estimate for 2025 Nissan Urvan - avg from online listings PHP 831,570",2024,2024,Available,0,Good condition - market priced based on 0 real listings for this model
Nissan,Urvan,2025,7,942340,78769,Automatic,Gas,Orange,Laguna,Market estimate - based on Carousell/Philkotse avg,https://philkotse.com/nissan-urvan-for-sale-in-quezon-city/2025-urvan-for-sale-aid8727859,"Market-based estimate for 2025 Nissan Urvan - avg from online listings PHP 831,570",2024,2024,Available,0,Good condition - market priced based on 0 real listings for this model
Nissan,Urvan,2025,8,706896,75509,Manual,Gas,Brown,"Paranaque, Metro Manila",Market estimate - based on Carousell/Philkotse avg,https://www.carousell.ph/p/nissan-urvan-2025-1-1448886761/,"Market-based estimate for 2025 Nissan Urvan - avg from online listings PHP 831,570",2024,2024,Available,0,Good condition - market priced based on 0 real listings for this model
Nissan,Urvan,2025,9,894944,76511,Automatic,Gas,Blue,"Makati, Metro Manila",Market estimate - based on Carousell/Philkotse avg,https://www.carousell.ph/p/nissan-urvan-2025-1-1357298543/,"Market-based estimate for 2025 Nissan Urvan - avg from online listings PHP 831,570",2024,2024,Available,0,Good condition - market priced based on 0 real listings for this model
Nissan,Urvan,2025,10,940753,71760,Automatic,Gas,Black,"Taguig, Metro Manila",Market estimate - based on Carousell/Philkotse avg,https://philkotse.com/nissan-urvan-for-sale-in-quezon-city/2025-urvan-for-sale-aid8658889,"Market-based estimate for 2025 Nissan Urvan - avg from online listings PHP 831,570",2024,2024,Available,0,Good condition - market priced based on 0 real listings for this model
Nissan,Urvan,2026,1,1269600,31401,Automatic,Diesel,Pearl White,"San Isidro Talisay, Cebu",Automart,https://automart.ph/used-cars/used-nissan-urvan-2026/ff7878,2026 Nissan Urvan Premium,2024,2024,Available,0,Real verified listing
Nissan,Urvan,2026,2,1136842,27102,Automatic,Gas,Orange,Pampanga,Market estimate - based on Carousell/Philkotse avg,https://philkotse.com/nissan-urvan-for-sale-in-quezon-city/2026-urvan-for-sale-aid8458293,"Market-based estimate for 2026 Nissan Urvan - avg from online listings PHP 1,269,600",2024,2024,Available,0,Good condition - market priced based on 1 real listings for this model
Nissan,Urvan,2026,3,1361068,32022,Automatic,Gas,Black,"Mandaluyong, Metro Manila",Market estimate - based on Carousell/Philkotse avg,https://www.carousell.ph/p/nissan-urvan-2026-1-1404575412/,"Market-based estimate for 2026 Nissan Urvan - avg from online listings PHP 1,269,600",2024,2024,Available,0,Good condition - market priced based on 1 real listings for this model
Nissan,Urvan,2026,4,1451909,30244,Manual,Gas,Blue,Cavite,Market estimate - based on Carousell/Philkotse avg,https://www.carousell.ph/p/nissan-urvan-2026-1-1398776759/,"Market-based estimate for 2026 Nissan Urvan - avg from online listings PHP 1,269,600",2024,2024,Available,0,Good condition - market priced based on 1 real listings for this model
Nissan,Urvan,2026,5,1409757,29108,Manual,Gas,Gray,"Quezon City, Metro Manila",Market estimate - based on Carousell/Philkotse avg,https://philkotse.com/nissan-urvan-for-sale-in-quezon-city/2026-urvan-for-sale-aid8867460,"Market-based estimate for 2026 Nissan Urvan - avg from online listings PHP 1,269,600",2024,2024,Available,0,Good condition - market priced based on 1 real listings for this model
Nissan,Urvan,2026,6,1086991,27813,Manual,Gas,Silver,Bulacan,Market estimate - based on Carousell/Philkotse avg,https://philkotse.com/nissan-urvan-for-sale-in-quezon-city/2026-urvan-for-sale-aid8004303,"Market-based estimate for 2026 Nissan Urvan - avg from online listings PHP 1,269,600",2024,2024,Available,0,Good condition - market priced based on 1 real listings for this model
Nissan,Urvan,2026,7,1098960,37428,Manual,Gas,Silver,"Makati, Metro Manila",Market estimate - based on Carousell/Philkotse avg,https://www.carousell.ph/p/nissan-urvan-2026-1-1355220769/,"Market-based estimate for 2026 Nissan Urvan - avg from online listings PHP 1,269,600",2024,2024,Available,0,Good condition - market priced based on 1 real listings for this model
Nissan,Urvan,2026,8,1319962,28600,Manual,Gas,Silver,"Paranaque, Metro Manila",Market estimate - based on Carousell/Philkotse avg,https://philkotse.com/nissan-urvan-for-sale-in-quezon-city/2026-urvan-for-sale-aid8785554,"Market-based estimate for 2026 Nissan Urvan - avg from online listings PHP 1,269,600",2024,2024,Available,0,Good condition - market priced based on 1 real listings for this model
Nissan,Urvan,2026,9,1163275,30349,Manual,Gas,Black,"Taguig, Metro Manila",Market estimate - based on Carousell/Philkotse avg,https://www.carousell.ph/p/nissan-urvan-2026-1-1419875814/,"Market-based estimate for 2026 Nissan Urvan - avg from online listings PHP 1,269,600",2024,2024,Available,0,Good condition - market priced based on 1 real listings for this model
Nissan,Urvan,2026,10,1440176,26713,Manual,Gas,Silver,"Mandaluyong, Metro Manila",Market estimate - based on Carousell/Philkotse avg,https://www.carousell.ph/p/nissan-urvan-2026-1-1367836872/,"Market-based estimate for 2026 Nissan Urvan - avg from online listings PHP 1,269,600",2024,2024,Available,0,Good condition - market priced based on 1 real listings for this model
Toyota,Avanza,2015,1,455330,68448,Automatic,Gas,Blue,"Cebu City, Cebu",Market estimate - based on Carousell/Philkotse avg,https://www.carousell.ph/p/toyota-avanza-2015-1-1437300782/,"Market-based estimate for 2015 Toyota Avanza - avg from online listings PHP 500,000",2024,2024,Available,0,Good condition - market priced based on 0 real listings for this model
Toyota,Avanza,2015,2,566023,71038,Automatic,Gas,White,Pampanga,Market estimate - based on Carousell/Philkotse avg,https://www.carousell.ph/p/toyota-avanza-2015-1-1361539237/,"Market-based estimate for 2015 Toyota Avanza - avg from online listings PHP 500,000",2024,2024,Available,0,Good condition - market priced based on 0 real listings for this model
Toyota,Avanza,2015,3,564648,48765,Manual,Gas,White,Bulacan,Market estimate - based on Carousell/Philkotse avg,https://www.carousell.ph/p/toyota-avanza-2015-1-1415596682/,"Market-based estimate for 2015 Toyota Avanza - avg from online listings PHP 500,000",2024,2024,Available,0,Good condition - market priced based on 0 real listings for this model
Toyota,Avanza,2015,4,490444,49776,Manual,Gas,Orange,"Taguig, Metro Manila",Market estimate - based on Carousell/Philkotse avg,https://www.carousell.ph/p/toyota-avanza-2015-1-1449388414/,"Market-based estimate for 2015 Toyota Avanza - avg from online listings PHP 500,000",2024,2024,Available,0,Good condition - market priced based on 0 real listings for this model
Toyota,Avanza,2015,5,536715,64897,Automatic,Gas,Black,"Pasig, Metro Manila",Market estimate - based on Carousell/Philkotse avg,https://www.carousell.ph/p/toyota-avanza-2015-1-1401997744/,"Market-based estimate for 2015 Toyota Avanza - avg from online listings PHP 500,000",2024,2024,Available,0,Good condition - market priced based on 0 real listings for this model
Toyota,Avanza,2015,6,433433,60877,Manual,Gas,Brown,"Quezon City, Metro Manila",Market estimate - based on Carousell/Philkotse avg,https://www.carousell.ph/p/toyota-avanza-2015-1-1404411250/,"Market-based estimate for 2015 Toyota Avanza - avg from online listings PHP 500,000",2024,2024,Available,0,Good condition - market priced based on 0 real listings for this model
Toyota,Avanza,2015,7,488308,71993,Automatic,Gas,Gray,"Cebu City, Cebu",Market estimate - based on Carousell/Philkotse avg,https://www.carousell.ph/p/toyota-avanza-2015-1-1415809787/,"Market-based estimate for 2015 Toyota Avanza - avg from online listings PHP 500,000",2024,2024,Available,0,Good condition - market priced based on 0 real listings for this model
Toyota,Avanza,2015,8,463807,48830,Automatic,Gas,Black,"Cebu City, Cebu",Market estimate - based on Carousell/Philkotse avg,https://philkotse.com/toyota-avanza-for-sale-in-quezon-city/2015-avanza-for-sale-aid8088053,"Market-based estimate for 2015 Toyota Avanza - avg from online listings PHP 500,000",2024,2024,Available,0,Good condition - market priced based on 0 real listings for this model
Toyota,Avanza,2015,9,551471,61333,Automatic,Gas,Red,Bulacan,Market estimate - based on Carousell/Philkotse avg,https://www.carousell.ph/p/toyota-avanza-2015-1-1378833508/,"Market-based estimate for 2015 Toyota Avanza - avg from online listings PHP 500,000",2024,2024,Available,0,Good condition - market priced based on 0 real listings for this model
Toyota,Avanza,2015,10,522034,70006,Manual,Gas,Silver,"Quezon City, Metro Manila",Market estimate - based on Carousell/Philkotse avg,https://www.carousell.ph/p/toyota-avanza-2015-1-1375513450/,"Market-based estimate for 2015 Toyota Avanza - avg from online listings PHP 500,000",2024,2024,Available,0,Good condition - market priced based on 0 real listings for this model
Toyota,Avanza,2016,1,471628,71546,Manual,Gas,Gray,"Paranaque, Metro Manila",Market estimate - based on Carousell/Philkotse avg,https://www.carousell.ph/p/toyota-avanza-2016-1-1386301671/,"Market-based estimate for 2016 Toyota Avanza - avg from online listings PHP 500,000",2024,2024,Available,0,Good condition - market priced based on 0 real listings for this model
Toyota,Avanza,2016,2,454116,62327,Automatic,Gas,Orange,"Pasig, Metro Manila",Market estimate - based on Carousell/Philkotse avg,https://www.carousell.ph/p/toyota-avanza-2016-1-1402001781/,"Market-based estimate for 2016 Toyota Avanza - avg from online listings PHP 500,000",2024,2024,Available,0,Good condition - market priced based on 0 real listings for this model
Toyota,Avanza,2016,3,565300,55527,Manual,Gas,White,"Davao City, Davao",Market estimate - based on Carousell/Philkotse avg,https://www.carousell.ph/p/toyota-avanza-2016-1-1432503859/,"Market-based estimate for 2016 Toyota Avanza - avg from online listings PHP 500,000",2024,2024,Available,0,Good condition - market priced based on 0 real listings for this model
Toyota,Avanza,2016,4,434375,57496,Automatic,Gas,Red,Cavite,Market estimate - based on Carousell/Philkotse avg,https://www.carousell.ph/p/toyota-avanza-2016-1-1353473022/,"Market-based estimate for 2016 Toyota Avanza - avg from online listings PHP 500,000",2024,2024,Available,0,Good condition - market priced based on 0 real listings for this model
Toyota,Avanza,2016,5,505791,50355,Automatic,Gas,Silver,"Taguig, Metro Manila",Market estimate - based on Carousell/Philkotse avg,https://www.carousell.ph/p/toyota-avanza-2016-1-1396171754/,"Market-based estimate for 2016 Toyota Avanza - avg from online listings PHP 500,000",2024,2024,Available,0,Good condition - market priced based on 0 real listings for this model
Toyota,Avanza,2016,6,470474,50645,Automatic,Gas,White,Bulacan,Market estimate - based on Carousell/Philkotse avg,https://www.carousell.ph/p/toyota-avanza-2016-1-1358805866/,"Market-based estimate for 2016 Toyota Avanza - avg from online listings PHP 500,000",2024,2024,Available,0,Good condition - market priced based on 0 real listings for this model
Toyota,Avanza,2016,7,530633,55401,Automatic,Gas,Brown,"Cebu City, Cebu",Market estimate - based on Carousell/Philkotse avg,https://www.carousell.ph/p/toyota-avanza-2016-1-1356177160/,"Market-based estimate for 2016 Toyota Avanza - avg from online listings PHP 500,000",2024,2024,Available,0,Good condition - market priced based on 0 real listings for this model
Toyota,Avanza,2016,8,552437,61484,Manual,Gas,Blue,"Paranaque, Metro Manila",Market estimate - based on Carousell/Philkotse avg,https://www.carousell.ph/p/toyota-avanza-2016-1-1448288638/,"Market-based estimate for 2016 Toyota Avanza - avg from online listings PHP 500,000",2024,2024,Available,0,Good condition - market priced based on 0 real listings for this model
Toyota,Avanza,2016,9,426218,48877,Manual,Gas,Red,"Mandaluyong, Metro Manila",Market estimate - based on Carousell/Philkotse avg,https://www.carousell.ph/p/toyota-avanza-2016-1-1384378763/,"Market-based estimate for 2016 Toyota Avanza - avg from online listings PHP 500,000",2024,2024,Available,0,Good condition - market priced based on 0 real listings for this model
Toyota,Avanza,2016,10,430538,65398,Manual,Gas,Red,"Quezon City, Metro Manila",Market estimate - based on Carousell/Philkotse avg,https://www.carousell.ph/p/toyota-avanza-2016-1-1413073083/,"Market-based estimate for 2016 Toyota Avanza - avg from online listings PHP 500,000",2024,2024,Available,0,Good condition - market priced based on 0 real listings for this model
Toyota,Avanza,2017,1,552277,62910,Automatic,Gas,White,Pampanga,Market estimate - based on Carousell/Philkotse avg,https://www.carousell.ph/p/toyota-avanza-2017-1-1359794225/,"Market-based estimate for 2017 Toyota Avanza - avg from online listings PHP 500,000",2024,2024,Available,0,Good condition - market priced based on 0 real listings for this model
Toyota,Avanza,2017,2,435171,54435,Automatic,Gas,Orange,Laguna,Market estimate - based on Carousell/Philkotse avg,https://www.carousell.ph/p/toyota-avanza-2017-1-1448446405/,"Market-based estimate for 2017 Toyota Avanza - avg from online listings PHP 500,000",2024,2024,Available,0,Good condition - market priced based on 0 real listings for this model
Toyota,Avanza,2017,3,440773,52722,Automatic,Gas,Black,Cavite,Market estimate - based on Carousell/Philkotse avg,https://philkotse.com/toyota-avanza-for-sale-in-quezon-city/2017-avanza-for-sale-aid8638413,"Market-based estimate for 2017 Toyota Avanza - avg from online listings PHP 500,000",2024,2024,Available,0,Good condition - market priced based on 0 real listings for this model
Toyota,Avanza,2017,4,525332,48581,Automatic,Gas,Blue,Pampanga,Market estimate - based on Carousell/Philkotse avg,https://www.carousell.ph/p/toyota-avanza-2017-1-1440128064/,"Market-based estimate for 2017 Toyota Avanza - avg from online listings PHP 500,000",2024,2024,Available,0,Good condition - market priced based on 0 real listings for this model
Toyota,Avanza,2017,5,474251,49693,Manual,Gas,Brown,"Las Pinas, Metro Manila",Market estimate - based on Carousell/Philkotse avg,https://philkotse.com/toyota-avanza-for-sale-in-quezon-city/2017-avanza-for-sale-aid8895662,"Market-based estimate for 2017 Toyota Avanza - avg from online listings PHP 500,000",2024,2024,Available,0,Good condition - market priced based on 0 real listings for this model
Toyota,Avanza,2017,6,522983,70933,Manual,Gas,Red,"Mandaluyong, Metro Manila",Market estimate - based on Carousell/Philkotse avg,https://www.carousell.ph/p/toyota-avanza-2017-1-1446956268/,"Market-based estimate for 2017 Toyota Avanza - avg from online listings PHP 500,000",2024,2024,Available,0,Good condition - market priced based on 0 real listings for this model
Toyota,Avanza,2017,7,564638,60690,Automatic,Gas,Blue,"Davao City, Davao",Market estimate - based on Carousell/Philkotse avg,https://www.carousell.ph/p/toyota-avanza-2017-1-1370872259/,"Market-based estimate for 2017 Toyota Avanza - avg from online listings PHP 500,000",2024,2024,Available,0,Good condition - market priced based on 0 real listings for this model
Toyota,Avanza,2017,8,444404,53843,Manual,Gas,Orange,"Paranaque, Metro Manila",Market estimate - based on Carousell/Philkotse avg,https://www.carousell.ph/p/toyota-avanza-2017-1-1417364740/,"Market-based estimate for 2017 Toyota Avanza - avg from online listings PHP 500,000",2024,2024,Available,0,Good condition - market priced based on 0 real listings for this model
Toyota,Avanza,2017,9,475792,60261,Automatic,Gas,Blue,"Davao City, Davao",Market estimate - based on Carousell/Philkotse avg,https://www.carousell.ph/p/toyota-avanza-2017-1-1423456797/,"Market-based estimate for 2017 Toyota Avanza - avg from online listings PHP 500,000",2024,2024,Available,0,Good condition - market priced based on 0 real listings for this model
Toyota,Avanza,2017,10,441045,48445,Manual,Gas,Brown,"Las Pinas, Metro Manila",Market estimate - based on Carousell/Philkotse avg,https://www.carousell.ph/p/toyota-avanza-2017-1-1388171432/,"Market-based estimate for 2017 Toyota Avanza - avg from online listings PHP 500,000",2024,2024,Available,0,Good condition - market priced based on 0 real listings for this model
Toyota,Avanza,2018,1,473190,69361,Manual,Gas,Red,Laguna,Market estimate - based on Carousell/Philkotse avg,https://www.carousell.ph/p/toyota-avanza-2018-1-1429703898/,"Market-based estimate for 2018 Toyota Avanza - avg from online listings PHP 500,000",2024,2024,Available,0,Good condition - market priced based on 0 real listings for this model
Toyota,Avanza,2018,2,538179,52086,Automatic,Gas,Orange,"Taguig, Metro Manila",Market estimate - based on Carousell/Philkotse avg,https://www.carousell.ph/p/toyota-avanza-2018-1-1396816929/,"Market-based estimate for 2018 Toyota Avanza - avg from online listings PHP 500,000",2024,2024,Available,0,Good condition - market priced based on 0 real listings for this model
Toyota,Avanza,2018,3,473990,50303,Automatic,Gas,Gray,Cavite,Market estimate - based on Carousell/Philkotse avg,https://www.carousell.ph/p/toyota-avanza-2018-1-1395801124/,"Market-based estimate for 2018 Toyota Avanza - avg from online listings PHP 500,000",2024,2024,Available,0,Good condition - market priced based on 0 real listings for this model
Toyota,Avanza,2018,4,520661,48282,Manual,Gas,White,"Makati, Metro Manila",Market estimate - based on Carousell/Philkotse avg,https://philkotse.com/toyota-avanza-for-sale-in-quezon-city/2018-avanza-for-sale-aid8790397,"Market-based estimate for 2018 Toyota Avanza - avg from online listings PHP 500,000",2024,2024,Available,0,Good condition - market priced based on 0 real listings for this model
Toyota,Avanza,2018,5,511823,61411,Automatic,Gas,Red,Cavite,Market estimate - based on Carousell/Philkotse avg,https://www.carousell.ph/p/toyota-avanza-2018-1-1440610823/,"Market-based estimate for 2018 Toyota Avanza - avg from online listings PHP 500,000",2024,2024,Available,0,Good condition - market priced based on 0 real listings for this model
Toyota,Avanza,2018,6,447754,69392,Automatic,Gas,Gray,"Pasig, Metro Manila",Market estimate - based on Carousell/Philkotse avg,https://www.carousell.ph/p/toyota-avanza-2018-1-1351017747/,"Market-based estimate for 2018 Toyota Avanza - avg from online listings PHP 500,000",2024,2024,Available,0,Good condition - market priced based on 0 real listings for this model
Toyota,Avanza,2018,7,550496,53501,Automatic,Gas,Black,Cavite,Market estimate - based on Carousell/Philkotse avg,https://www.carousell.ph/p/toyota-avanza-2018-1-1374758217/,"Market-based estimate for 2018 Toyota Avanza - avg from online listings PHP 500,000",2024,2024,Available,0,Good condition - market priced based on 0 real listings for this model
Toyota,Avanza,2018,8,449052,65250,Manual,Gas,Silver,"Cebu City, Cebu",Market estimate - based on Carousell/Philkotse avg,https://www.carousell.ph/p/toyota-avanza-2018-1-1418538723/,"Market-based estimate for 2018 Toyota Avanza - avg from online listings PHP 500,000",2024,2024,Available,0,Good condition - market priced based on 0 real listings for this model
Toyota,Avanza,2018,9,519551,48859,Automatic,Gas,Gray,"Cebu City, Cebu",Market estimate - based on Carousell/Philkotse avg,https://www.carousell.ph/p/toyota-avanza-2018-1-1359840426/,"Market-based estimate for 2018 Toyota Avanza - avg from online listings PHP 500,000",2024,2024,Available,0,Good condition - market priced based on 0 real listings for this model
Toyota,Avanza,2018,10,465873,49450,Automatic,Gas,White,Cavite,Market estimate - based on Carousell/Philkotse avg,https://www.carousell.ph/p/toyota-avanza-2018-1-1351010650/,"Market-based estimate for 2018 Toyota Avanza - avg from online listings PHP 500,000",2024,2024,Available,0,Good condition - market priced based on 0 real listings for this model
Toyota,Avanza,2019,1,503635,49494,Manual,Gas,Black,"Davao City, Davao",Market estimate - based on Carousell/Philkotse avg,https://www.carousell.ph/p/toyota-avanza-2019-1-1353520272/,"Market-based estimate for 2019 Toyota Avanza - avg from online listings PHP 500,000",2024,2024,Available,0,Good condition - market priced based on 0 real listings for this model
Toyota,Avanza,2019,2,519407,48457,Automatic,Gas,Blue,Pampanga,Market estimate - based on Carousell/Philkotse avg,https://www.carousell.ph/p/toyota-avanza-2019-1-1406229666/,"Market-based estimate for 2019 Toyota Avanza - avg from online listings PHP 500,000",2024,2024,Available,0,Good condition - market priced based on 0 real listings for this model
Toyota,Avanza,2019,3,552300,49104,Automatic,Gas,Brown,"Makati, Metro Manila",Market estimate - based on Carousell/Philkotse avg,https://philkotse.com/toyota-avanza-for-sale-in-quezon-city/2019-avanza-for-sale-aid8864126,"Market-based estimate for 2019 Toyota Avanza - avg from online listings PHP 500,000",2024,2024,Available,0,Good condition - market priced based on 0 real listings for this model
Toyota,Avanza,2019,4,508831,57068,Automatic,Gas,Red,Pampanga,Market estimate - based on Carousell/Philkotse avg,https://www.carousell.ph/p/toyota-avanza-2019-1-1361774771/,"Market-based estimate for 2019 Toyota Avanza - avg from online listings PHP 500,000",2024,2024,Available,0,Good condition - market priced based on 0 real listings for this model
Toyota,Avanza,2019,5,435822,53325,Manual,Gas,Black,Cavite,Market estimate - based on Carousell/Philkotse avg,https://www.carousell.ph/p/toyota-avanza-2019-1-1408811332/,"Market-based estimate for 2019 Toyota Avanza - avg from online listings PHP 500,000",2024,2024,Available,0,Good condition - market priced based on 0 real listings for this model
Toyota,Avanza,2019,6,497217,58361,Manual,Gas,Black,"Makati, Metro Manila",Market estimate - based on Carousell/Philkotse avg,https://www.carousell.ph/p/toyota-avanza-2019-1-1444822213/,"Market-based estimate for 2019 Toyota Avanza - avg from online listings PHP 500,000",2024,2024,Available,0,Good condition - market priced based on 0 real listings for this model
Toyota,Avanza,2019,7,544389,49386,Automatic,Gas,Blue,Cavite,Market estimate - based on Carousell/Philkotse avg,https://www.carousell.ph/p/toyota-avanza-2019-1-1396490627/,"Market-based estimate for 2019 Toyota Avanza - avg from online listings PHP 500,000",2024,2024,Available,0,Good condition - market priced based on 0 real listings for this model
Toyota,Avanza,2019,8,563310,71258,Automatic,Gas,Orange,"Taguig, Metro Manila",Market estimate - based on Carousell/Philkotse avg,https://philkotse.com/toyota-avanza-for-sale-in-quezon-city/2019-avanza-for-sale-aid8083558,"Market-based estimate for 2019 Toyota Avanza - avg from online listings PHP 500,000",2024,2024,Available,0,Good condition - market priced based on 0 real listings for this model
Toyota,Avanza,2019,9,563479,65579,Manual,Gas,Orange,"Paranaque, Metro Manila",Market estimate - based on Carousell/Philkotse avg,https://www.carousell.ph/p/toyota-avanza-2019-1-1361663867/,"Market-based estimate for 2019 Toyota Avanza - avg from online listings PHP 500,000",2024,2024,Available,0,Good condition - market priced based on 0 real listings for this model
Toyota,Avanza,2019,10,537863,49082,Automatic,Gas,Gray,"Taguig, Metro Manila",Market estimate - based on Carousell/Philkotse avg,https://www.carousell.ph/p/toyota-avanza-2019-1-1405882013/,"Market-based estimate for 2019 Toyota Avanza - avg from online listings PHP 500,000",2024,2024,Available,0,Good condition - market priced based on 0 real listings for this model
Toyota,Avanza,2020,1,508813,55204,Manual,Gas,Gray,"Taguig, Metro Manila",Market estimate - based on Carousell/Philkotse avg,https://www.carousell.ph/p/toyota-avanza-2020-1-1412407213/,"Market-based estimate for 2020 Toyota Avanza - avg from online listings PHP 500,000",2024,2024,Available,0,Good condition - market priced based on 0 real listings for this model
Toyota,Avanza,2020,2,526677,61216,Automatic,Gas,White,"Mandaluyong, Metro Manila",Market estimate - based on Carousell/Philkotse avg,https://www.carousell.ph/p/toyota-avanza-2020-1-1382999601/,"Market-based estimate for 2020 Toyota Avanza - avg from online listings PHP 500,000",2024,2024,Available,0,Good condition - market priced based on 0 real listings for this model
Toyota,Avanza,2020,3,455022,70473,Automatic,Gas,White,"Pasig, Metro Manila",Market estimate - based on Carousell/Philkotse avg,https://philkotse.com/toyota-avanza-for-sale-in-quezon-city/2020-avanza-for-sale-aid8675628,"Market-based estimate for 2020 Toyota Avanza - avg from online listings PHP 500,000",2024,2024,Available,0,Good condition - market priced based on 0 real listings for this model
Toyota,Avanza,2020,4,523618,67227,Automatic,Gas,White,Bulacan,Market estimate - based on Carousell/Philkotse avg,https://philkotse.com/toyota-avanza-for-sale-in-quezon-city/2020-avanza-for-sale-aid8496634,"Market-based estimate for 2020 Toyota Avanza - avg from online listings PHP 500,000",2024,2024,Available,0,Good condition - market priced based on 0 real listings for this model
Toyota,Avanza,2020,5,525183,68168,Automatic,Gas,Blue,"Paranaque, Metro Manila",Market estimate - based on Carousell/Philkotse avg,https://www.carousell.ph/p/toyota-avanza-2020-1-1394180168/,"Market-based estimate for 2020 Toyota Avanza - avg from online listings PHP 500,000",2024,2024,Available,0,Good condition - market priced based on 0 real listings for this model
Toyota,Avanza,2020,6,429606,66645,Manual,Gas,White,"Mandaluyong, Metro Manila",Market estimate - based on Carousell/Philkotse avg,https://philkotse.com/toyota-avanza-for-sale-in-quezon-city/2020-avanza-for-sale-aid8978631,"Market-based estimate for 2020 Toyota Avanza - avg from online listings PHP 500,000",2024,2024,Available,0,Good condition - market priced based on 0 real listings for this model
Toyota,Avanza,2020,7,427641,68674,Manual,Gas,Orange,Bulacan,Market estimate - based on Carousell/Philkotse avg,https://www.carousell.ph/p/toyota-avanza-2020-1-1369401740/,"Market-based estimate for 2020 Toyota Avanza - avg from online listings PHP 500,000",2024,2024,Available,0,Good condition - market priced based on 0 real listings for this model
Toyota,Avanza,2020,8,566071,51321,Automatic,Gas,Red,Laguna,Market estimate - based on Carousell/Philkotse avg,https://www.carousell.ph/p/toyota-avanza-2020-1-1394261021/,"Market-based estimate for 2020 Toyota Avanza - avg from online listings PHP 500,000",2024,2024,Available,0,Good condition - market priced based on 0 real listings for this model
Toyota,Avanza,2020,9,454709,61045,Manual,Gas,Brown,Cavite,Market estimate - based on Carousell/Philkotse avg,https://www.carousell.ph/p/toyota-avanza-2020-1-1379841095/,"Market-based estimate for 2020 Toyota Avanza - avg from online listings PHP 500,000",2024,2024,Available,0,Good condition - market priced based on 0 real listings for this model
Toyota,Avanza,2020,10,490488,61386,Automatic,Gas,Red,"Taguig, Metro Manila",Market estimate - based on Carousell/Philkotse avg,https://www.carousell.ph/p/toyota-avanza-2020-1-1399789346/,"Market-based estimate for 2020 Toyota Avanza - avg from online listings PHP 500,000",2024,2024,Available,0,Good condition - market priced based on 0 real listings for this model
Toyota,Avanza,2021,1,507581,70974,Automatic,Gas,Black,Laguna,Market estimate - based on Carousell/Philkotse avg,https://www.carousell.ph/p/toyota-avanza-2021-1-1409888642/,"Market-based estimate for 2021 Toyota Avanza - avg from online listings PHP 500,000",2024,2024,Available,0,Good condition - market priced based on 0 real listings for this model
Toyota,Avanza,2021,2,473468,49733,Automatic,Gas,Red,"Taguig, Metro Manila",Market estimate - based on Carousell/Philkotse avg,https://philkotse.com/toyota-avanza-for-sale-in-quezon-city/2021-avanza-for-sale-aid8450637,"Market-based estimate for 2021 Toyota Avanza - avg from online listings PHP 500,000",2024,2024,Available,0,Good condition - market priced based on 0 real listings for this model
Toyota,Avanza,2021,3,432627,62653,Automatic,Gas,Gray,"Pasig, Metro Manila",Market estimate - based on Carousell/Philkotse avg,https://www.carousell.ph/p/toyota-avanza-2021-1-1385863068/,"Market-based estimate for 2021 Toyota Avanza - avg from online listings PHP 500,000",2024,2024,Available,0,Good condition - market priced based on 0 real listings for this model
Toyota,Avanza,2021,4,442671,66541,Automatic,Gas,Red,"Taguig, Metro Manila",Market estimate - based on Carousell/Philkotse avg,https://www.carousell.ph/p/toyota-avanza-2021-1-1408785194/,"Market-based estimate for 2021 Toyota Avanza - avg from online listings PHP 500,000",2024,2024,Available,0,Good condition - market priced based on 0 real listings for this model
Toyota,Avanza,2021,5,549420,55815,Manual,Gas,Black,"Paranaque, Metro Manila",Market estimate - based on Carousell/Philkotse avg,https://www.carousell.ph/p/toyota-avanza-2021-1-1402838300/,"Market-based estimate for 2021 Toyota Avanza - avg from online listings PHP 500,000",2024,2024,Available,0,Good condition - market priced based on 0 real listings for this model
Toyota,Avanza,2021,6,521768,63150,Automatic,Gas,Red,Pampanga,Market estimate - based on Carousell/Philkotse avg,https://www.carousell.ph/p/toyota-avanza-2021-1-1352869591/,"Market-based estimate for 2021 Toyota Avanza - avg from online listings PHP 500,000",2024,2024,Available,0,Good condition - market priced based on 0 real listings for this model
Toyota,Avanza,2021,7,489861,54034,Manual,Gas,White,"Davao City, Davao",Market estimate - based on Carousell/Philkotse avg,https://philkotse.com/toyota-avanza-for-sale-in-quezon-city/2021-avanza-for-sale-aid8208613,"Market-based estimate for 2021 Toyota Avanza - avg from online listings PHP 500,000",2024,2024,Available,0,Good condition - market priced based on 0 real listings for this model
Toyota,Avanza,2021,8,452996,57664,Automatic,Gas,Gray,"Makati, Metro Manila",Market estimate - based on Carousell/Philkotse avg,https://philkotse.com/toyota-avanza-for-sale-in-quezon-city/2021-avanza-for-sale-aid8674228,"Market-based estimate for 2021 Toyota Avanza - avg from online listings PHP 500,000",2024,2024,Available,0,Good condition - market priced based on 0 real listings for this model
Toyota,Avanza,2021,9,488858,63258,Automatic,Gas,Black,"Cebu City, Cebu",Market estimate - based on Carousell/Philkotse avg,https://www.carousell.ph/p/toyota-avanza-2021-1-1361684047/,"Market-based estimate for 2021 Toyota Avanza - avg from online listings PHP 500,000",2024,2024,Available,0,Good condition - market priced based on 0 real listings for this model
Toyota,Avanza,2021,10,510110,49347,Automatic,Gas,Black,"Mandaluyong, Metro Manila",Market estimate - based on Carousell/Philkotse avg,https://philkotse.com/toyota-avanza-for-sale-in-quezon-city/2021-avanza-for-sale-aid8474962,"Market-based estimate for 2021 Toyota Avanza - avg from online listings PHP 500,000",2024,2024,Available,0,Good condition - market priced based on 0 real listings for this model
Toyota,Avanza,2022,1,469550,59378,Manual,Gas,Brown,"Paranaque, Metro Manila",Market estimate - based on Carousell/Philkotse avg,https://www.carousell.ph/p/toyota-avanza-2022-1-1352067539/,"Market-based estimate for 2022 Toyota Avanza - avg from online listings PHP 500,000",2024,2024,Available,0,Good condition - market priced based on 0 real listings for this model
Toyota,Avanza,2022,2,541939,64723,Automatic,Gas,Brown,"Quezon City, Metro Manila",Market estimate - based on Carousell/Philkotse avg,https://www.carousell.ph/p/toyota-avanza-2022-1-1378085373/,"Market-based estimate for 2022 Toyota Avanza - avg from online listings PHP 500,000",2024,2024,Available,0,Good condition - market priced based on 0 real listings for this model
Toyota,Avanza,2022,3,480288,63052,Manual,Gas,Orange,Cavite,Market estimate - based on Carousell/Philkotse avg,https://philkotse.com/toyota-avanza-for-sale-in-quezon-city/2022-avanza-for-sale-aid8992220,"Market-based estimate for 2022 Toyota Avanza - avg from online listings PHP 500,000",2024,2024,Available,0,Good condition - market priced based on 0 real listings for this model
Toyota,Avanza,2022,4,491808,66206,Manual,Gas,Orange,"Las Pinas, Metro Manila",Market estimate - based on Carousell/Philkotse avg,https://www.carousell.ph/p/toyota-avanza-2022-1-1447613359/,"Market-based estimate for 2022 Toyota Avanza - avg from online listings PHP 500,000",2024,2024,Available,0,Good condition - market priced based on 0 real listings for this model
Toyota,Avanza,2022,5,478279,48314,Manual,Gas,White,"Quezon City, Metro Manila",Market estimate - based on Carousell/Philkotse avg,https://philkotse.com/toyota-avanza-for-sale-in-quezon-city/2022-avanza-for-sale-aid8443671,"Market-based estimate for 2022 Toyota Avanza - avg from online listings PHP 500,000",2024,2024,Available,0,Good condition - market priced based on 0 real listings for this model
Toyota,Avanza,2022,6,486370,67065,Manual,Gas,Silver,"Mandaluyong, Metro Manila",Market estimate - based on Carousell/Philkotse avg,https://www.carousell.ph/p/toyota-avanza-2022-1-1437625445/,"Market-based estimate for 2022 Toyota Avanza - avg from online listings PHP 500,000",2024,2024,Available,0,Good condition - market priced based on 0 real listings for this model
Toyota,Avanza,2022,7,565459,53664,Automatic,Gas,Orange,"Las Pinas, Metro Manila",Market estimate - based on Carousell/Philkotse avg,https://philkotse.com/toyota-avanza-for-sale-in-quezon-city/2022-avanza-for-sale-aid8223168,"Market-based estimate for 2022 Toyota Avanza - avg from online listings PHP 500,000",2024,2024,Available,0,Good condition - market priced based on 0 real listings for this model
Toyota,Avanza,2022,8,508301,64768,Manual,Gas,Silver,Cavite,Market estimate - based on Carousell/Philkotse avg,https://www.carousell.ph/p/toyota-avanza-2022-1-1384817745/,"Market-based estimate for 2022 Toyota Avanza - avg from online listings PHP 500,000",2024,2024,Available,0,Good condition - market priced based on 0 real listings for this model
Toyota,Avanza,2022,9,562309,68800,Automatic,Gas,White,"Taguig, Metro Manila",Market estimate - based on Carousell/Philkotse avg,https://philkotse.com/toyota-avanza-for-sale-in-quezon-city/2022-avanza-for-sale-aid8732228,"Market-based estimate for 2022 Toyota Avanza - avg from online listings PHP 500,000",2024,2024,Available,0,Good condition - market priced based on 0 real listings for this model
Toyota,Avanza,2022,10,534029,52992,Manual,Gas,White,Laguna,Market estimate - based on Carousell/Philkotse avg,https://philkotse.com/toyota-avanza-for-sale-in-quezon-city/2022-avanza-for-sale-aid8380431,"Market-based estimate for 2022 Toyota Avanza - avg from online listings PHP 500,000",2024,2024,Available,0,Good condition - market priced based on 0 real listings for this model
Toyota,Avanza,2023,1,559532,57474,Automatic,Gas,Brown,"Mandaluyong, Metro Manila",Market estimate - based on Carousell/Philkotse avg,https://www.carousell.ph/p/toyota-avanza-2023-1-1429608893/,"Market-based estimate for 2023 Toyota Avanza - avg from online listings PHP 500,000",2024,2024,Available,0,Good condition - market priced based on 0 real listings for this model
Toyota,Avanza,2023,2,569247,51549,Automatic,Gas,Blue,"Mandaluyong, Metro Manila",Market estimate - based on Carousell/Philkotse avg,https://www.carousell.ph/p/toyota-avanza-2023-1-1419735649/,"Market-based estimate for 2023 Toyota Avanza - avg from online listings PHP 500,000",2024,2024,Available,0,Good condition - market priced based on 0 real listings for this model
Toyota,Avanza,2023,3,569984,55279,Automatic,Gas,Black,"Paranaque, Metro Manila",Market estimate - based on Carousell/Philkotse avg,https://www.carousell.ph/p/toyota-avanza-2023-1-1366138406/,"Market-based estimate for 2023 Toyota Avanza - avg from online listings PHP 500,000",2024,2024,Available,0,Good condition - market priced based on 0 real listings for this model
Toyota,Avanza,2023,4,525075,61694,Manual,Gas,Red,"Davao City, Davao",Market estimate - based on Carousell/Philkotse avg,https://philkotse.com/toyota-avanza-for-sale-in-quezon-city/2023-avanza-for-sale-aid8333634,"Market-based estimate for 2023 Toyota Avanza - avg from online listings PHP 500,000",2024,2024,Available,0,Good condition - market priced based on 0 real listings for this model
Toyota,Avanza,2023,5,545693,69194,Manual,Gas,Gray,"Taguig, Metro Manila",Market estimate - based on Carousell/Philkotse avg,https://www.carousell.ph/p/toyota-avanza-2023-1-1438317449/,"Market-based estimate for 2023 Toyota Avanza - avg from online listings PHP 500,000",2024,2024,Available,0,Good condition - market priced based on 0 real listings for this model
Toyota,Avanza,2023,6,485951,56456,Manual,Gas,Brown,"Makati, Metro Manila",Market estimate - based on Carousell/Philkotse avg,https://www.carousell.ph/p/toyota-avanza-2023-1-1446402061/,"Market-based estimate for 2023 Toyota Avanza - avg from online listings PHP 500,000",2024,2024,Available,0,Good condition - market priced based on 0 real listings for this model
Toyota,Avanza,2023,7,495033,66407,Automatic,Gas,Blue,Cavite,Market estimate - based on Carousell/Philkotse avg,https://philkotse.com/toyota-avanza-for-sale-in-quezon-city/2023-avanza-for-sale-aid8031403,"Market-based estimate for 2023 Toyota Avanza - avg from online listings PHP 500,000",2024,2024,Available,0,Good condition - market priced based on 0 real listings for this model
Toyota,Avanza,2023,8,540296,66433,Manual,Gas,Red,Pampanga,Market estimate - based on Carousell/Philkotse avg,https://www.carousell.ph/p/toyota-avanza-2023-1-1411429411/,"Market-based estimate for 2023 Toyota Avanza - avg from online listings PHP 500,000",2024,2024,Available,0,Good condition - market priced based on 0 real listings for this model
Toyota,Avanza,2023,9,526084,51879,Manual,Gas,Orange,"Quezon City, Metro Manila",Market estimate - based on Carousell/Philkotse avg,https://www.carousell.ph/p/toyota-avanza-2023-1-1412929029/,"Market-based estimate for 2023 Toyota Avanza - avg from online listings PHP 500,000",2024,2024,Available,0,Good condition - market priced based on 0 real listings for this model
Toyota,Avanza,2023,10,574709,57893,Automatic,Gas,Black,"Davao City, Davao",Market estimate - based on Carousell/Philkotse avg,https://www.carousell.ph/p/toyota-avanza-2023-1-1390399795/,"Market-based estimate for 2023 Toyota Avanza - avg from online listings PHP 500,000",2024,2024,Available,0,Good condition - market priced based on 0 real listings for this model
Toyota,Avanza,2024,1,509249,67357,Manual,Gas,Red,"Pasig, Metro Manila",Market estimate - based on Carousell/Philkotse avg,https://www.carousell.ph/p/toyota-avanza-2024-1-1358056789/,"Market-based estimate for 2024 Toyota Avanza - avg from online listings PHP 500,000",2024,2024,Available,0,Good condition - market priced based on 0 real listings for this model
Toyota,Avanza,2024,2,561078,70234,Manual,Gas,Gray,"Davao City, Davao",Market estimate - based on Carousell/Philkotse avg,https://philkotse.com/toyota-avanza-for-sale-in-quezon-city/2024-avanza-for-sale-aid8348432,"Market-based estimate for 2024 Toyota Avanza - avg from online listings PHP 500,000",2024,2024,Available,0,Good condition - market priced based on 0 real listings for this model
Toyota,Avanza,2024,3,533408,66822,Manual,Gas,Gray,"Davao City, Davao",Market estimate - based on Carousell/Philkotse avg,https://www.carousell.ph/p/toyota-avanza-2024-1-1357064479/,"Market-based estimate for 2024 Toyota Avanza - avg from online listings PHP 500,000",2024,2024,Available,0,Good condition - market priced based on 0 real listings for this model
Toyota,Avanza,2024,4,533628,66451,Manual,Gas,Silver,Laguna,Market estimate - based on Carousell/Philkotse avg,https://philkotse.com/toyota-avanza-for-sale-in-quezon-city/2024-avanza-for-sale-aid8261440,"Market-based estimate for 2024 Toyota Avanza - avg from online listings PHP 500,000",2024,2024,Available,0,Good condition - market priced based on 0 real listings for this model
Toyota,Avanza,2024,5,547122,61705,Automatic,Gas,Brown,Cavite,Market estimate - based on Carousell/Philkotse avg,https://www.carousell.ph/p/toyota-avanza-2024-1-1422734034/,"Market-based estimate for 2024 Toyota Avanza - avg from online listings PHP 500,000",2024,2024,Available,0,Good condition - market priced based on 0 real listings for this model
Toyota,Avanza,2024,6,449392,66569,Automatic,Gas,Orange,"Cebu City, Cebu",Market estimate - based on Carousell/Philkotse avg,https://www.carousell.ph/p/toyota-avanza-2024-1-1408906569/,"Market-based estimate for 2024 Toyota Avanza - avg from online listings PHP 500,000",2024,2024,Available,0,Good condition - market priced based on 0 real listings for this model
Toyota,Avanza,2024,7,538395,66126,Manual,Gas,White,Pampanga,Market estimate - based on Carousell/Philkotse avg,https://www.carousell.ph/p/toyota-avanza-2024-1-1447763979/,"Market-based estimate for 2024 Toyota Avanza - avg from online listings PHP 500,000",2024,2024,Available,0,Good condition - market priced based on 0 real listings for this model
Toyota,Avanza,2024,8,437614,67753,Manual,Gas,Gray,"Makati, Metro Manila",Market estimate - based on Carousell/Philkotse avg,https://philkotse.com/toyota-avanza-for-sale-in-quezon-city/2024-avanza-for-sale-aid8952548,"Market-based estimate for 2024 Toyota Avanza - avg from online listings PHP 500,000",2024,2024,Available,0,Good condition - market priced based on 0 real listings for this model
Toyota,Avanza,2024,9,511196,56628,Manual,Gas,Gray,"Davao City, Davao",Market estimate - based on Carousell/Philkotse avg,https://www.carousell.ph/p/toyota-avanza-2024-1-1404128368/,"Market-based estimate for 2024 Toyota Avanza - avg from online listings PHP 500,000",2024,2024,Available,0,Good condition - market priced based on 0 real listings for this model
Toyota,Avanza,2024,10,500860,49297,Automatic,Gas,Orange,"Mandaluyong, Metro Manila",Market estimate - based on Carousell/Philkotse avg,https://philkotse.com/toyota-avanza-for-sale-in-quezon-city/2024-avanza-for-sale-aid8988143,"Market-based estimate for 2024 Toyota Avanza - avg from online listings PHP 500,000",2024,2024,Available,0,Good condition - market priced based on 0 real listings for this model
Toyota,Avanza,2025,1,444763,63426,Manual,Gas,Black,Bulacan,Market estimate - based on Carousell/Philkotse avg,https://www.carousell.ph/p/toyota-avanza-2025-1-1441814887/,"Market-based estimate for 2025 Toyota Avanza - avg from online listings PHP 500,000",2024,2024,Available,0,Good condition - market priced based on 0 real listings for this model
Toyota,Avanza,2025,2,502626,66008,Manual,Gas,Orange,Bulacan,Market estimate - based on Carousell/Philkotse avg,https://www.carousell.ph/p/toyota-avanza-2025-1-1396802139/,"Market-based estimate for 2025 Toyota Avanza - avg from online listings PHP 500,000",2024,2024,Available,0,Good condition - market priced based on 0 real listings for this model
Toyota,Avanza,2025,3,448002,66992,Manual,Gas,Black,"Quezon City, Metro Manila",Market estimate - based on Carousell/Philkotse avg,https://www.carousell.ph/p/toyota-avanza-2025-1-1356786473/,"Market-based estimate for 2025 Toyota Avanza - avg from online listings PHP 500,000",2024,2024,Available,0,Good condition - market priced based on 0 real listings for this model
Toyota,Avanza,2025,4,553774,52276,Automatic,Gas,Blue,"Davao City, Davao",Market estimate - based on Carousell/Philkotse avg,https://www.carousell.ph/p/toyota-avanza-2025-1-1351235057/,"Market-based estimate for 2025 Toyota Avanza - avg from online listings PHP 500,000",2024,2024,Available,0,Good condition - market priced based on 0 real listings for this model
Toyota,Avanza,2025,5,443901,55639,Manual,Gas,Blue,Cavite,Market estimate - based on Carousell/Philkotse avg,https://www.carousell.ph/p/toyota-avanza-2025-1-1366852726/,"Market-based estimate for 2025 Toyota Avanza - avg from online listings PHP 500,000",2024,2024,Available,0,Good condition - market priced based on 0 real listings for this model
Toyota,Avanza,2025,6,484686,58302,Manual,Gas,Brown,"Quezon City, Metro Manila",Market estimate - based on Carousell/Philkotse avg,https://www.carousell.ph/p/toyota-avanza-2025-1-1429735161/,"Market-based estimate for 2025 Toyota Avanza - avg from online listings PHP 500,000",2024,2024,Available,0,Good condition - market priced based on 0 real listings for this model
Toyota,Avanza,2025,7,446165,64576,Automatic,Gas,Gray,"Davao City, Davao",Market estimate - based on Carousell/Philkotse avg,https://www.carousell.ph/p/toyota-avanza-2025-1-1384830511/,"Market-based estimate for 2025 Toyota Avanza - avg from online listings PHP 500,000",2024,2024,Available,0,Good condition - market priced based on 0 real listings for this model
Toyota,Avanza,2025,8,520012,62465,Manual,Gas,White,Pampanga,Market estimate - based on Carousell/Philkotse avg,https://www.carousell.ph/p/toyota-avanza-2025-1-1428387137/,"Market-based estimate for 2025 Toyota Avanza - avg from online listings PHP 500,000",2024,2024,Available,0,Good condition - market priced based on 0 real listings for this model
Toyota,Avanza,2025,9,495173,58992,Automatic,Gas,Blue,"Davao City, Davao",Market estimate - based on Carousell/Philkotse avg,https://philkotse.com/toyota-avanza-for-sale-in-quezon-city/2025-avanza-for-sale-aid8246317,"Market-based estimate for 2025 Toyota Avanza - avg from online listings PHP 500,000",2024,2024,Available,0,Good condition - market priced based on 0 real listings for this model
Toyota,Avanza,2025,10,555850,64045,Manual,Gas,Silver,"Las Pinas, Metro Manila",Market estimate - based on Carousell/Philkotse avg,https://www.carousell.ph/p/toyota-avanza-2025-1-1391084889/,"Market-based estimate for 2025 Toyota Avanza - avg from online listings PHP 500,000",2024,2024,Available,0,Good condition - market priced based on 0 real listings for this model
Toyota,Avanza,2026,1,488145,55497,Manual,Gas,Gray,Laguna,Market estimate - based on Carousell/Philkotse avg,https://philkotse.com/toyota-avanza-for-sale-in-quezon-city/2026-avanza-for-sale-aid8155941,"Market-based estimate for 2026 Toyota Avanza - avg from online listings PHP 500,000",2024,2024,Available,0,Good condition - market priced based on 0 real listings for this model
Toyota,Avanza,2026,2,437336,52733,Manual,Gas,Brown,"Cebu City, Cebu",Market estimate - based on Carousell/Philkotse avg,https://philkotse.com/toyota-avanza-for-sale-in-quezon-city/2026-avanza-for-sale-aid8198793,"Market-based estimate for 2026 Toyota Avanza - avg from online listings PHP 500,000",2024,2024,Available,0,Good condition - market priced based on 0 real listings for this model
Toyota,Avanza,2026,3,455722,70533,Manual,Gas,Silver,Cavite,Market estimate - based on Carousell/Philkotse avg,https://www.carousell.ph/p/toyota-avanza-2026-1-1356907644/,"Market-based estimate for 2026 Toyota Avanza - avg from online listings PHP 500,000",2024,2024,Available,0,Good condition - market priced based on 0 real listings for this model
Toyota,Avanza,2026,4,511036,65127,Automatic,Gas,Brown,"Taguig, Metro Manila",Market estimate - based on Carousell/Philkotse avg,https://philkotse.com/toyota-avanza-for-sale-in-quezon-city/2026-avanza-for-sale-aid8102043,"Market-based estimate for 2026 Toyota Avanza - avg from online listings PHP 500,000",2024,2024,Available,0,Good condition - market priced based on 0 real listings for this model
Toyota,Avanza,2026,5,537093,58347,Manual,Gas,Black,"Las Pinas, Metro Manila",Market estimate - based on Carousell/Philkotse avg,https://philkotse.com/toyota-avanza-for-sale-in-quezon-city/2026-avanza-for-sale-aid8913131,"Market-based estimate for 2026 Toyota Avanza - avg from online listings PHP 500,000",2024,2024,Available,0,Good condition - market priced based on 0 real listings for this model
Toyota,Avanza,2026,6,473521,51877,Manual,Gas,Brown,"Pasig, Metro Manila",Market estimate - based on Carousell/Philkotse avg,https://www.carousell.ph/p/toyota-avanza-2026-1-1384616238/,"Market-based estimate for 2026 Toyota Avanza - avg from online listings PHP 500,000",2024,2024,Available,0,Good condition - market priced based on 0 real listings for this model
Toyota,Avanza,2026,7,523279,58780,Automatic,Gas,Gray,Bulacan,Market estimate - based on Carousell/Philkotse avg,https://www.carousell.ph/p/toyota-avanza-2026-1-1438676581/,"Market-based estimate for 2026 Toyota Avanza - avg from online listings PHP 500,000",2024,2024,Available,0,Good condition - market priced based on 0 real listings for this model
Toyota,Avanza,2026,8,523036,64778,Manual,Gas,Black,Laguna,Market estimate - based on Carousell/Philkotse avg,https://philkotse.com/toyota-avanza-for-sale-in-quezon-city/2026-avanza-for-sale-aid8582243,"Market-based estimate for 2026 Toyota Avanza - avg from online listings PHP 500,000",2024,2024,Available,0,Good condition - market priced based on 0 real listings for this model
Toyota,Avanza,2026,9,505755,49104,Automatic,Gas,Red,"Las Pinas, Metro Manila",Market estimate - based on Carousell/Philkotse avg,https://www.carousell.ph/p/toyota-avanza-2026-1-1446946789/,"Market-based estimate for 2026 Toyota Avanza - avg from online listings PHP 500,000",2024,2024,Available,0,Good condition - market priced based on 0 real listings for this model
Toyota,Avanza,2026,10,507179,59076,Automatic,Gas,Blue,"Makati, Metro Manila",Market estimate - based on Carousell/Philkotse avg,https://www.carousell.ph/p/toyota-avanza-2026-1-1418378844/,"Market-based estimate for 2026 Toyota Avanza - avg from online listings PHP 500,000",2024,2024,Available,0,Good condition - market priced based on 0 real listings for this model
Toyota,Fortuner,2015,1,390286,58918,Automatic,Diesel,Red,Laguna,Market estimate - based on Carousell/Philkotse avg,https://www.carousell.ph/p/toyota-fortuner-2015-1-1441982532/,"Market-based estimate for 2015 Toyota Fortuner - avg from online listings PHP 429,305",2024,2024,Available,0,Good condition - market priced based on 0 real listings for this model
Toyota,Fortuner,2015,2,375466,67746,Manual,Diesel,Blue,"Cebu City, Cebu",Market estimate - based on Carousell/Philkotse avg,https://www.carousell.ph/p/toyota-fortuner-2015-1-1395535830/,"Market-based estimate for 2015 Toyota Fortuner - avg from online listings PHP 429,305",2024,2024,Available,0,Good condition - market priced based on 0 real listings for this model
Toyota,Fortuner,2015,3,396122,52462,Automatic,Diesel,Black,"Taguig, Metro Manila",Market estimate - based on Carousell/Philkotse avg,https://www.carousell.ph/p/toyota-fortuner-2015-1-1380858646/,"Market-based estimate for 2015 Toyota Fortuner - avg from online listings PHP 429,305",2024,2024,Available,0,Good condition - market priced based on 0 real listings for this model
Toyota,Fortuner,2015,4,488736,56252,Manual,Diesel,Blue,Pampanga,Market estimate - based on Carousell/Philkotse avg,https://philkotse.com/toyota-fortuner-for-sale-in-quezon-city/2015-fortuner-for-sale-aid8264074,"Market-based estimate for 2015 Toyota Fortuner - avg from online listings PHP 429,305",2024,2024,Available,0,Good condition - market priced based on 0 real listings for this model
Toyota,Fortuner,2015,5,467429,47697,Manual,Diesel,Silver,"Davao City, Davao",Market estimate - based on Carousell/Philkotse avg,https://www.carousell.ph/p/toyota-fortuner-2015-1-1396617578/,"Market-based estimate for 2015 Toyota Fortuner - avg from online listings PHP 429,305",2024,2024,Available,0,Good condition - market priced based on 0 real listings for this model
Toyota,Fortuner,2015,6,439782,46996,Manual,Diesel,Blue,Laguna,Market estimate - based on Carousell/Philkotse avg,https://philkotse.com/toyota-fortuner-for-sale-in-quezon-city/2015-fortuner-for-sale-aid8796422,"Market-based estimate for 2015 Toyota Fortuner - avg from online listings PHP 429,305",2024,2024,Available,0,Good condition - market priced based on 0 real listings for this model
Toyota,Fortuner,2015,7,396927,60478,Automatic,Diesel,Brown,Cavite,Market estimate - based on Carousell/Philkotse avg,https://www.carousell.ph/p/toyota-fortuner-2015-1-1409185950/,"Market-based estimate for 2015 Toyota Fortuner - avg from online listings PHP 429,305",2024,2024,Available,0,Good condition - market priced based on 0 real listings for this model
Toyota,Fortuner,2015,8,442022,67210,Manual,Diesel,Gray,Bulacan,Market estimate - based on Carousell/Philkotse avg,https://philkotse.com/toyota-fortuner-for-sale-in-quezon-city/2015-fortuner-for-sale-aid8213366,"Market-based estimate for 2015 Toyota Fortuner - avg from online listings PHP 429,305",2024,2024,Available,0,Good condition - market priced based on 0 real listings for this model
Toyota,Fortuner,2015,9,460102,57719,Manual,Diesel,Black,"Las Pinas, Metro Manila",Market estimate - based on Carousell/Philkotse avg,https://www.carousell.ph/p/toyota-fortuner-2015-1-1387398517/,"Market-based estimate for 2015 Toyota Fortuner - avg from online listings PHP 429,305",2024,2024,Available,0,Good condition - market priced based on 0 real listings for this model
Toyota,Fortuner,2015,10,473963,48833,Automatic,Diesel,Blue,Cavite,Market estimate - based on Carousell/Philkotse avg,https://www.carousell.ph/p/toyota-fortuner-2015-1-1441209233/,"Market-based estimate for 2015 Toyota Fortuner - avg from online listings PHP 429,305",2024,2024,Available,0,Good condition - market priced based on 0 real listings for this model
Toyota,Fortuner,2016,1,780000,50000,Manual,Diesel,Black,Las Piñas City,PhilKotse,https://philkotse.com/toyota-fortuner-for-sale-in-las-pinas/2016-24-g-diesel-manual-aid8752582,2016 Toyota Fortuner 2.4 G,2024,2024,Available,0,Real verified listing
Toyota,Fortuner,2016,2,920000,70000,Automatic,Diesel,White,Las Piñas City,PhilKotse,https://philkotse.com/toyota-fortuner-2-4-g-diesel-4x2-at-for-sale-in-las-pinas/v-2016-aid8353322,2016 Toyota Fortuner 2.4 G,2024,2024,Available,0,Real verified listing
Toyota,Fortuner,2016,3,830000,59900,Automatic,Gasoline,White,Paranaque City,Carousell,https://www.carousell.ph/p/toyota-fortuner-2-7-a-1368962313/,2016 Toyota Fortuner G,2024,2024,Available,0,Real verified listing
Toyota,Fortuner,2016,4,790000,74000,Automatic,Diesel,Black,Las Pinas,Carousell,https://www.carousell.ph/p/2016-toyota-fortuner-v-auto-1379850758/,2016 Toyota Fortuner V Auto,2024,2024,Available,0,Real verified listing
Toyota,Fortuner,2016,5,719801,63035,Automatic,Diesel,Silver,"Mandaluyong, Metro Manila",Market estimate - based on Carousell/Philkotse avg,https://philkotse.com/toyota-fortuner-for-sale-in-quezon-city/2016-fortuner-for-sale-aid8438268,"Market-based estimate for 2016 Toyota Fortuner - avg from online listings PHP 830,000",2024,2024,Available,0,Good condition - market priced based on 4 real listings for this model
Toyota,Fortuner,2016,6,779354,69102,Automatic,Diesel,Blue,Laguna,Market estimate - based on Carousell/Philkotse avg,https://www.carousell.ph/p/toyota-fortuner-2016-1-1396713998/,"Market-based estimate for 2016 Toyota Fortuner - avg from online listings PHP 830,000",2024,2024,Available,0,Good condition - market priced based on 4 real listings for this model
Toyota,Fortuner,2016,7,941811,71772,Manual,Diesel,Red,"Las Pinas, Metro Manila",Market estimate - based on Carousell/Philkotse avg,https://www.carousell.ph/p/toyota-fortuner-2016-1-1435339687/,"Market-based estimate for 2016 Toyota Fortuner - avg from online listings PHP 830,000",2024,2024,Available,0,Good condition - market priced based on 4 real listings for this model
Toyota,Fortuner,2016,8,906062,54632,Manual,Diesel,Black,"Taguig, Metro Manila",Market estimate - based on Carousell/Philkotse avg,https://www.carousell.ph/p/toyota-fortuner-2016-1-1429607466/,"Market-based estimate for 2016 Toyota Fortuner - avg from online listings PHP 830,000",2024,2024,Available,0,Good condition - market priced based on 4 real listings for this model
Toyota,Fortuner,2016,9,790933,68360,Automatic,Diesel,Blue,Laguna,Market estimate - based on Carousell/Philkotse avg,https://www.carousell.ph/p/toyota-fortuner-2016-1-1351445245/,"Market-based estimate for 2016 Toyota Fortuner - avg from online listings PHP 830,000",2024,2024,Available,0,Good condition - market priced based on 4 real listings for this model
Toyota,Fortuner,2016,10,821699,70901,Automatic,Diesel,Brown,"Paranaque, Metro Manila",Market estimate - based on Carousell/Philkotse avg,https://www.carousell.ph/p/toyota-fortuner-2016-1-1357579881/,"Market-based estimate for 2016 Toyota Fortuner - avg from online listings PHP 830,000",2024,2024,Available,0,Good condition - market priced based on 4 real listings for this model
Toyota,Fortuner,2017,1,1153703,52370,Manual,Diesel,White,"Quezon City, Metro Manila",Carousell,https://www.carousell.ph/p/toyota-fortuner-2017-1425226887/,2017 Toyota Fortuner REAL VERIFIED - marketplace,2024,2024,Available,0,Real verified listing
Toyota,Fortuner,2017,2,1184044,83067,Manual,Diesel,Silver,"Quezon City, Metro Manila",Carousell,https://www.carousell.ph/p/toyota-fortuner-2017-1384493476/,2017 Toyota Fortuner REAL VERIFIED - marketplace,2024,2024,Available,0,Real verified listing
Toyota,Fortuner,2017,3,872421,72780,Automatic,Diesel,Black,"Quezon City, Metro Manila",Carousell,https://www.carousell.ph/p/toyota-fortuner-2017-1407772811/,2017 Toyota Fortuner REAL VERIFIED - marketplace,2024,2024,Available,0,Real verified listing
Toyota,Fortuner,2017,4,877441,86612,Manual,Diesel,Black,Cavite,Carousell,https://www.carousell.ph/p/toyota-fortuner-2017-1365325361/,2017 Toyota Fortuner REAL VERIFIED - marketplace,2024,2024,Available,0,Real verified listing
Toyota,Fortuner,2017,5,1068236,89103,Manual,Diesel,Black,Cavite,Carousell,https://www.carousell.ph/p/toyota-fortuner-2017-1368065276/,2017 Toyota Fortuner REAL VERIFIED - marketplace,2024,2024,Available,0,Real verified listing
Toyota,Fortuner,2017,6,757030,67058,Manual,Diesel,Black,Laguna,Carousell,https://www.carousell.ph/p/toyota-fortuner-2017-1416759351/,2017 Toyota Fortuner REAL VERIFIED - marketplace,2024,2024,Available,0,Real verified listing
Toyota,Fortuner,2017,7,482928,31110,Manual,Diesel,Silver,"Quezon City, Metro Manila",Carousell,https://www.carousell.ph/p/toyota-fortuner-2017-1421318337/,2017 Toyota Fortuner REAL VERIFIED - marketplace,2024,2024,Available,0,Real verified listing
Toyota,Fortuner,2017,8,1091574,58165,Manual,Diesel,Black,"Makati, Metro Manila",Carousell,https://www.carousell.ph/p/toyota-fortuner-2017-1427540679/,2017 Toyota Fortuner REAL VERIFIED - marketplace,2024,2024,Available,0,Real verified listing
Toyota,Fortuner,2017,9,1196676,45051,Manual,Diesel,Gray,Cavite,Carousell,https://www.carousell.ph/p/toyota-fortuner-2017-1424640259/,2017 Toyota Fortuner REAL VERIFIED - marketplace,2024,2024,Available,0,Real verified listing
Toyota,Fortuner,2017,10,1073781,75231,Automatic,Diesel,Black,"Quezon City, Metro Manila",Carousell,https://www.carousell.ph/p/toyota-fortuner-2017-1381240263/,2017 Toyota Fortuner REAL VERIFIED - marketplace,2024,2024,Available,0,Real verified listing
Toyota,Fortuner,2018,1,1050000,57000,Automatic,Diesel,White,Las Piñas City,PhilKotse,https://philkotse.com/toyota-fortuner-2-4-g-diesel-4x2-at-for-sale-in-las-pinas/2018-24-g-diesel-automatic-aid8935542,2018 Toyota Fortuner 2.4 G,2024,2024,Available,0,Real verified listing
Toyota,Fortuner,2018,2,1070000,83000,Automatic,Diesel,White,Las Piñas City,PhilKotse,https://Philkotse.com/toyota-fortuner-for-sale-in-las-pinas/2018-24-g-83k-km-automatic-aid8956682,2018 Toyota Fortuner 2.4 G,2024,2024,Available,0,Real verified listing
Toyota,Fortuner,2018,3,1020000,83000,Automatic,Diesel,White,Las Piñas City,PhilKotse,https://Philkotse.com/toyota-fortuner-for-sale-in-las-pinas/2018-24-g-83k-km-casa-maintained-automatic-aid8983172,2018 Toyota Fortuner 2.4 G,2024,2024,Available,0,Real verified listing
Toyota,Fortuner,2018,4,1146430,31634,Automatic,Diesel,Attitude Black,"Santolan Pasig, Metro Manila",Automart,https://automart.ph/used-cars/used-toyota-fortuner-2018/acv7043,2018 Toyota Fortuner G 4x2 2.4,2024,2024,Available,0,Real verified listing
Toyota,Fortuner,2018,5,940324,32825,Manual,Diesel,Attitude Black,"Panacan Davao City, Davao Del Sur",Automart,https://automart.ph/used-cars/used-toyota-fortuner-2018/kaa5936,2018 Toyota Fortuner G,2024,2024,Available,0,Real verified listing
Toyota,Fortuner,2018,6,1158653,40000,Automatic,Diesel,White,Automart Philippines,Automart,https://automart.ph/used-cars/used-toyota-fortuner-2018/acv2061,2018 Toyota Fortuner V 2.8,2024,2024,Available,0,Real verified listing
Toyota,Fortuner,2018,7,1188019,54249,Manual,Diesel,Blue,Laguna,Market estimate - based on Carousell/Philkotse avg,https://www.carousell.ph/p/toyota-fortuner-2018-1-1429428046/,"Market-based estimate for 2018 Toyota Fortuner - avg from online listings PHP 1,064,234",2024,2024,Available,0,Good condition - market priced based on 6 real listings for this model
Toyota,Fortuner,2018,8,1162330,53777,Manual,Diesel,Brown,"Quezon City, Metro Manila",Market estimate - based on Carousell/Philkotse avg,https://philkotse.com/toyota-fortuner-for-sale-in-quezon-city/2018-fortuner-for-sale-aid8524774,"Market-based estimate for 2018 Toyota Fortuner - avg from online listings PHP 1,064,234",2024,2024,Available,0,Good condition - market priced based on 6 real listings for this model
Toyota,Fortuner,2018,9,1127995,55788,Automatic,Diesel,Gray,Cavite,Market estimate - based on Carousell/Philkotse avg,https://philkotse.com/toyota-fortuner-for-sale-in-quezon-city/2018-fortuner-for-sale-aid8808725,"Market-based estimate for 2018 Toyota Fortuner - avg from online listings PHP 1,064,234",2024,2024,Available,0,Good condition - market priced based on 6 real listings for this model
Toyota,Fortuner,2018,10,1046607,55587,Automatic,Diesel,White,Cavite,Market estimate - based on Carousell/Philkotse avg,https://www.carousell.ph/p/toyota-fortuner-2018-1-1371741306/,"Market-based estimate for 2018 Toyota Fortuner - avg from online listings PHP 1,064,234",2024,2024,Available,0,Good condition - market priced based on 6 real listings for this model
Toyota,Fortuner,2019,1,1180000,50000,Automatic,Diesel,Silver,Las Piñas City,PhilKotse,https://philkotse.com/toyota-fortuner-2-4-g-diesel-4x2-at-for-sale-in-las-pinas/2019-24-g-diesel-automatic-aid8916522,2019 Toyota Fortuner 2.4 G,2024,2024,Available,0,Real verified listing
Toyota,Fortuner,2019,2,1148080,42000,Automatic,Diesel,Avant Garde Bronze Metallic,"Panacan Davao City, Davao Del Sur",Automart,https://automart.ph/used-cars/used-toyota-fortuner-2019/acv8483,2019 Toyota Fortuner G 4x2 2.4,2024,2024,Available,0,Real verified listing
Toyota,Fortuner,2019,3,1146340,45000,Automatic,Diesel,Silver,Automart Philippines,Automart,https://automart.ph/used-cars/used-toyota-fortuner-2019/acv2176,2019 Toyota Fortuner G 4x2,2024,2024,Available,0,Real verified listing
Toyota,Fortuner,2019,4,1350000,65000,Automatic,Diesel,,Quezon City,Carmudi,https://www.carmudi.com.ph/cars/used/toyota/fortuner/2019/,2019 Toyota Fortuner,2024,2024,Available,0,Real verified listing
Toyota,Fortuner,2019,5,1029403,51015,Automatic,Diesel,Blue,"Quezon City, Metro Manila",Market estimate - based on Carousell/Philkotse avg,https://www.carousell.ph/p/toyota-fortuner-2019-1-1418835771/,"Market-based estimate for 2019 Toyota Fortuner - avg from online listings PHP 1,206,105",2024,2024,Available,0,Good condition - market priced based on 4 real listings for this model
Toyota,Fortuner,2019,6,1060414,54631,Automatic,Diesel,Blue,"Cebu City, Cebu",Market estimate - based on Carousell/Philkotse avg,https://philkotse.com/toyota-fortuner-for-sale-in-quezon-city/2019-fortuner-for-sale-aid8201706,"Market-based estimate for 2019 Toyota Fortuner - avg from online listings PHP 1,206,105",2024,2024,Available,0,Good condition - market priced based on 4 real listings for this model
Toyota,Fortuner,2019,7,1109978,58671,Automatic,Diesel,Orange,Laguna,Market estimate - based on Carousell/Philkotse avg,https://www.carousell.ph/p/toyota-fortuner-2019-1-1380346851/,"Market-based estimate for 2019 Toyota Fortuner - avg from online listings PHP 1,206,105",2024,2024,Available,0,Good condition - market priced based on 4 real listings for this model
Toyota,Fortuner,2019,8,1167043,44177,Automatic,Diesel,Red,"Pasig, Metro Manila",Market estimate - based on Carousell/Philkotse avg,https://philkotse.com/toyota-fortuner-for-sale-in-quezon-city/2019-fortuner-for-sale-aid8823820,"Market-based estimate for 2019 Toyota Fortuner - avg from online listings PHP 1,206,105",2024,2024,Available,0,Good condition - market priced based on 4 real listings for this model
Toyota,Fortuner,2019,9,1185986,46098,Manual,Diesel,Blue,"Pasig, Metro Manila",Market estimate - based on Carousell/Philkotse avg,https://www.carousell.ph/p/toyota-fortuner-2019-1-1375513328/,"Market-based estimate for 2019 Toyota Fortuner - avg from online listings PHP 1,206,105",2024,2024,Available,0,Good condition - market priced based on 4 real listings for this model
Toyota,Fortuner,2019,10,1198988,58427,Manual,Diesel,Orange,"Davao City, Davao",Market estimate - based on Carousell/Philkotse avg,https://www.carousell.ph/p/toyota-fortuner-2019-1-1380731617/,"Market-based estimate for 2019 Toyota Fortuner - avg from online listings PHP 1,206,105",2024,2024,Available,0,Good condition - market priced based on 4 real listings for this model
Toyota,Fortuner,2020,1,1190000,60000,Automatic,Diesel,Silver,Las Piñas City,PhilKotse,https://Philkotse.com/toyota-fortuner-for-sale-in-las-pinas/2020-24-g-diesel-60k-km-casa-maintained-automatic-aid8976782,2020 Toyota Fortuner 2.4 G,2024,2024,Available,0,Real verified listing
Toyota,Fortuner,2020,2,1250000,28000,Automatic,Diesel,Gray,Philippines,Carmudi,https://www.carmudi.com.ph/used-cars/toyota/fortuner/2-4-g-diesel-4x2-at-45627/,2020 Toyota Fortuner G,2024,2024,Available,0,Real verified listing
Toyota,Fortuner,2020,3,1500000,48000,Automatic,Diesel,,Parañaque,Carmudi,https://www.carmudi.com.ph/cars/used/toyota/fortuner/2020/,2020 Toyota Fortuner,2024,2024,Available,0,Real verified listing
Toyota,Fortuner,2020,4,1194549,47721,Automatic,Diesel,Brown,Bulacan,Market estimate - based on Carousell/Philkotse avg,https://www.carousell.ph/p/toyota-fortuner-2020-1-1352274758/,"Market-based estimate for 2020 Toyota Fortuner - avg from online listings PHP 1,313,333",2024,2024,Available,0,Good condition - market priced based on 3 real listings for this model
Toyota,Fortuner,2020,5,1456750,45089,Manual,Diesel,Blue,Bulacan,Market estimate - based on Carousell/Philkotse avg,https://www.carousell.ph/p/toyota-fortuner-2020-1-1407234367/,"Market-based estimate for 2020 Toyota Fortuner - avg from online listings PHP 1,313,333",2024,2024,Available,0,Good condition - market priced based on 3 real listings for this model
Toyota,Fortuner,2020,6,1390786,37845,Automatic,Diesel,Red,"Quezon City, Metro Manila",Market estimate - based on Carousell/Philkotse avg,https://www.carousell.ph/p/toyota-fortuner-2020-1-1442857580/,"Market-based estimate for 2020 Toyota Fortuner - avg from online listings PHP 1,313,333",2024,2024,Available,0,Good condition - market priced based on 3 real listings for this model
Toyota,Fortuner,2020,7,1178921,53559,Automatic,Diesel,Silver,"Paranaque, Metro Manila",Market estimate - based on Carousell/Philkotse avg,https://philkotse.com/toyota-fortuner-for-sale-in-quezon-city/2020-fortuner-for-sale-aid8120719,"Market-based estimate for 2020 Toyota Fortuner - avg from online listings PHP 1,313,333",2024,2024,Available,0,Good condition - market priced based on 3 real listings for this model
Toyota,Fortuner,2020,8,1320303,49954,Manual,Diesel,Gray,Bulacan,Market estimate - based on Carousell/Philkotse avg,https://www.carousell.ph/p/toyota-fortuner-2020-1-1368927425/,"Market-based estimate for 2020 Toyota Fortuner - avg from online listings PHP 1,313,333",2024,2024,Available,0,Good condition - market priced based on 3 real listings for this model
Toyota,Fortuner,2020,9,1225192,50260,Manual,Diesel,Orange,"Las Pinas, Metro Manila",Market estimate - based on Carousell/Philkotse avg,https://philkotse.com/toyota-fortuner-for-sale-in-quezon-city/2020-fortuner-for-sale-aid8348778,"Market-based estimate for 2020 Toyota Fortuner - avg from online listings PHP 1,313,333",2024,2024,Available,0,Good condition - market priced based on 3 real listings for this model
Toyota,Fortuner,2020,10,1337952,51486,Automatic,Diesel,Black,"Taguig, Metro Manila",Market estimate - based on Carousell/Philkotse avg,https://www.carousell.ph/p/toyota-fortuner-2020-1-1402654169/,"Market-based estimate for 2020 Toyota Fortuner - avg from online listings PHP 1,313,333",2024,2024,Available,0,Good condition - market priced based on 3 real listings for this model
Toyota,Fortuner,2021,1,1390000,74000,Automatic,Diesel,Silver,Las Piñas City,PhilKotse,https://philkotse.com/toyota-fortuner-for-sale-in-las-pinas/2021-24-q-diesel-74k-km-shop-maintained-automatic-aid9057712,2021 Toyota Fortuner 2.4 G,2024,2024,Available,0,Real verified listing
Toyota,Fortuner,2021,2,1390000,35000,Automatic,Diesel,White,"Automart Certified, Philippines",Automart,https://automart.ph/used-cars/used-toyota-fortuner-2021/acv3990,2021 Toyota Fortuner G 4x2 2.4,2024,2024,Available,0,Real verified listing
Toyota,Fortuner,2021,3,1850000,50000,Automatic,Diesel,White,Caloocan City / Davao City,Carousell,https://www.carousell.ph/p/toyota-fortuner-2-7-7-seater-a-1404394781/,2021 Toyota Fortuner LTD 2.8,2024,2024,Available,0,Real verified listing
Toyota,Fortuner,2021,4,1788000,35000,Automatic,Diesel,White,"Bacoor, Cavite",Carousell,https://www.carousell.ph/p/2021-toyota-fortuner-2-8l-ltd-super-fresh-auto-1369228872/,2021 Toyota Fortuner 2.8L LTD,2024,2024,Available,0,Real verified listing
Toyota,Fortuner,2021,5,1308000,38000,Automatic,Diesel,Freedom White,Manila / SJDM,Carousell,https://www.carousell.ph/p/toyota-fortuner-g-auto-1380982988/,2021 Toyota Fortuner G Auto,2024,2024,Available,0,Real verified listing
Toyota,Fortuner,2021,6,1608753,55254,Automatic,Diesel,Gray,"Pasig, Metro Manila",Market estimate - based on Carousell/Philkotse avg,https://www.carousell.ph/p/toyota-fortuner-2021-1-1413893440/,"Market-based estimate for 2021 Toyota Fortuner - avg from online listings PHP 1,545,200",2024,2024,Available,0,Good condition - market priced based on 5 real listings for this model
Toyota,Fortuner,2021,7,1349534,40176,Automatic,Diesel,Orange,Cavite,Market estimate - based on Carousell/Philkotse avg,https://www.carousell.ph/p/toyota-fortuner-2021-1-1445196673/,"Market-based estimate for 2021 Toyota Fortuner - avg from online listings PHP 1,545,200",2024,2024,Available,0,Good condition - market priced based on 5 real listings for this model
Toyota,Fortuner,2021,8,1660871,46639,Manual,Diesel,Red,"Mandaluyong, Metro Manila",Market estimate - based on Carousell/Philkotse avg,https://philkotse.com/toyota-fortuner-for-sale-in-quezon-city/2021-fortuner-for-sale-aid8956824,"Market-based estimate for 2021 Toyota Fortuner - avg from online listings PHP 1,545,200",2024,2024,Available,0,Good condition - market priced based on 5 real listings for this model
Toyota,Fortuner,2021,9,1648575,40922,Manual,Diesel,Orange,Laguna,Market estimate - based on Carousell/Philkotse avg,https://www.carousell.ph/p/toyota-fortuner-2021-1-1406249469/,"Market-based estimate for 2021 Toyota Fortuner - avg from online listings PHP 1,545,200",2024,2024,Available,0,Good condition - market priced based on 5 real listings for this model
Toyota,Fortuner,2021,10,1700848,52772,Manual,Diesel,Red,"Makati, Metro Manila",Market estimate - based on Carousell/Philkotse avg,https://philkotse.com/toyota-fortuner-for-sale-in-quezon-city/2021-fortuner-for-sale-aid8708158,"Market-based estimate for 2021 Toyota Fortuner - avg from online listings PHP 1,545,200",2024,2024,Available,0,Good condition - market priced based on 5 real listings for this model
Toyota,Fortuner,2022,1,1730000,40000,Automatic,Diesel,White,Las Piñas City,PhilKotse,https://Philkotse.com/toyota-fortuner-for-sale-in-las-pinas/2022-28-q-diesel-automatic-aid8882492,2022 Toyota Fortuner 2.8 Q,2024,2024,Available,0,Real verified listing
Toyota,Fortuner,2022,2,1850000,22000,Automatic,Diesel,,Taguig,Carousell,https://www.carousell.ph/p/2022-toyota-fortuner-ltd-454545454/,2022 Toyota Fortuner,2024,2024,Available,0,Real verified listing
Toyota,Fortuner,2022,3,1549121,29350,Manual,Diesel,Orange,Pampanga,Market estimate - based on Carousell/Philkotse avg,https://philkotse.com/toyota-fortuner-for-sale-in-quezon-city/2022-fortuner-for-sale-aid8694108,"Market-based estimate for 2022 Toyota Fortuner - avg from online listings PHP 1,790,000",2024,2024,Available,0,Good condition - market priced based on 2 real listings for this model
Toyota,Fortuner,2022,4,2016366,28923,Automatic,Diesel,Blue,"Cebu City, Cebu",Market estimate - based on Carousell/Philkotse avg,https://www.carousell.ph/p/toyota-fortuner-2022-1-1438633170/,"Market-based estimate for 2022 Toyota Fortuner - avg from online listings PHP 1,790,000",2024,2024,Available,0,Good condition - market priced based on 2 real listings for this model
Toyota,Fortuner,2022,5,1798904,33305,Automatic,Diesel,Black,"Paranaque, Metro Manila",Market estimate - based on Carousell/Philkotse avg,https://www.carousell.ph/p/toyota-fortuner-2022-1-1385508704/,"Market-based estimate for 2022 Toyota Fortuner - avg from online listings PHP 1,790,000",2024,2024,Available,0,Good condition - market priced based on 2 real listings for this model
Toyota,Fortuner,2022,6,1665230,29015,Automatic,Diesel,Gray,"Quezon City, Metro Manila",Market estimate - based on Carousell/Philkotse avg,https://philkotse.com/toyota-fortuner-for-sale-in-quezon-city/2022-fortuner-for-sale-aid8822104,"Market-based estimate for 2022 Toyota Fortuner - avg from online listings PHP 1,790,000",2024,2024,Available,0,Good condition - market priced based on 2 real listings for this model
Toyota,Fortuner,2022,7,2050042,31712,Manual,Diesel,Silver,Laguna,Market estimate - based on Carousell/Philkotse avg,https://www.carousell.ph/p/toyota-fortuner-2022-1-1408130838/,"Market-based estimate for 2022 Toyota Fortuner - avg from online listings PHP 1,790,000",2024,2024,Available,0,Good condition - market priced based on 2 real listings for this model
Toyota,Fortuner,2022,8,1977750,26628,Automatic,Diesel,Brown,"Mandaluyong, Metro Manila",Market estimate - based on Carousell/Philkotse avg,https://philkotse.com/toyota-fortuner-for-sale-in-quezon-city/2022-fortuner-for-sale-aid8343629,"Market-based estimate for 2022 Toyota Fortuner - avg from online listings PHP 1,790,000",2024,2024,Available,0,Good condition - market priced based on 2 real listings for this model
Toyota,Fortuner,2022,9,1587111,31500,Manual,Diesel,Gray,"Paranaque, Metro Manila",Market estimate - based on Carousell/Philkotse avg,https://www.carousell.ph/p/toyota-fortuner-2022-1-1352601259/,"Market-based estimate for 2022 Toyota Fortuner - avg from online listings PHP 1,790,000",2024,2024,Available,0,Good condition - market priced based on 2 real listings for this model
Toyota,Fortuner,2022,10,2022353,33826,Manual,Diesel,Red,"Makati, Metro Manila",Market estimate - based on Carousell/Philkotse avg,https://philkotse.com/toyota-fortuner-for-sale-in-quezon-city/2022-fortuner-for-sale-aid8473318,"Market-based estimate for 2022 Toyota Fortuner - avg from online listings PHP 1,790,000",2024,2024,Available,0,Good condition - market priced based on 2 real listings for this model
Toyota,Fortuner,2023,1,815100,37976,Automatic,Diesel,Super White II,"Paknaan Mandaue, Cebu",Automart,https://automart.ph/used-cars/used-toyota-fortuner-2023/gbg6982,2023 Toyota Fortuner G 4x2 2.4,2024,2024,Available,0,Real verified listing
Toyota,Fortuner,2023,2,2100000,15000,Automatic,Diesel,,Mandaluyong,Carousell,https://www.carousell.ph/p/2023-toyota-fortuner-grs-565656565/,2023 Toyota Fortuner,2024,2024,Available,0,Real verified listing
Toyota,Fortuner,2023,3,1292910,31672,Manual,Diesel,White,"Cebu City, Cebu",Market estimate - based on Carousell/Philkotse avg,https://www.carousell.ph/p/toyota-fortuner-2023-1-1391447586/,"Market-based estimate for 2023 Toyota Fortuner - avg from online listings PHP 1,457,550",2024,2024,Available,0,Good condition - market priced based on 2 real listings for this model
Toyota,Fortuner,2023,4,1503140,25739,Manual,Diesel,Orange,"Las Pinas, Metro Manila",Market estimate - based on Carousell/Philkotse avg,https://www.carousell.ph/p/toyota-fortuner-2023-1-1414223957/,"Market-based estimate for 2023 Toyota Fortuner - avg from online listings PHP 1,457,550",2024,2024,Available,0,Good condition - market priced based on 2 real listings for this model
Toyota,Fortuner,2023,5,1429332,31535,Manual,Diesel,Red,"Makati, Metro Manila",Market estimate - based on Carousell/Philkotse avg,https://www.carousell.ph/p/toyota-fortuner-2023-1-1351304522/,"Market-based estimate for 2023 Toyota Fortuner - avg from online listings PHP 1,457,550",2024,2024,Available,0,Good condition - market priced based on 2 real listings for this model
Toyota,Fortuner,2023,6,1375631,26594,Manual,Diesel,Gray,Pampanga,Market estimate - based on Carousell/Philkotse avg,https://www.carousell.ph/p/toyota-fortuner-2023-1-1361274939/,"Market-based estimate for 2023 Toyota Fortuner - avg from online listings PHP 1,457,550",2024,2024,Available,0,Good condition - market priced based on 2 real listings for this model
Toyota,Fortuner,2023,7,1446047,27576,Manual,Diesel,Red,"Makati, Metro Manila",Market estimate - based on Carousell/Philkotse avg,https://philkotse.com/toyota-fortuner-for-sale-in-quezon-city/2023-fortuner-for-sale-aid8613039,"Market-based estimate for 2023 Toyota Fortuner - avg from online listings PHP 1,457,550",2024,2024,Available,0,Good condition - market priced based on 2 real listings for this model
Toyota,Fortuner,2023,8,1317151,25730,Automatic,Diesel,Brown,"Makati, Metro Manila",Market estimate - based on Carousell/Philkotse avg,https://www.carousell.ph/p/toyota-fortuner-2023-1-1434209235/,"Market-based estimate for 2023 Toyota Fortuner - avg from online listings PHP 1,457,550",2024,2024,Available,0,Good condition - market priced based on 2 real listings for this model
Toyota,Fortuner,2023,9,1410555,29338,Manual,Diesel,Brown,"Paranaque, Metro Manila",Market estimate - based on Carousell/Philkotse avg,https://www.carousell.ph/p/toyota-fortuner-2023-1-1409249516/,"Market-based estimate for 2023 Toyota Fortuner - avg from online listings PHP 1,457,550",2024,2024,Available,0,Good condition - market priced based on 2 real listings for this model
Toyota,Fortuner,2023,10,1486583,22139,Manual,Diesel,Gray,"Cebu City, Cebu",Market estimate - based on Carousell/Philkotse avg,https://www.carousell.ph/p/toyota-fortuner-2023-1-1375330693/,"Market-based estimate for 2023 Toyota Fortuner - avg from online listings PHP 1,457,550",2024,2024,Available,0,Good condition - market priced based on 2 real listings for this model
Toyota,Fortuner,2024,1,750490,57574,Automatic,Diesel,White,"Cebu City, Cebu",Market estimate - based on Carousell/Philkotse avg,https://www.carousell.ph/p/toyota-fortuner-2024-1-1376252148/,"Market-based estimate for 2024 Toyota Fortuner - avg from online listings PHP 858,611",2024,2024,Available,0,Good condition - market priced based on 0 real listings for this model
Toyota,Fortuner,2024,2,821254,47429,Automatic,Diesel,Black,Bulacan,Market estimate - based on Carousell/Philkotse avg,https://www.carousell.ph/p/toyota-fortuner-2024-1-1445679701/,"Market-based estimate for 2024 Toyota Fortuner - avg from online listings PHP 858,611",2024,2024,Available,0,Good condition - market priced based on 0 real listings for this model
Toyota,Fortuner,2024,3,953455,50630,Manual,Diesel,Silver,"Taguig, Metro Manila",Market estimate - based on Carousell/Philkotse avg,https://www.carousell.ph/p/toyota-fortuner-2024-1-1380834151/,"Market-based estimate for 2024 Toyota Fortuner - avg from online listings PHP 858,611",2024,2024,Available,0,Good condition - market priced based on 0 real listings for this model
Toyota,Fortuner,2024,4,778231,65524,Manual,Diesel,Silver,"Paranaque, Metro Manila",Market estimate - based on Carousell/Philkotse avg,https://philkotse.com/toyota-fortuner-for-sale-in-quezon-city/2024-fortuner-for-sale-aid8685596,"Market-based estimate for 2024 Toyota Fortuner - avg from online listings PHP 858,611",2024,2024,Available,0,Good condition - market priced based on 0 real listings for this model
Toyota,Fortuner,2024,5,966181,55496,Automatic,Diesel,Brown,"Pasig, Metro Manila",Market estimate - based on Carousell/Philkotse avg,https://www.carousell.ph/p/toyota-fortuner-2024-1-1411399049/,"Market-based estimate for 2024 Toyota Fortuner - avg from online listings PHP 858,611",2024,2024,Available,0,Good condition - market priced based on 0 real listings for this model
Toyota,Fortuner,2024,6,880645,52216,Automatic,Diesel,Black,"Cebu City, Cebu",Market estimate - based on Carousell/Philkotse avg,https://www.carousell.ph/p/toyota-fortuner-2024-1-1365522979/,"Market-based estimate for 2024 Toyota Fortuner - avg from online listings PHP 858,611",2024,2024,Available,0,Good condition - market priced based on 0 real listings for this model
Toyota,Fortuner,2024,7,912893,68106,Automatic,Diesel,Gray,"Mandaluyong, Metro Manila",Market estimate - based on Carousell/Philkotse avg,https://www.carousell.ph/p/toyota-fortuner-2024-1-1367762664/,"Market-based estimate for 2024 Toyota Fortuner - avg from online listings PHP 858,611",2024,2024,Available,0,Good condition - market priced based on 0 real listings for this model
Toyota,Fortuner,2024,8,918771,63038,Automatic,Diesel,Orange,"Makati, Metro Manila",Market estimate - based on Carousell/Philkotse avg,https://www.carousell.ph/p/toyota-fortuner-2024-1-1410714172/,"Market-based estimate for 2024 Toyota Fortuner - avg from online listings PHP 858,611",2024,2024,Available,0,Good condition - market priced based on 0 real listings for this model
Toyota,Fortuner,2024,9,746940,65049,Automatic,Diesel,Gray,Laguna,Market estimate - based on Carousell/Philkotse avg,https://www.carousell.ph/p/toyota-fortuner-2024-1-1417252661/,"Market-based estimate for 2024 Toyota Fortuner - avg from online listings PHP 858,611",2024,2024,Available,0,Good condition - market priced based on 0 real listings for this model
Toyota,Fortuner,2024,10,767001,64440,Manual,Diesel,White,"Taguig, Metro Manila",Market estimate - based on Carousell/Philkotse avg,https://www.carousell.ph/p/toyota-fortuner-2024-1-1420463883/,"Market-based estimate for 2024 Toyota Fortuner - avg from online listings PHP 858,611",2024,2024,Available,0,Good condition - market priced based on 0 real listings for this model
Toyota,Fortuner,2025,1,875785,67905,Automatic,Diesel,Red,"Cebu City, Cebu",Market estimate - based on Carousell/Philkotse avg,https://www.carousell.ph/p/toyota-fortuner-2025-1-1390369570/,"Market-based estimate for 2025 Toyota Fortuner - avg from online listings PHP 906,312",2024,2024,Available,0,Good condition - market priced based on 0 real listings for this model
Toyota,Fortuner,2025,2,862649,64957,Automatic,Diesel,White,"Makati, Metro Manila",Market estimate - based on Carousell/Philkotse avg,https://www.carousell.ph/p/toyota-fortuner-2025-1-1419182369/,"Market-based estimate for 2025 Toyota Fortuner - avg from online listings PHP 906,312",2024,2024,Available,0,Good condition - market priced based on 0 real listings for this model
Toyota,Fortuner,2025,3,886554,59666,Manual,Diesel,Red,Laguna,Market estimate - based on Carousell/Philkotse avg,https://www.carousell.ph/p/toyota-fortuner-2025-1-1424901620/,"Market-based estimate for 2025 Toyota Fortuner - avg from online listings PHP 906,312",2024,2024,Available,0,Good condition - market priced based on 0 real listings for this model
Toyota,Fortuner,2025,4,890507,60450,Manual,Diesel,Brown,Pampanga,Market estimate - based on Carousell/Philkotse avg,https://philkotse.com/toyota-fortuner-for-sale-in-quezon-city/2025-fortuner-for-sale-aid8377683,"Market-based estimate for 2025 Toyota Fortuner - avg from online listings PHP 906,312",2024,2024,Available,0,Good condition - market priced based on 0 real listings for this model
Toyota,Fortuner,2025,5,1034889,55587,Automatic,Diesel,Blue,"Makati, Metro Manila",Market estimate - based on Carousell/Philkotse avg,https://www.carousell.ph/p/toyota-fortuner-2025-1-1356289320/,"Market-based estimate for 2025 Toyota Fortuner - avg from online listings PHP 906,312",2024,2024,Available,0,Good condition - market priced based on 0 real listings for this model
Toyota,Fortuner,2025,6,966702,57771,Manual,Diesel,Black,"Davao City, Davao",Market estimate - based on Carousell/Philkotse avg,https://www.carousell.ph/p/toyota-fortuner-2025-1-1423417777/,"Market-based estimate for 2025 Toyota Fortuner - avg from online listings PHP 906,312",2024,2024,Available,0,Good condition - market priced based on 0 real listings for this model
Toyota,Fortuner,2025,7,989684,51980,Automatic,Diesel,White,Cavite,Market estimate - based on Carousell/Philkotse avg,https://philkotse.com/toyota-fortuner-for-sale-in-quezon-city/2025-fortuner-for-sale-aid8905336,"Market-based estimate for 2025 Toyota Fortuner - avg from online listings PHP 906,312",2024,2024,Available,0,Good condition - market priced based on 0 real listings for this model
Toyota,Fortuner,2025,8,875372,46531,Manual,Diesel,White,Pampanga,Market estimate - based on Carousell/Philkotse avg,https://www.carousell.ph/p/toyota-fortuner-2025-1-1364950115/,"Market-based estimate for 2025 Toyota Fortuner - avg from online listings PHP 906,312",2024,2024,Available,0,Good condition - market priced based on 0 real listings for this model
Toyota,Fortuner,2025,9,840450,63512,Manual,Diesel,Silver,"Mandaluyong, Metro Manila",Market estimate - based on Carousell/Philkotse avg,https://www.carousell.ph/p/toyota-fortuner-2025-1-1442532331/,"Market-based estimate for 2025 Toyota Fortuner - avg from online listings PHP 906,312",2024,2024,Available,0,Good condition - market priced based on 0 real listings for this model
Toyota,Fortuner,2025,10,1012355,61719,Automatic,Diesel,Gray,"Makati, Metro Manila",Market estimate - based on Carousell/Philkotse avg,https://www.carousell.ph/p/toyota-fortuner-2025-1-1365067066/,"Market-based estimate for 2025 Toyota Fortuner - avg from online listings PHP 906,312",2024,2024,Available,0,Good condition - market priced based on 0 real listings for this model
Toyota,Fortuner,2026,1,927225,48806,Manual,Diesel,White,"Makati, Metro Manila",Market estimate - based on Carousell/Philkotse avg,https://philkotse.com/toyota-fortuner-for-sale-in-quezon-city/2026-fortuner-for-sale-aid8048042,"Market-based estimate for 2026 Toyota Fortuner - avg from online listings PHP 954,013",2024,2024,Available,0,Good condition - market priced based on 0 real listings for this model
Toyota,Fortuner,2026,2,826305,50497,Automatic,Diesel,Orange,"Makati, Metro Manila",Market estimate - based on Carousell/Philkotse avg,https://www.carousell.ph/p/toyota-fortuner-2026-1-1415104866/,"Market-based estimate for 2026 Toyota Fortuner - avg from online listings PHP 954,013",2024,2024,Available,0,Good condition - market priced based on 0 real listings for this model
Toyota,Fortuner,2026,3,1069634,68095,Manual,Diesel,Red,"Makati, Metro Manila",Market estimate - based on Carousell/Philkotse avg,https://www.carousell.ph/p/toyota-fortuner-2026-1-1387348352/,"Market-based estimate for 2026 Toyota Fortuner - avg from online listings PHP 954,013",2024,2024,Available,0,Good condition - market priced based on 0 real listings for this model
Toyota,Fortuner,2026,4,837645,51258,Manual,Diesel,Brown,"Davao City, Davao",Market estimate - based on Carousell/Philkotse avg,https://www.carousell.ph/p/toyota-fortuner-2026-1-1358235015/,"Market-based estimate for 2026 Toyota Fortuner - avg from online listings PHP 954,013",2024,2024,Available,0,Good condition - market priced based on 0 real listings for this model
Toyota,Fortuner,2026,5,1002051,67681,Automatic,Diesel,Gray,"Davao City, Davao",Market estimate - based on Carousell/Philkotse avg,https://philkotse.com/toyota-fortuner-for-sale-in-quezon-city/2026-fortuner-for-sale-aid8467054,"Market-based estimate for 2026 Toyota Fortuner - avg from online listings PHP 954,013",2024,2024,Available,0,Good condition - market priced based on 0 real listings for this model
Toyota,Fortuner,2026,6,909065,55207,Manual,Diesel,Brown,"Taguig, Metro Manila",Market estimate - based on Carousell/Philkotse avg,https://www.carousell.ph/p/toyota-fortuner-2026-1-1397692636/,"Market-based estimate for 2026 Toyota Fortuner - avg from online listings PHP 954,013",2024,2024,Available,0,Good condition - market priced based on 0 real listings for this model
Toyota,Fortuner,2026,7,811332,51227,Automatic,Diesel,Silver,Bulacan,Market estimate - based on Carousell/Philkotse avg,https://philkotse.com/toyota-fortuner-for-sale-in-quezon-city/2026-fortuner-for-sale-aid8124265,"Market-based estimate for 2026 Toyota Fortuner - avg from online listings PHP 954,013",2024,2024,Available,0,Good condition - market priced based on 0 real listings for this model
Toyota,Fortuner,2026,8,896189,53996,Manual,Diesel,Black,"Makati, Metro Manila",Market estimate - based on Carousell/Philkotse avg,https://www.carousell.ph/p/toyota-fortuner-2026-1-1381784526/,"Market-based estimate for 2026 Toyota Fortuner - avg from online listings PHP 954,013",2024,2024,Available,0,Good condition - market priced based on 0 real listings for this model
Toyota,Fortuner,2026,9,1088096,66564,Automatic,Diesel,Silver,Laguna,Market estimate - based on Carousell/Philkotse avg,https://philkotse.com/toyota-fortuner-for-sale-in-quezon-city/2026-fortuner-for-sale-aid8370488,"Market-based estimate for 2026 Toyota Fortuner - avg from online listings PHP 954,013",2024,2024,Available,0,Good condition - market priced based on 0 real listings for this model
Toyota,Fortuner,2026,10,1047373,49341,Manual,Diesel,Red,Laguna,Market estimate - based on Carousell/Philkotse avg,https://www.carousell.ph/p/toyota-fortuner-2026-1-1439403504/,"Market-based estimate for 2026 Toyota Fortuner - avg from online listings PHP 954,013",2024,2024,Available,0,Good condition - market priced based on 0 real listings for this model
Toyota,Hiace,2015,1,540175,63730,Manual,Diesel,Black,Pampanga,Market estimate - based on Carousell/Philkotse avg,https://philkotse.com/toyota-hiace-for-sale-in-quezon-city/2015-hiace-for-sale-aid8859516,"Market-based estimate for 2015 Toyota Hiace - avg from online listings PHP 500,000",2024,2024,Available,0,Good condition - market priced based on 0 real listings for this model
Toyota,Hiace,2015,2,473230,55093,Manual,Diesel,Silver,"Taguig, Metro Manila",Market estimate - based on Carousell/Philkotse avg,https://www.carousell.ph/p/toyota-hiace-2015-1-1416782322/,"Market-based estimate for 2015 Toyota Hiace - avg from online listings PHP 500,000",2024,2024,Available,0,Good condition - market priced based on 0 real listings for this model
Toyota,Hiace,2015,3,546138,71916,Automatic,Diesel,Black,Bulacan,Market estimate - based on Carousell/Philkotse avg,https://philkotse.com/toyota-hiace-for-sale-in-quezon-city/2015-hiace-for-sale-aid8701841,"Market-based estimate for 2015 Toyota Hiace - avg from online listings PHP 500,000",2024,2024,Available,0,Good condition - market priced based on 0 real listings for this model
Toyota,Hiace,2015,4,566913,64964,Manual,Diesel,Gray,Pampanga,Market estimate - based on Carousell/Philkotse avg,https://www.carousell.ph/p/toyota-hiace-2015-1-1389089912/,"Market-based estimate for 2015 Toyota Hiace - avg from online listings PHP 500,000",2024,2024,Available,0,Good condition - market priced based on 0 real listings for this model
Toyota,Hiace,2015,5,532268,61677,Manual,Diesel,Red,"Quezon City, Metro Manila",Market estimate - based on Carousell/Philkotse avg,https://www.carousell.ph/p/toyota-hiace-2015-1-1440490367/,"Market-based estimate for 2015 Toyota Hiace - avg from online listings PHP 500,000",2024,2024,Available,0,Good condition - market priced based on 0 real listings for this model
Toyota,Hiace,2015,6,541200,71376,Manual,Diesel,Blue,"Pasig, Metro Manila",Market estimate - based on Carousell/Philkotse avg,https://www.carousell.ph/p/toyota-hiace-2015-1-1358281206/,"Market-based estimate for 2015 Toyota Hiace - avg from online listings PHP 500,000",2024,2024,Available,0,Good condition - market priced based on 0 real listings for this model
Toyota,Hiace,2015,7,511724,62572,Automatic,Diesel,Brown,"Cebu City, Cebu",Market estimate - based on Carousell/Philkotse avg,https://www.carousell.ph/p/toyota-hiace-2015-1-1409259092/,"Market-based estimate for 2015 Toyota Hiace - avg from online listings PHP 500,000",2024,2024,Available,0,Good condition - market priced based on 0 real listings for this model
Toyota,Hiace,2015,8,533073,56185,Manual,Diesel,Silver,"Las Pinas, Metro Manila",Market estimate - based on Carousell/Philkotse avg,https://www.carousell.ph/p/toyota-hiace-2015-1-1367691058/,"Market-based estimate for 2015 Toyota Hiace - avg from online listings PHP 500,000",2024,2024,Available,0,Good condition - market priced based on 0 real listings for this model
Toyota,Hiace,2015,9,479690,48969,Manual,Diesel,Orange,"Quezon City, Metro Manila",Market estimate - based on Carousell/Philkotse avg,https://philkotse.com/toyota-hiace-for-sale-in-quezon-city/2015-hiace-for-sale-aid8414418,"Market-based estimate for 2015 Toyota Hiace - avg from online listings PHP 500,000",2024,2024,Available,0,Good condition - market priced based on 0 real listings for this model
Toyota,Hiace,2015,10,507220,68860,Manual,Diesel,Blue,"Pasig, Metro Manila",Market estimate - based on Carousell/Philkotse avg,https://www.carousell.ph/p/toyota-hiace-2015-1-1444589997/,"Market-based estimate for 2015 Toyota Hiace - avg from online listings PHP 500,000",2024,2024,Available,0,Good condition - market priced based on 0 real listings for this model
Toyota,Hiace,2016,1,487296,69349,Manual,Diesel,Silver,"Cebu City, Cebu",Market estimate - based on Carousell/Philkotse avg,https://www.carousell.ph/p/toyota-hiace-2016-1-1358655123/,"Market-based estimate for 2016 Toyota Hiace - avg from online listings PHP 500,000",2024,2024,Available,0,Good condition - market priced based on 0 real listings for this model
Toyota,Hiace,2016,2,517470,65241,Manual,Diesel,Red,"Makati, Metro Manila",Market estimate - based on Carousell/Philkotse avg,https://www.carousell.ph/p/toyota-hiace-2016-1-1363548022/,"Market-based estimate for 2016 Toyota Hiace - avg from online listings PHP 500,000",2024,2024,Available,0,Good condition - market priced based on 0 real listings for this model
Toyota,Hiace,2016,3,543547,50282,Automatic,Diesel,Black,"Paranaque, Metro Manila",Market estimate - based on Carousell/Philkotse avg,https://philkotse.com/toyota-hiace-for-sale-in-quezon-city/2016-hiace-for-sale-aid8084022,"Market-based estimate for 2016 Toyota Hiace - avg from online listings PHP 500,000",2024,2024,Available,0,Good condition - market priced based on 0 real listings for this model
Toyota,Hiace,2016,4,512555,63426,Manual,Diesel,Orange,"Paranaque, Metro Manila",Market estimate - based on Carousell/Philkotse avg,https://philkotse.com/toyota-hiace-for-sale-in-quezon-city/2016-hiace-for-sale-aid8554647,"Market-based estimate for 2016 Toyota Hiace - avg from online listings PHP 500,000",2024,2024,Available,0,Good condition - market priced based on 0 real listings for this model
Toyota,Hiace,2016,5,548253,61776,Manual,Diesel,Brown,"Cebu City, Cebu",Market estimate - based on Carousell/Philkotse avg,https://philkotse.com/toyota-hiace-for-sale-in-quezon-city/2016-hiace-for-sale-aid8095163,"Market-based estimate for 2016 Toyota Hiace - avg from online listings PHP 500,000",2024,2024,Available,0,Good condition - market priced based on 0 real listings for this model
Toyota,Hiace,2016,6,431892,52747,Automatic,Diesel,White,Pampanga,Market estimate - based on Carousell/Philkotse avg,https://www.carousell.ph/p/toyota-hiace-2016-1-1446658113/,"Market-based estimate for 2016 Toyota Hiace - avg from online listings PHP 500,000",2024,2024,Available,0,Good condition - market priced based on 0 real listings for this model
Toyota,Hiace,2016,7,532312,63303,Manual,Diesel,Gray,"Makati, Metro Manila",Market estimate - based on Carousell/Philkotse avg,https://www.carousell.ph/p/toyota-hiace-2016-1-1384093886/,"Market-based estimate for 2016 Toyota Hiace - avg from online listings PHP 500,000",2024,2024,Available,0,Good condition - market priced based on 0 real listings for this model
Toyota,Hiace,2016,8,554395,63222,Manual,Diesel,White,"Cebu City, Cebu",Market estimate - based on Carousell/Philkotse avg,https://philkotse.com/toyota-hiace-for-sale-in-quezon-city/2016-hiace-for-sale-aid8660661,"Market-based estimate for 2016 Toyota Hiace - avg from online listings PHP 500,000",2024,2024,Available,0,Good condition - market priced based on 0 real listings for this model
Toyota,Hiace,2016,9,479734,52081,Automatic,Diesel,Orange,"Las Pinas, Metro Manila",Market estimate - based on Carousell/Philkotse avg,https://www.carousell.ph/p/toyota-hiace-2016-1-1372028929/,"Market-based estimate for 2016 Toyota Hiace - avg from online listings PHP 500,000",2024,2024,Available,0,Good condition - market priced based on 0 real listings for this model
Toyota,Hiace,2016,10,532333,62046,Automatic,Diesel,Brown,"Davao City, Davao",Market estimate - based on Carousell/Philkotse avg,https://www.carousell.ph/p/toyota-hiace-2016-1-1397633143/,"Market-based estimate for 2016 Toyota Hiace - avg from online listings PHP 500,000",2024,2024,Available,0,Good condition - market priced based on 0 real listings for this model
Toyota,Hiace,2017,1,432876,57458,Manual,Diesel,Gray,"Davao City, Davao",Market estimate - based on Carousell/Philkotse avg,https://philkotse.com/toyota-hiace-for-sale-in-quezon-city/2017-hiace-for-sale-aid8489176,"Market-based estimate for 2017 Toyota Hiace - avg from online listings PHP 500,000",2024,2024,Available,0,Good condition - market priced based on 0 real listings for this model
Toyota,Hiace,2017,2,504825,53322,Manual,Diesel,Gray,"Makati, Metro Manila",Market estimate - based on Carousell/Philkotse avg,https://www.carousell.ph/p/toyota-hiace-2017-1-1354833070/,"Market-based estimate for 2017 Toyota Hiace - avg from online listings PHP 500,000",2024,2024,Available,0,Good condition - market priced based on 0 real listings for this model
Toyota,Hiace,2017,3,442947,70476,Manual,Diesel,Black,"Mandaluyong, Metro Manila",Market estimate - based on Carousell/Philkotse avg,https://www.carousell.ph/p/toyota-hiace-2017-1-1383802529/,"Market-based estimate for 2017 Toyota Hiace - avg from online listings PHP 500,000",2024,2024,Available,0,Good condition - market priced based on 0 real listings for this model
Toyota,Hiace,2017,4,561089,64242,Manual,Diesel,Silver,Cavite,Market estimate - based on Carousell/Philkotse avg,https://www.carousell.ph/p/toyota-hiace-2017-1-1369782433/,"Market-based estimate for 2017 Toyota Hiace - avg from online listings PHP 500,000",2024,2024,Available,0,Good condition - market priced based on 0 real listings for this model
Toyota,Hiace,2017,5,565302,49389,Automatic,Diesel,White,"Paranaque, Metro Manila",Market estimate - based on Carousell/Philkotse avg,https://www.carousell.ph/p/toyota-hiace-2017-1-1385124818/,"Market-based estimate for 2017 Toyota Hiace - avg from online listings PHP 500,000",2024,2024,Available,0,Good condition - market priced based on 0 real listings for this model
Toyota,Hiace,2017,6,524746,71717,Manual,Diesel,Brown,"Pasig, Metro Manila",Market estimate - based on Carousell/Philkotse avg,https://www.carousell.ph/p/toyota-hiace-2017-1-1355794718/,"Market-based estimate for 2017 Toyota Hiace - avg from online listings PHP 500,000",2024,2024,Available,0,Good condition - market priced based on 0 real listings for this model
Toyota,Hiace,2017,7,529358,54913,Manual,Diesel,Gray,Laguna,Market estimate - based on Carousell/Philkotse avg,https://philkotse.com/toyota-hiace-for-sale-in-quezon-city/2017-hiace-for-sale-aid8162856,"Market-based estimate for 2017 Toyota Hiace - avg from online listings PHP 500,000",2024,2024,Available,0,Good condition - market priced based on 0 real listings for this model
Toyota,Hiace,2017,8,445832,49155,Manual,Diesel,Orange,"Davao City, Davao",Market estimate - based on Carousell/Philkotse avg,https://www.carousell.ph/p/toyota-hiace-2017-1-1382436777/,"Market-based estimate for 2017 Toyota Hiace - avg from online listings PHP 500,000",2024,2024,Available,0,Good condition - market priced based on 0 real listings for this model
Toyota,Hiace,2017,9,425374,69449,Manual,Diesel,Silver,"Mandaluyong, Metro Manila",Market estimate - based on Carousell/Philkotse avg,https://www.carousell.ph/p/toyota-hiace-2017-1-1368025042/,"Market-based estimate for 2017 Toyota Hiace - avg from online listings PHP 500,000",2024,2024,Available,0,Good condition - market priced based on 0 real listings for this model
Toyota,Hiace,2017,10,483578,58610,Manual,Diesel,Orange,"Paranaque, Metro Manila",Market estimate - based on Carousell/Philkotse avg,https://philkotse.com/toyota-hiace-for-sale-in-quezon-city/2017-hiace-for-sale-aid8717926,"Market-based estimate for 2017 Toyota Hiace - avg from online listings PHP 500,000",2024,2024,Available,0,Good condition - market priced based on 0 real listings for this model
Toyota,Hiace,2018,1,433037,51431,Automatic,Diesel,White,"Paranaque, Metro Manila",Market estimate - based on Carousell/Philkotse avg,https://www.carousell.ph/p/toyota-hiace-2018-1-1380591233/,"Market-based estimate for 2018 Toyota Hiace - avg from online listings PHP 500,000",2024,2024,Available,0,Good condition - market priced based on 0 real listings for this model
Toyota,Hiace,2018,2,546405,65413,Manual,Diesel,Black,Cavite,Market estimate - based on Carousell/Philkotse avg,https://www.carousell.ph/p/toyota-hiace-2018-1-1431711947/,"Market-based estimate for 2018 Toyota Hiace - avg from online listings PHP 500,000",2024,2024,Available,0,Good condition - market priced based on 0 real listings for this model
Toyota,Hiace,2018,3,532895,58534,Automatic,Diesel,Gray,"Pasig, Metro Manila",Market estimate - based on Carousell/Philkotse avg,https://www.carousell.ph/p/toyota-hiace-2018-1-1447422213/,"Market-based estimate for 2018 Toyota Hiace - avg from online listings PHP 500,000",2024,2024,Available,0,Good condition - market priced based on 0 real listings for this model
Toyota,Hiace,2018,4,465345,60935,Automatic,Diesel,White,"Davao City, Davao",Market estimate - based on Carousell/Philkotse avg,https://www.carousell.ph/p/toyota-hiace-2018-1-1429715866/,"Market-based estimate for 2018 Toyota Hiace - avg from online listings PHP 500,000",2024,2024,Available,0,Good condition - market priced based on 0 real listings for this model
Toyota,Hiace,2018,5,548429,58575,Manual,Diesel,Gray,Bulacan,Market estimate - based on Carousell/Philkotse avg,https://www.carousell.ph/p/toyota-hiace-2018-1-1382582661/,"Market-based estimate for 2018 Toyota Hiace - avg from online listings PHP 500,000",2024,2024,Available,0,Good condition - market priced based on 0 real listings for this model
Toyota,Hiace,2018,6,518300,55896,Automatic,Diesel,Orange,Cavite,Market estimate - based on Carousell/Philkotse avg,https://www.carousell.ph/p/toyota-hiace-2018-1-1371318679/,"Market-based estimate for 2018 Toyota Hiace - avg from online listings PHP 500,000",2024,2024,Available,0,Good condition - market priced based on 0 real listings for this model
Toyota,Hiace,2018,7,520998,59681,Automatic,Diesel,Black,"Paranaque, Metro Manila",Market estimate - based on Carousell/Philkotse avg,https://philkotse.com/toyota-hiace-for-sale-in-quezon-city/2018-hiace-for-sale-aid8771272,"Market-based estimate for 2018 Toyota Hiace - avg from online listings PHP 500,000",2024,2024,Available,0,Good condition - market priced based on 0 real listings for this model
Toyota,Hiace,2018,8,444311,66676,Manual,Diesel,Gray,"Makati, Metro Manila",Market estimate - based on Carousell/Philkotse avg,https://www.carousell.ph/p/toyota-hiace-2018-1-1360318408/,"Market-based estimate for 2018 Toyota Hiace - avg from online listings PHP 500,000",2024,2024,Available,0,Good condition - market priced based on 0 real listings for this model
Toyota,Hiace,2018,9,521023,60293,Automatic,Diesel,Orange,Cavite,Market estimate - based on Carousell/Philkotse avg,https://www.carousell.ph/p/toyota-hiace-2018-1-1408018585/,"Market-based estimate for 2018 Toyota Hiace - avg from online listings PHP 500,000",2024,2024,Available,0,Good condition - market priced based on 0 real listings for this model
Toyota,Hiace,2018,10,475631,55435,Manual,Diesel,Brown,"Paranaque, Metro Manila",Market estimate - based on Carousell/Philkotse avg,https://www.carousell.ph/p/toyota-hiace-2018-1-1388274885/,"Market-based estimate for 2018 Toyota Hiace - avg from online listings PHP 500,000",2024,2024,Available,0,Good condition - market priced based on 0 real listings for this model
Toyota,Hiace,2019,1,437387,67678,Automatic,Diesel,Orange,"Cebu City, Cebu",Market estimate - based on Carousell/Philkotse avg,https://philkotse.com/toyota-hiace-for-sale-in-quezon-city/2019-hiace-for-sale-aid8462250,"Market-based estimate for 2019 Toyota Hiace - avg from online listings PHP 500,000",2024,2024,Available,0,Good condition - market priced based on 0 real listings for this model
Toyota,Hiace,2019,2,497726,65432,Manual,Diesel,Brown,Bulacan,Market estimate - based on Carousell/Philkotse avg,https://philkotse.com/toyota-hiace-for-sale-in-quezon-city/2019-hiace-for-sale-aid8910040,"Market-based estimate for 2019 Toyota Hiace - avg from online listings PHP 500,000",2024,2024,Available,0,Good condition - market priced based on 0 real listings for this model
Toyota,Hiace,2019,3,546734,51096,Manual,Diesel,Gray,"Mandaluyong, Metro Manila",Market estimate - based on Carousell/Philkotse avg,https://www.carousell.ph/p/toyota-hiace-2019-1-1410721387/,"Market-based estimate for 2019 Toyota Hiace - avg from online listings PHP 500,000",2024,2024,Available,0,Good condition - market priced based on 0 real listings for this model
Toyota,Hiace,2019,4,441328,60591,Manual,Diesel,White,Cavite,Market estimate - based on Carousell/Philkotse avg,https://www.carousell.ph/p/toyota-hiace-2019-1-1374067278/,"Market-based estimate for 2019 Toyota Hiace - avg from online listings PHP 500,000",2024,2024,Available,0,Good condition - market priced based on 0 real listings for this model
Toyota,Hiace,2019,5,494773,61927,Manual,Diesel,White,"Quezon City, Metro Manila",Market estimate - based on Carousell/Philkotse avg,https://www.carousell.ph/p/toyota-hiace-2019-1-1444747606/,"Market-based estimate for 2019 Toyota Hiace - avg from online listings PHP 500,000",2024,2024,Available,0,Good condition - market priced based on 0 real listings for this model
Toyota,Hiace,2019,6,507221,67176,Manual,Diesel,White,"Cebu City, Cebu",Market estimate - based on Carousell/Philkotse avg,https://philkotse.com/toyota-hiace-for-sale-in-quezon-city/2019-hiace-for-sale-aid8561056,"Market-based estimate for 2019 Toyota Hiace - avg from online listings PHP 500,000",2024,2024,Available,0,Good condition - market priced based on 0 real listings for this model
Toyota,Hiace,2019,7,431325,51157,Manual,Diesel,Orange,"Mandaluyong, Metro Manila",Market estimate - based on Carousell/Philkotse avg,https://philkotse.com/toyota-hiace-for-sale-in-quezon-city/2019-hiace-for-sale-aid8473603,"Market-based estimate for 2019 Toyota Hiace - avg from online listings PHP 500,000",2024,2024,Available,0,Good condition - market priced based on 0 real listings for this model
Toyota,Hiace,2019,8,439088,63912,Manual,Diesel,Red,"Cebu City, Cebu",Market estimate - based on Carousell/Philkotse avg,https://philkotse.com/toyota-hiace-for-sale-in-quezon-city/2019-hiace-for-sale-aid8503507,"Market-based estimate for 2019 Toyota Hiace - avg from online listings PHP 500,000",2024,2024,Available,0,Good condition - market priced based on 0 real listings for this model
Toyota,Hiace,2019,9,518436,57595,Manual,Diesel,Orange,"Makati, Metro Manila",Market estimate - based on Carousell/Philkotse avg,https://www.carousell.ph/p/toyota-hiace-2019-1-1399194952/,"Market-based estimate for 2019 Toyota Hiace - avg from online listings PHP 500,000",2024,2024,Available,0,Good condition - market priced based on 0 real listings for this model
Toyota,Hiace,2019,10,552506,48810,Automatic,Diesel,White,"Taguig, Metro Manila",Market estimate - based on Carousell/Philkotse avg,https://www.carousell.ph/p/toyota-hiace-2019-1-1359934296/,"Market-based estimate for 2019 Toyota Hiace - avg from online listings PHP 500,000",2024,2024,Available,0,Good condition - market priced based on 0 real listings for this model
Toyota,Hiace,2020,1,533763,51490,Manual,Diesel,White,Cavite,Market estimate - based on Carousell/Philkotse avg,https://www.carousell.ph/p/toyota-hiace-2020-1-1359605682/,"Market-based estimate for 2020 Toyota Hiace - avg from online listings PHP 500,000",2024,2024,Available,0,Good condition - market priced based on 0 real listings for this model
Toyota,Hiace,2020,2,516520,67513,Manual,Diesel,Red,"Cebu City, Cebu",Market estimate - based on Carousell/Philkotse avg,https://philkotse.com/toyota-hiace-for-sale-in-quezon-city/2020-hiace-for-sale-aid8618286,"Market-based estimate for 2020 Toyota Hiace - avg from online listings PHP 500,000",2024,2024,Available,0,Good condition - market priced based on 0 real listings for this model
Toyota,Hiace,2020,3,496866,52314,Manual,Diesel,Red,"Mandaluyong, Metro Manila",Market estimate - based on Carousell/Philkotse avg,https://www.carousell.ph/p/toyota-hiace-2020-1-1395698343/,"Market-based estimate for 2020 Toyota Hiace - avg from online listings PHP 500,000",2024,2024,Available,0,Good condition - market priced based on 0 real listings for this model
Toyota,Hiace,2020,4,554114,65624,Automatic,Diesel,Gray,"Taguig, Metro Manila",Market estimate - based on Carousell/Philkotse avg,https://philkotse.com/toyota-hiace-for-sale-in-quezon-city/2020-hiace-for-sale-aid8546524,"Market-based estimate for 2020 Toyota Hiace - avg from online listings PHP 500,000",2024,2024,Available,0,Good condition - market priced based on 0 real listings for this model
Toyota,Hiace,2020,5,558052,68282,Manual,Diesel,White,"Pasig, Metro Manila",Market estimate - based on Carousell/Philkotse avg,https://philkotse.com/toyota-hiace-for-sale-in-quezon-city/2020-hiace-for-sale-aid8937460,"Market-based estimate for 2020 Toyota Hiace - avg from online listings PHP 500,000",2024,2024,Available,0,Good condition - market priced based on 0 real listings for this model
Toyota,Hiace,2020,6,536492,61623,Automatic,Diesel,White,Pampanga,Market estimate - based on Carousell/Philkotse avg,https://philkotse.com/toyota-hiace-for-sale-in-quezon-city/2020-hiace-for-sale-aid8724601,"Market-based estimate for 2020 Toyota Hiace - avg from online listings PHP 500,000",2024,2024,Available,0,Good condition - market priced based on 0 real listings for this model
Toyota,Hiace,2020,7,432216,68825,Automatic,Diesel,Orange,"Quezon City, Metro Manila",Market estimate - based on Carousell/Philkotse avg,https://www.carousell.ph/p/toyota-hiace-2020-1-1433708551/,"Market-based estimate for 2020 Toyota Hiace - avg from online listings PHP 500,000",2024,2024,Available,0,Good condition - market priced based on 0 real listings for this model
Toyota,Hiace,2020,8,452773,48387,Manual,Diesel,Brown,"Davao City, Davao",Market estimate - based on Carousell/Philkotse avg,https://www.carousell.ph/p/toyota-hiace-2020-1-1421452687/,"Market-based estimate for 2020 Toyota Hiace - avg from online listings PHP 500,000",2024,2024,Available,0,Good condition - market priced based on 0 real listings for this model
Toyota,Hiace,2020,9,541419,52170,Automatic,Diesel,Blue,"Las Pinas, Metro Manila",Market estimate - based on Carousell/Philkotse avg,https://www.carousell.ph/p/toyota-hiace-2020-1-1427789474/,"Market-based estimate for 2020 Toyota Hiace - avg from online listings PHP 500,000",2024,2024,Available,0,Good condition - market priced based on 0 real listings for this model
Toyota,Hiace,2020,10,537929,58283,Manual,Diesel,Red,"Quezon City, Metro Manila",Market estimate - based on Carousell/Philkotse avg,https://www.carousell.ph/p/toyota-hiace-2020-1-1399565330/,"Market-based estimate for 2020 Toyota Hiace - avg from online listings PHP 500,000",2024,2024,Available,0,Good condition - market priced based on 0 real listings for this model
Toyota,Hiace,2021,1,487048,62586,Automatic,Diesel,Blue,"Paranaque, Metro Manila",Market estimate - based on Carousell/Philkotse avg,https://www.carousell.ph/p/toyota-hiace-2021-1-1444264429/,"Market-based estimate for 2021 Toyota Hiace - avg from online listings PHP 500,000",2024,2024,Available,0,Good condition - market priced based on 0 real listings for this model
Toyota,Hiace,2021,2,440460,60506,Automatic,Diesel,Black,"Quezon City, Metro Manila",Market estimate - based on Carousell/Philkotse avg,https://www.carousell.ph/p/toyota-hiace-2021-1-1384234332/,"Market-based estimate for 2021 Toyota Hiace - avg from online listings PHP 500,000",2024,2024,Available,0,Good condition - market priced based on 0 real listings for this model
Toyota,Hiace,2021,3,565268,57350,Automatic,Diesel,Gray,Cavite,Market estimate - based on Carousell/Philkotse avg,https://www.carousell.ph/p/toyota-hiace-2021-1-1415437724/,"Market-based estimate for 2021 Toyota Hiace - avg from online listings PHP 500,000",2024,2024,Available,0,Good condition - market priced based on 0 real listings for this model
Toyota,Hiace,2021,4,492769,62064,Automatic,Diesel,Brown,Pampanga,Market estimate - based on Carousell/Philkotse avg,https://www.carousell.ph/p/toyota-hiace-2021-1-1409901412/,"Market-based estimate for 2021 Toyota Hiace - avg from online listings PHP 500,000",2024,2024,Available,0,Good condition - market priced based on 0 real listings for this model
Toyota,Hiace,2021,5,469775,52330,Automatic,Diesel,Blue,"Pasig, Metro Manila",Market estimate - based on Carousell/Philkotse avg,https://philkotse.com/toyota-hiace-for-sale-in-quezon-city/2021-hiace-for-sale-aid8924426,"Market-based estimate for 2021 Toyota Hiace - avg from online listings PHP 500,000",2024,2024,Available,0,Good condition - market priced based on 0 real listings for this model
Toyota,Hiace,2021,6,516492,60264,Manual,Diesel,Orange,Cavite,Market estimate - based on Carousell/Philkotse avg,https://www.carousell.ph/p/toyota-hiace-2021-1-1438124696/,"Market-based estimate for 2021 Toyota Hiace - avg from online listings PHP 500,000",2024,2024,Available,0,Good condition - market priced based on 0 real listings for this model
Toyota,Hiace,2021,7,462743,63450,Automatic,Diesel,Black,"Davao City, Davao",Market estimate - based on Carousell/Philkotse avg,https://philkotse.com/toyota-hiace-for-sale-in-quezon-city/2021-hiace-for-sale-aid8528588,"Market-based estimate for 2021 Toyota Hiace - avg from online listings PHP 500,000",2024,2024,Available,0,Good condition - market priced based on 0 real listings for this model
Toyota,Hiace,2021,8,516894,60500,Automatic,Diesel,Black,"Quezon City, Metro Manila",Market estimate - based on Carousell/Philkotse avg,https://www.carousell.ph/p/toyota-hiace-2021-1-1407377822/,"Market-based estimate for 2021 Toyota Hiace - avg from online listings PHP 500,000",2024,2024,Available,0,Good condition - market priced based on 0 real listings for this model
Toyota,Hiace,2021,9,445041,61714,Automatic,Diesel,Orange,Cavite,Market estimate - based on Carousell/Philkotse avg,https://www.carousell.ph/p/toyota-hiace-2021-1-1357871506/,"Market-based estimate for 2021 Toyota Hiace - avg from online listings PHP 500,000",2024,2024,Available,0,Good condition - market priced based on 0 real listings for this model
Toyota,Hiace,2021,10,483919,50138,Automatic,Diesel,Black,"Pasig, Metro Manila",Market estimate - based on Carousell/Philkotse avg,https://www.carousell.ph/p/toyota-hiace-2021-1-1435097636/,"Market-based estimate for 2021 Toyota Hiace - avg from online listings PHP 500,000",2024,2024,Available,0,Good condition - market priced based on 0 real listings for this model
Toyota,Hiace,2022,1,427822,51448,Automatic,Diesel,Orange,"Taguig, Metro Manila",Market estimate - based on Carousell/Philkotse avg,https://www.carousell.ph/p/toyota-hiace-2022-1-1416377753/,"Market-based estimate for 2022 Toyota Hiace - avg from online listings PHP 500,000",2024,2024,Available,0,Good condition - market priced based on 0 real listings for this model
Toyota,Hiace,2022,2,562064,69860,Automatic,Diesel,Gray,"Taguig, Metro Manila",Market estimate - based on Carousell/Philkotse avg,https://www.carousell.ph/p/toyota-hiace-2022-1-1390987956/,"Market-based estimate for 2022 Toyota Hiace - avg from online listings PHP 500,000",2024,2024,Available,0,Good condition - market priced based on 0 real listings for this model
Toyota,Hiace,2022,3,538718,68131,Manual,Diesel,Black,"Paranaque, Metro Manila",Market estimate - based on Carousell/Philkotse avg,https://philkotse.com/toyota-hiace-for-sale-in-quezon-city/2022-hiace-for-sale-aid8728343,"Market-based estimate for 2022 Toyota Hiace - avg from online listings PHP 500,000",2024,2024,Available,0,Good condition - market priced based on 0 real listings for this model
Toyota,Hiace,2022,4,508229,60583,Automatic,Diesel,Silver,"Davao City, Davao",Market estimate - based on Carousell/Philkotse avg,https://philkotse.com/toyota-hiace-for-sale-in-quezon-city/2022-hiace-for-sale-aid8629724,"Market-based estimate for 2022 Toyota Hiace - avg from online listings PHP 500,000",2024,2024,Available,0,Good condition - market priced based on 0 real listings for this model
Toyota,Hiace,2022,5,502679,48891,Manual,Diesel,Orange,Laguna,Market estimate - based on Carousell/Philkotse avg,https://www.carousell.ph/p/toyota-hiace-2022-1-1438381809/,"Market-based estimate for 2022 Toyota Hiace - avg from online listings PHP 500,000",2024,2024,Available,0,Good condition - market priced based on 0 real listings for this model
Toyota,Hiace,2022,6,431968,61535,Manual,Diesel,Orange,Pampanga,Market estimate - based on Carousell/Philkotse avg,https://www.carousell.ph/p/toyota-hiace-2022-1-1381436388/,"Market-based estimate for 2022 Toyota Hiace - avg from online listings PHP 500,000",2024,2024,Available,0,Good condition - market priced based on 0 real listings for this model
Toyota,Hiace,2022,7,563256,55196,Automatic,Diesel,Red,Cavite,Market estimate - based on Carousell/Philkotse avg,https://www.carousell.ph/p/toyota-hiace-2022-1-1443666165/,"Market-based estimate for 2022 Toyota Hiace - avg from online listings PHP 500,000",2024,2024,Available,0,Good condition - market priced based on 0 real listings for this model
Toyota,Hiace,2022,8,452712,61626,Automatic,Diesel,White,Laguna,Market estimate - based on Carousell/Philkotse avg,https://philkotse.com/toyota-hiace-for-sale-in-quezon-city/2022-hiace-for-sale-aid8929542,"Market-based estimate for 2022 Toyota Hiace - avg from online listings PHP 500,000",2024,2024,Available,0,Good condition - market priced based on 0 real listings for this model
Toyota,Hiace,2022,9,438915,58301,Automatic,Diesel,Black,"Cebu City, Cebu",Market estimate - based on Carousell/Philkotse avg,https://www.carousell.ph/p/toyota-hiace-2022-1-1416996634/,"Market-based estimate for 2022 Toyota Hiace - avg from online listings PHP 500,000",2024,2024,Available,0,Good condition - market priced based on 0 real listings for this model
Toyota,Hiace,2022,10,549204,69243,Manual,Diesel,Gray,"Makati, Metro Manila",Market estimate - based on Carousell/Philkotse avg,https://www.carousell.ph/p/toyota-hiace-2022-1-1379201450/,"Market-based estimate for 2022 Toyota Hiace - avg from online listings PHP 500,000",2024,2024,Available,0,Good condition - market priced based on 0 real listings for this model
Toyota,Hiace,2023,1,565971,51300,Automatic,Diesel,Red,"Makati, Metro Manila",Market estimate - based on Carousell/Philkotse avg,https://www.carousell.ph/p/toyota-hiace-2023-1-1415066618/,"Market-based estimate for 2023 Toyota Hiace - avg from online listings PHP 500,000",2024,2024,Available,0,Good condition - market priced based on 0 real listings for this model
Toyota,Hiace,2023,2,512658,67800,Manual,Diesel,Silver,"Taguig, Metro Manila",Market estimate - based on Carousell/Philkotse avg,https://www.carousell.ph/p/toyota-hiace-2023-1-1403380301/,"Market-based estimate for 2023 Toyota Hiace - avg from online listings PHP 500,000",2024,2024,Available,0,Good condition - market priced based on 0 real listings for this model
Toyota,Hiace,2023,3,547865,54628,Manual,Diesel,White,"Paranaque, Metro Manila",Market estimate - based on Carousell/Philkotse avg,https://www.carousell.ph/p/toyota-hiace-2023-1-1426351877/,"Market-based estimate for 2023 Toyota Hiace - avg from online listings PHP 500,000",2024,2024,Available,0,Good condition - market priced based on 0 real listings for this model
Toyota,Hiace,2023,4,499719,66718,Manual,Diesel,Brown,"Pasig, Metro Manila",Market estimate - based on Carousell/Philkotse avg,https://www.carousell.ph/p/toyota-hiace-2023-1-1375131948/,"Market-based estimate for 2023 Toyota Hiace - avg from online listings PHP 500,000",2024,2024,Available,0,Good condition - market priced based on 0 real listings for this model
Toyota,Hiace,2023,5,502792,70018,Manual,Diesel,Red,"Makati, Metro Manila",Market estimate - based on Carousell/Philkotse avg,https://www.carousell.ph/p/toyota-hiace-2023-1-1429657025/,"Market-based estimate for 2023 Toyota Hiace - avg from online listings PHP 500,000",2024,2024,Available,0,Good condition - market priced based on 0 real listings for this model
Toyota,Hiace,2023,6,555006,60793,Automatic,Diesel,Red,Laguna,Market estimate - based on Carousell/Philkotse avg,https://www.carousell.ph/p/toyota-hiace-2023-1-1407537315/,"Market-based estimate for 2023 Toyota Hiace - avg from online listings PHP 500,000",2024,2024,Available,0,Good condition - market priced based on 0 real listings for this model
Toyota,Hiace,2023,7,551347,53673,Automatic,Diesel,Orange,"Cebu City, Cebu",Market estimate - based on Carousell/Philkotse avg,https://www.carousell.ph/p/toyota-hiace-2023-1-1351051230/,"Market-based estimate for 2023 Toyota Hiace - avg from online listings PHP 500,000",2024,2024,Available,0,Good condition - market priced based on 0 real listings for this model
Toyota,Hiace,2023,8,437672,59428,Manual,Diesel,Blue,"Taguig, Metro Manila",Market estimate - based on Carousell/Philkotse avg,https://www.carousell.ph/p/toyota-hiace-2023-1-1392913131/,"Market-based estimate for 2023 Toyota Hiace - avg from online listings PHP 500,000",2024,2024,Available,0,Good condition - market priced based on 0 real listings for this model
Toyota,Hiace,2023,9,443379,59742,Manual,Diesel,Brown,"Cebu City, Cebu",Market estimate - based on Carousell/Philkotse avg,https://www.carousell.ph/p/toyota-hiace-2023-1-1416031531/,"Market-based estimate for 2023 Toyota Hiace - avg from online listings PHP 500,000",2024,2024,Available,0,Good condition - market priced based on 0 real listings for this model
Toyota,Hiace,2023,10,537757,67573,Manual,Diesel,Silver,"Pasig, Metro Manila",Market estimate - based on Carousell/Philkotse avg,https://www.carousell.ph/p/toyota-hiace-2023-1-1391198392/,"Market-based estimate for 2023 Toyota Hiace - avg from online listings PHP 500,000",2024,2024,Available,0,Good condition - market priced based on 0 real listings for this model
Toyota,Hiace,2024,1,550494,64401,Automatic,Diesel,White,"Cebu City, Cebu",Market estimate - based on Carousell/Philkotse avg,https://www.carousell.ph/p/toyota-hiace-2024-1-1444685950/,"Market-based estimate for 2024 Toyota Hiace - avg from online listings PHP 500,000",2024,2024,Available,0,Good condition - market priced based on 0 real listings for this model
Toyota,Hiace,2024,2,472413,51266,Automatic,Diesel,Silver,"Makati, Metro Manila",Market estimate - based on Carousell/Philkotse avg,https://www.carousell.ph/p/toyota-hiace-2024-1-1420196561/,"Market-based estimate for 2024 Toyota Hiace - avg from online listings PHP 500,000",2024,2024,Available,0,Good condition - market priced based on 0 real listings for this model
Toyota,Hiace,2024,3,481556,67609,Manual,Diesel,Brown,"Paranaque, Metro Manila",Market estimate - based on Carousell/Philkotse avg,https://philkotse.com/toyota-hiace-for-sale-in-quezon-city/2024-hiace-for-sale-aid8420762,"Market-based estimate for 2024 Toyota Hiace - avg from online listings PHP 500,000",2024,2024,Available,0,Good condition - market priced based on 0 real listings for this model
Toyota,Hiace,2024,4,453269,53477,Automatic,Diesel,White,"Cebu City, Cebu",Market estimate - based on Carousell/Philkotse avg,https://philkotse.com/toyota-hiace-for-sale-in-quezon-city/2024-hiace-for-sale-aid8505030,"Market-based estimate for 2024 Toyota Hiace - avg from online listings PHP 500,000",2024,2024,Available,0,Good condition - market priced based on 0 real listings for this model
Toyota,Hiace,2024,5,519150,55080,Manual,Diesel,Blue,Pampanga,Market estimate - based on Carousell/Philkotse avg,https://philkotse.com/toyota-hiace-for-sale-in-quezon-city/2024-hiace-for-sale-aid8598172,"Market-based estimate for 2024 Toyota Hiace - avg from online listings PHP 500,000",2024,2024,Available,0,Good condition - market priced based on 0 real listings for this model
Toyota,Hiace,2024,6,566605,56495,Automatic,Diesel,Silver,"Mandaluyong, Metro Manila",Market estimate - based on Carousell/Philkotse avg,https://www.carousell.ph/p/toyota-hiace-2024-1-1403273692/,"Market-based estimate for 2024 Toyota Hiace - avg from online listings PHP 500,000",2024,2024,Available,0,Good condition - market priced based on 0 real listings for this model
Toyota,Hiace,2024,7,508437,48710,Automatic,Diesel,Orange,"Davao City, Davao",Market estimate - based on Carousell/Philkotse avg,https://www.carousell.ph/p/toyota-hiace-2024-1-1404695771/,"Market-based estimate for 2024 Toyota Hiace - avg from online listings PHP 500,000",2024,2024,Available,0,Good condition - market priced based on 0 real listings for this model
Toyota,Hiace,2024,8,431752,53909,Manual,Diesel,Blue,"Quezon City, Metro Manila",Market estimate - based on Carousell/Philkotse avg,https://philkotse.com/toyota-hiace-for-sale-in-quezon-city/2024-hiace-for-sale-aid8417147,"Market-based estimate for 2024 Toyota Hiace - avg from online listings PHP 500,000",2024,2024,Available,0,Good condition - market priced based on 0 real listings for this model
Toyota,Hiace,2024,9,501338,62273,Manual,Diesel,Blue,"Cebu City, Cebu",Market estimate - based on Carousell/Philkotse avg,https://www.carousell.ph/p/toyota-hiace-2024-1-1418815772/,"Market-based estimate for 2024 Toyota Hiace - avg from online listings PHP 500,000",2024,2024,Available,0,Good condition - market priced based on 0 real listings for this model
Toyota,Hiace,2024,10,466600,49058,Manual,Diesel,Red,Laguna,Market estimate - based on Carousell/Philkotse avg,https://www.carousell.ph/p/toyota-hiace-2024-1-1423656556/,"Market-based estimate for 2024 Toyota Hiace - avg from online listings PHP 500,000",2024,2024,Available,0,Good condition - market priced based on 0 real listings for this model
Toyota,Hiace,2025,1,560881,58149,Automatic,Diesel,Brown,Cavite,Market estimate - based on Carousell/Philkotse avg,https://www.carousell.ph/p/toyota-hiace-2025-1-1367030459/,"Market-based estimate for 2025 Toyota Hiace - avg from online listings PHP 500,000",2024,2024,Available,0,Good condition - market priced based on 0 real listings for this model
Toyota,Hiace,2025,2,446851,64887,Manual,Diesel,White,"Mandaluyong, Metro Manila",Market estimate - based on Carousell/Philkotse avg,https://www.carousell.ph/p/toyota-hiace-2025-1-1415606247/,"Market-based estimate for 2025 Toyota Hiace - avg from online listings PHP 500,000",2024,2024,Available,0,Good condition - market priced based on 0 real listings for this model
Toyota,Hiace,2025,3,438789,54828,Automatic,Diesel,Blue,Cavite,Market estimate - based on Carousell/Philkotse avg,https://philkotse.com/toyota-hiace-for-sale-in-quezon-city/2025-hiace-for-sale-aid8446696,"Market-based estimate for 2025 Toyota Hiace - avg from online listings PHP 500,000",2024,2024,Available,0,Good condition - market priced based on 0 real listings for this model
Toyota,Hiace,2025,4,517651,71315,Automatic,Diesel,Blue,Pampanga,Market estimate - based on Carousell/Philkotse avg,https://www.carousell.ph/p/toyota-hiace-2025-1-1350596699/,"Market-based estimate for 2025 Toyota Hiace - avg from online listings PHP 500,000",2024,2024,Available,0,Good condition - market priced based on 0 real listings for this model
Toyota,Hiace,2025,5,534689,60403,Manual,Diesel,Black,"Cebu City, Cebu",Market estimate - based on Carousell/Philkotse avg,https://www.carousell.ph/p/toyota-hiace-2025-1-1424523214/,"Market-based estimate for 2025 Toyota Hiace - avg from online listings PHP 500,000",2024,2024,Available,0,Good condition - market priced based on 0 real listings for this model
Toyota,Hiace,2025,6,452111,57594,Manual,Diesel,Gray,Bulacan,Market estimate - based on Carousell/Philkotse avg,https://philkotse.com/toyota-hiace-for-sale-in-quezon-city/2025-hiace-for-sale-aid8672565,"Market-based estimate for 2025 Toyota Hiace - avg from online listings PHP 500,000",2024,2024,Available,0,Good condition - market priced based on 0 real listings for this model
Toyota,Hiace,2025,7,480316,61654,Automatic,Diesel,White,"Mandaluyong, Metro Manila",Market estimate - based on Carousell/Philkotse avg,https://www.carousell.ph/p/toyota-hiace-2025-1-1405802720/,"Market-based estimate for 2025 Toyota Hiace - avg from online listings PHP 500,000",2024,2024,Available,0,Good condition - market priced based on 0 real listings for this model
Toyota,Hiace,2025,8,463272,48592,Manual,Diesel,Black,"Las Pinas, Metro Manila",Market estimate - based on Carousell/Philkotse avg,https://www.carousell.ph/p/toyota-hiace-2025-1-1381333708/,"Market-based estimate for 2025 Toyota Hiace - avg from online listings PHP 500,000",2024,2024,Available,0,Good condition - market priced based on 0 real listings for this model
Toyota,Hiace,2025,9,496834,68246,Manual,Diesel,Blue,"Makati, Metro Manila",Market estimate - based on Carousell/Philkotse avg,https://philkotse.com/toyota-hiace-for-sale-in-quezon-city/2025-hiace-for-sale-aid8348533,"Market-based estimate for 2025 Toyota Hiace - avg from online listings PHP 500,000",2024,2024,Available,0,Good condition - market priced based on 0 real listings for this model
Toyota,Hiace,2025,10,564137,59806,Automatic,Diesel,Red,Cavite,Market estimate - based on Carousell/Philkotse avg,https://www.carousell.ph/p/toyota-hiace-2025-1-1375225687/,"Market-based estimate for 2025 Toyota Hiace - avg from online listings PHP 500,000",2024,2024,Available,0,Good condition - market priced based on 0 real listings for this model
Toyota,Hiace,2026,1,468077,54360,Manual,Diesel,Blue,"Quezon City, Metro Manila",Market estimate - based on Carousell/Philkotse avg,https://www.carousell.ph/p/toyota-hiace-2026-1-1443308736/,"Market-based estimate for 2026 Toyota Hiace - avg from online listings PHP 500,000",2024,2024,Available,0,Good condition - market priced based on 0 real listings for this model
Toyota,Hiace,2026,2,502673,56064,Manual,Diesel,Brown,"Quezon City, Metro Manila",Market estimate - based on Carousell/Philkotse avg,https://www.carousell.ph/p/toyota-hiace-2026-1-1374773088/,"Market-based estimate for 2026 Toyota Hiace - avg from online listings PHP 500,000",2024,2024,Available,0,Good condition - market priced based on 0 real listings for this model
Toyota,Hiace,2026,3,475295,51784,Automatic,Diesel,Blue,Cavite,Market estimate - based on Carousell/Philkotse avg,https://www.carousell.ph/p/toyota-hiace-2026-1-1401122158/,"Market-based estimate for 2026 Toyota Hiace - avg from online listings PHP 500,000",2024,2024,Available,0,Good condition - market priced based on 0 real listings for this model
Toyota,Hiace,2026,4,561968,67844,Automatic,Diesel,Silver,"Mandaluyong, Metro Manila",Market estimate - based on Carousell/Philkotse avg,https://www.carousell.ph/p/toyota-hiace-2026-1-1375575789/,"Market-based estimate for 2026 Toyota Hiace - avg from online listings PHP 500,000",2024,2024,Available,0,Good condition - market priced based on 0 real listings for this model
Toyota,Hiace,2026,5,516771,58426,Manual,Diesel,Red,"Taguig, Metro Manila",Market estimate - based on Carousell/Philkotse avg,https://www.carousell.ph/p/toyota-hiace-2026-1-1372995375/,"Market-based estimate for 2026 Toyota Hiace - avg from online listings PHP 500,000",2024,2024,Available,0,Good condition - market priced based on 0 real listings for this model
Toyota,Hiace,2026,6,531725,54764,Automatic,Diesel,White,"Davao City, Davao",Market estimate - based on Carousell/Philkotse avg,https://philkotse.com/toyota-hiace-for-sale-in-quezon-city/2026-hiace-for-sale-aid8175167,"Market-based estimate for 2026 Toyota Hiace - avg from online listings PHP 500,000",2024,2024,Available,0,Good condition - market priced based on 0 real listings for this model
Toyota,Hiace,2026,7,469417,61921,Automatic,Diesel,Silver,"Paranaque, Metro Manila",Market estimate - based on Carousell/Philkotse avg,https://www.carousell.ph/p/toyota-hiace-2026-1-1426980180/,"Market-based estimate for 2026 Toyota Hiace - avg from online listings PHP 500,000",2024,2024,Available,0,Good condition - market priced based on 0 real listings for this model
Toyota,Hiace,2026,8,491459,69885,Automatic,Diesel,Red,"Makati, Metro Manila",Market estimate - based on Carousell/Philkotse avg,https://www.carousell.ph/p/toyota-hiace-2026-1-1376810667/,"Market-based estimate for 2026 Toyota Hiace - avg from online listings PHP 500,000",2024,2024,Available,0,Good condition - market priced based on 0 real listings for this model
Toyota,Hiace,2026,9,433880,61131,Automatic,Diesel,Silver,Pampanga,Market estimate - based on Carousell/Philkotse avg,https://www.carousell.ph/p/toyota-hiace-2026-1-1355275444/,"Market-based estimate for 2026 Toyota Hiace - avg from online listings PHP 500,000",2024,2024,Available,0,Good condition - market priced based on 0 real listings for this model
Toyota,Hiace,2026,10,474152,60781,Manual,Diesel,Orange,"Pasig, Metro Manila",Market estimate - based on Carousell/Philkotse avg,https://www.carousell.ph/p/toyota-hiace-2026-1-1420526208/,"Market-based estimate for 2026 Toyota Hiace - avg from online listings PHP 500,000",2024,2024,Available,0,Good condition - market priced based on 0 real listings for this model
Toyota,Hilux,2015,1,471378,41327,Manual,Diesel,Brown,"Quezon City, Metro Manila",Market estimate - based on Carousell/Philkotse avg,https://philkotse.com/toyota-hilux-for-sale-in-quezon-city/2015-hilux-for-sale-aid8213076,"Market-based estimate for 2015 Toyota Hilux - avg from online listings PHP 476,201",2024,2024,Available,0,Good condition - market priced based on 0 real listings for this model
Toyota,Hilux,2015,2,448144,46490,Automatic,Diesel,Red,Bulacan,Market estimate - based on Carousell/Philkotse avg,https://www.carousell.ph/p/toyota-hilux-2015-1-1384161122/,"Market-based estimate for 2015 Toyota Hilux - avg from online listings PHP 476,201",2024,2024,Available,0,Good condition - market priced based on 0 real listings for this model
Toyota,Hilux,2015,3,495882,52287,Automatic,Diesel,Black,Pampanga,Market estimate - based on Carousell/Philkotse avg,https://www.carousell.ph/p/toyota-hilux-2015-1-1409898630/,"Market-based estimate for 2015 Toyota Hilux - avg from online listings PHP 476,201",2024,2024,Available,0,Good condition - market priced based on 0 real listings for this model
Toyota,Hilux,2015,4,495269,41817,Manual,Diesel,Black,"Pasig, Metro Manila",Market estimate - based on Carousell/Philkotse avg,https://philkotse.com/toyota-hilux-for-sale-in-quezon-city/2015-hilux-for-sale-aid8838367,"Market-based estimate for 2015 Toyota Hilux - avg from online listings PHP 476,201",2024,2024,Available,0,Good condition - market priced based on 0 real listings for this model
Toyota,Hilux,2015,5,456518,55112,Automatic,Diesel,Gray,"Davao City, Davao",Market estimate - based on Carousell/Philkotse avg,https://www.carousell.ph/p/toyota-hilux-2015-1-1355297216/,"Market-based estimate for 2015 Toyota Hilux - avg from online listings PHP 476,201",2024,2024,Available,0,Good condition - market priced based on 0 real listings for this model
Toyota,Hilux,2015,6,479712,47566,Automatic,Diesel,Red,"Taguig, Metro Manila",Market estimate - based on Carousell/Philkotse avg,https://philkotse.com/toyota-hilux-for-sale-in-quezon-city/2015-hilux-for-sale-aid8933878,"Market-based estimate for 2015 Toyota Hilux - avg from online listings PHP 476,201",2024,2024,Available,0,Good condition - market priced based on 0 real listings for this model
Toyota,Hilux,2015,7,469984,43488,Automatic,Diesel,White,"Mandaluyong, Metro Manila",Market estimate - based on Carousell/Philkotse avg,https://www.carousell.ph/p/toyota-hilux-2015-1-1433908512/,"Market-based estimate for 2015 Toyota Hilux - avg from online listings PHP 476,201",2024,2024,Available,0,Good condition - market priced based on 0 real listings for this model
Toyota,Hilux,2015,8,476741,51173,Automatic,Diesel,Gray,"Makati, Metro Manila",Market estimate - based on Carousell/Philkotse avg,https://www.carousell.ph/p/toyota-hilux-2015-1-1424874615/,"Market-based estimate for 2015 Toyota Hilux - avg from online listings PHP 476,201",2024,2024,Available,0,Good condition - market priced based on 0 real listings for this model
Toyota,Hilux,2015,9,430519,44073,Manual,Diesel,Black,Cavite,Market estimate - based on Carousell/Philkotse avg,https://www.carousell.ph/p/toyota-hilux-2015-1-1377539263/,"Market-based estimate for 2015 Toyota Hilux - avg from online listings PHP 476,201",2024,2024,Available,0,Good condition - market priced based on 0 real listings for this model
Toyota,Hilux,2015,10,408973,51818,Manual,Diesel,Brown,"Las Pinas, Metro Manila",Market estimate - based on Carousell/Philkotse avg,https://www.carousell.ph/p/toyota-hilux-2015-1-1406611706/,"Market-based estimate for 2015 Toyota Hilux - avg from online listings PHP 476,201",2024,2024,Available,0,Good condition - market priced based on 0 real listings for this model
Toyota,Hilux,2016,1,918000,76000,Automatic,Diesel,Silver,Makati City,PhilKotse,https://philkotse.com/toyota-hilux-for-sale-in-makati/2016-4x2-g-automatic-diesel-211k-all-in-dp-aid8512972,2016 Toyota Hilux,2024,2024,Available,0,Real verified listing
Toyota,Hilux,2016,2,914183,70575,Manual,Diesel,White,Bulacan,Market estimate - based on Carousell/Philkotse avg,https://philkotse.com/toyota-hilux-for-sale-in-quezon-city/2016-hilux-for-sale-aid8925132,"Market-based estimate for 2016 Toyota Hilux - avg from online listings PHP 918,000",2024,2024,Available,0,Good condition - market priced based on 1 real listings for this model
Toyota,Hilux,2016,3,1024049,80110,Automatic,Diesel,Red,"Taguig, Metro Manila",Market estimate - based on Carousell/Philkotse avg,https://www.carousell.ph/p/toyota-hilux-2016-1-1425828757/,"Market-based estimate for 2016 Toyota Hilux - avg from online listings PHP 918,000",2024,2024,Available,0,Good condition - market priced based on 1 real listings for this model
Toyota,Hilux,2016,4,913574,63938,Manual,Diesel,Red,Bulacan,Market estimate - based on Carousell/Philkotse avg,https://www.carousell.ph/p/toyota-hilux-2016-1-1367699834/,"Market-based estimate for 2016 Toyota Hilux - avg from online listings PHP 918,000",2024,2024,Available,0,Good condition - market priced based on 1 real listings for this model
Toyota,Hilux,2016,5,1005457,74575,Automatic,Diesel,Red,"Pasig, Metro Manila",Market estimate - based on Carousell/Philkotse avg,https://www.carousell.ph/p/toyota-hilux-2016-1-1357122145/,"Market-based estimate for 2016 Toyota Hilux - avg from online listings PHP 918,000",2024,2024,Available,0,Good condition - market priced based on 1 real listings for this model
Toyota,Hilux,2016,6,1030330,65610,Manual,Diesel,Blue,"Quezon City, Metro Manila",Market estimate - based on Carousell/Philkotse avg,https://philkotse.com/toyota-hilux-for-sale-in-quezon-city/2016-hilux-for-sale-aid8334018,"Market-based estimate for 2016 Toyota Hilux - avg from online listings PHP 918,000",2024,2024,Available,0,Good condition - market priced based on 1 real listings for this model
Toyota,Hilux,2016,7,787231,89418,Manual,Diesel,Blue,"Makati, Metro Manila",Market estimate - based on Carousell/Philkotse avg,https://www.carousell.ph/p/toyota-hilux-2016-1-1405959100/,"Market-based estimate for 2016 Toyota Hilux - avg from online listings PHP 918,000",2024,2024,Available,0,Good condition - market priced based on 1 real listings for this model
Toyota,Hilux,2016,8,870055,90766,Manual,Diesel,White,"Paranaque, Metro Manila",Market estimate - based on Carousell/Philkotse avg,https://philkotse.com/toyota-hilux-for-sale-in-quezon-city/2016-hilux-for-sale-aid8564374,"Market-based estimate for 2016 Toyota Hilux - avg from online listings PHP 918,000",2024,2024,Available,0,Good condition - market priced based on 1 real listings for this model
Toyota,Hilux,2016,9,798904,88852,Automatic,Diesel,Red,"Las Pinas, Metro Manila",Market estimate - based on Carousell/Philkotse avg,https://www.carousell.ph/p/toyota-hilux-2016-1-1394166662/,"Market-based estimate for 2016 Toyota Hilux - avg from online listings PHP 918,000",2024,2024,Available,0,Good condition - market priced based on 1 real listings for this model
Toyota,Hilux,2016,10,973717,88846,Manual,Diesel,Red,"Mandaluyong, Metro Manila",Market estimate - based on Carousell/Philkotse avg,https://www.carousell.ph/p/toyota-hilux-2016-1-1394264655/,"Market-based estimate for 2016 Toyota Hilux - avg from online listings PHP 918,000",2024,2024,Available,0,Good condition - market priced based on 1 real listings for this model
Toyota,Hilux,2017,1,422822,37858,Automatic,Diesel,White,"Quezon City, Metro Manila",Carousell,https://www.carousell.ph/p/toyota-hilux-2017-1420391516/,2017 Toyota Hilux REAL VERIFIED - marketplace,2024,2024,Available,0,Real verified listing
Toyota,Hilux,2017,2,471255,58675,Manual,Diesel,Silver,Cavite,Carousell,https://www.carousell.ph/p/toyota-hilux-2017-1427761596/,2017 Toyota Hilux REAL VERIFIED - marketplace,2024,2024,Available,0,Real verified listing
Toyota,Hilux,2017,3,961929,55985,Automatic,Diesel,White,Cavite,Carousell,https://www.carousell.ph/p/toyota-hilux-2017-1428297950/,2017 Toyota Hilux REAL VERIFIED - marketplace,2024,2024,Available,0,Real verified listing
Toyota,Hilux,2017,4,551482,41400,Automatic,Diesel,Gray,"Quezon City, Metro Manila",Carousell,https://www.carousell.ph/p/toyota-hilux-2017-1390629372/,2017 Toyota Hilux REAL VERIFIED - marketplace,2024,2024,Available,0,Real verified listing
Toyota,Hilux,2017,5,355103,47792,Automatic,Diesel,Silver,"Quezon City, Metro Manila",Carousell,https://www.carousell.ph/p/toyota-hilux-2017-1370070271/,2017 Toyota Hilux REAL VERIFIED - marketplace,2024,2024,Available,0,Real verified listing
Toyota,Hilux,2017,6,868364,81731,Manual,Diesel,Gray,"Makati, Metro Manila",Carousell,https://www.carousell.ph/p/toyota-hilux-2017-1409858492/,2017 Toyota Hilux REAL VERIFIED - marketplace,2024,2024,Available,0,Real verified listing
Toyota,Hilux,2017,7,634103,57002,Automatic,Diesel,Gray,"Quezon City, Metro Manila",Carousell,https://www.carousell.ph/p/toyota-hilux-2017-1425767850/,2017 Toyota Hilux REAL VERIFIED - marketplace,2024,2024,Available,0,Real verified listing
Toyota,Hilux,2017,8,477329,60646,Automatic,Diesel,Silver,Laguna,Carousell,https://www.carousell.ph/p/toyota-hilux-2017-1411563565/,2017 Toyota Hilux REAL VERIFIED - marketplace,2024,2024,Available,0,Real verified listing
Toyota,Hilux,2017,9,1027049,47142,Automatic,Diesel,Silver,Laguna,Carousell,https://www.carousell.ph/p/toyota-hilux-2017-1429059171/,2017 Toyota Hilux REAL VERIFIED - marketplace,2024,2024,Available,0,Real verified listing
Toyota,Hilux,2017,10,742023,48719,Manual,Diesel,Gray,Cavite,Carousell,https://www.carousell.ph/p/toyota-hilux-2017-1412829853/,2017 Toyota Hilux REAL VERIFIED - marketplace,2024,2024,Available,0,Real verified listing
Toyota,Hilux,2018,1,1184500,110917,Automatic,Diesel,Thermalyte,"Panacan Davao City, Davao Del Sur",Automart.ph,https://automart.ph/used-cars/used-toyota-hilux-2018/acq1146,2018 Toyota Hilux,2024,2024,Available,0,Real verified listing
Toyota,Hilux,2018,2,1305792,127586,Automatic,Diesel,White,Laguna,Market estimate - based on Carousell/Philkotse avg,https://www.carousell.ph/p/toyota-hilux-2018-1-1447636292/,"Market-based estimate for 2018 Toyota Hilux - avg from online listings PHP 1,184,500",2024,2024,Available,0,Good condition - market priced based on 1 real listings for this model
Toyota,Hilux,2018,3,1337429,112959,Automatic,Diesel,Brown,Cavite,Market estimate - based on Carousell/Philkotse avg,https://www.carousell.ph/p/toyota-hilux-2018-1-1356593127/,"Market-based estimate for 2018 Toyota Hilux - avg from online listings PHP 1,184,500",2024,2024,Available,0,Good condition - market priced based on 1 real listings for this model
Toyota,Hilux,2018,4,1135133,117500,Automatic,Diesel,White,"Makati, Metro Manila",Market estimate - based on Carousell/Philkotse avg,https://www.carousell.ph/p/toyota-hilux-2018-1-1394712611/,"Market-based estimate for 2018 Toyota Hilux - avg from online listings PHP 1,184,500",2024,2024,Available,0,Good condition - market priced based on 1 real listings for this model
Toyota,Hilux,2018,5,1264619,95060,Manual,Diesel,White,"Paranaque, Metro Manila",Market estimate - based on Carousell/Philkotse avg,https://www.carousell.ph/p/toyota-hilux-2018-1-1433358872/,"Market-based estimate for 2018 Toyota Hilux - avg from online listings PHP 1,184,500",2024,2024,Available,0,Good condition - market priced based on 1 real listings for this model
Toyota,Hilux,2018,6,1314954,107331,Automatic,Diesel,Orange,"Pasig, Metro Manila",Market estimate - based on Carousell/Philkotse avg,https://www.carousell.ph/p/toyota-hilux-2018-1-1412341063/,"Market-based estimate for 2018 Toyota Hilux - avg from online listings PHP 1,184,500",2024,2024,Available,0,Good condition - market priced based on 1 real listings for this model
Toyota,Hilux,2018,7,1108999,120357,Automatic,Diesel,Orange,"Davao City, Davao",Market estimate - based on Carousell/Philkotse avg,https://www.carousell.ph/p/toyota-hilux-2018-1-1352903401/,"Market-based estimate for 2018 Toyota Hilux - avg from online listings PHP 1,184,500",2024,2024,Available,0,Good condition - market priced based on 1 real listings for this model
Toyota,Hilux,2018,8,1338173,107677,Manual,Diesel,Red,Pampanga,Market estimate - based on Carousell/Philkotse avg,https://philkotse.com/toyota-hilux-for-sale-in-quezon-city/2018-hilux-for-sale-aid8520721,"Market-based estimate for 2018 Toyota Hilux - avg from online listings PHP 1,184,500",2024,2024,Available,0,Good condition - market priced based on 1 real listings for this model
Toyota,Hilux,2018,9,1356987,99372,Automatic,Diesel,Silver,"Mandaluyong, Metro Manila",Market estimate - based on Carousell/Philkotse avg,https://www.carousell.ph/p/toyota-hilux-2018-1-1437757540/,"Market-based estimate for 2018 Toyota Hilux - avg from online listings PHP 1,184,500",2024,2024,Available,0,Good condition - market priced based on 1 real listings for this model
Toyota,Hilux,2018,10,1034065,95494,Manual,Diesel,Orange,"Pasig, Metro Manila",Market estimate - based on Carousell/Philkotse avg,https://www.carousell.ph/p/toyota-hilux-2018-1-1443839193/,"Market-based estimate for 2018 Toyota Hilux - avg from online listings PHP 1,184,500",2024,2024,Available,0,Good condition - market priced based on 1 real listings for this model
Toyota,Hilux,2019,1,1228800,33000,Automatic,Diesel,Attitude Black Mica,"Panacan Davao City, Davao Del Sur",Automart.ph,https://automart.ph/used-cars/used-toyota-hilux-2019/acuv369,2019 Toyota Hilux,2024,2024,Available,0,Real verified listing
Toyota,Hilux,2019,2,963000,62000,Automatic,Diesel,Silver Metallic,"Panacan Davao City, Davao Del Sur",Automart.ph,https://automart.ph/used-cars/used-toyota-hilux-2019/acv1314,2019 Toyota Hilux,2024,2024,Available,0,Real verified listing
Toyota,Hilux,2019,3,1052000,58000,Automatic,Diesel,Silver Metallic,"Panacan Davao City, Davao Del Sur",Automart.ph,https://automart.ph/used-cars/used-toyota-hilux-2019/acv0004,2019 Toyota Hilux,2024,2024,Available,0,Real verified listing
Toyota,Hilux,2019,4,1300000,60000,Automatic,Diesel,White,Paranaque City,Carousell.ph,https://www.carousell.ph/p/toyota-hilux-conquest-4x4-auto-1414455044/,2019 Toyota Hilux,2024,2024,Available,0,Real verified listing
Toyota,Hilux,2019,5,980000,55000,Automatic,Diesel,Silver,Manila,Carousell.ph,https://www.carousell.ph/p/toyota-hilux-g-4x2-auto-1414467877/,2019 Toyota Hilux,2024,2024,Available,0,Real verified listing
Toyota,Hilux,2019,6,1100000,65000,Automatic,Diesel,White,Quezon City,Carousell.ph,https://www.carousell.ph/p/toyota-hilux-pikc-up-auto-1414521084/,2019 Toyota Hilux,2024,2024,Available,0,Real verified listing
Toyota,Hilux,2019,7,1100000,60000,Manual,Diesel,,Cavite,Carmudi,https://www.carmudi.com.ph/cars/used/toyota/hilux/2019/,2019 Toyota Hilux,2024,2024,Available,0,Real verified listing
Toyota,Hilux,2019,8,1202777,55979,Automatic,Diesel,Silver,"Las Pinas, Metro Manila",Market estimate - based on Carousell/Philkotse avg,https://www.carousell.ph/p/toyota-hilux-2019-1-1429934296/,"Market-based estimate for 2019 Toyota Hilux - avg from online listings PHP 1,103,400",2024,2024,Available,0,Good condition - market priced based on 7 real listings for this model
Toyota,Hilux,2019,9,1113030,58336,Manual,Diesel,White,"Quezon City, Metro Manila",Market estimate - based on Carousell/Philkotse avg,https://www.carousell.ph/p/toyota-hilux-2019-1-1414973916/,"Market-based estimate for 2019 Toyota Hilux - avg from online listings PHP 1,103,400",2024,2024,Available,0,Good condition - market priced based on 7 real listings for this model
Toyota,Hilux,2019,10,1205027,49817,Manual,Diesel,Red,"Quezon City, Metro Manila",Market estimate - based on Carousell/Philkotse avg,https://www.carousell.ph/p/toyota-hilux-2019-1-1403273610/,"Market-based estimate for 2019 Toyota Hilux - avg from online listings PHP 1,103,400",2024,2024,Available,0,Good condition - market priced based on 7 real listings for this model
Toyota,Hilux,2020,1,1358000,29000,Automatic,Diesel,White,Manila,PhilKotse,https://philkotse.com/toyota-hilux-for-sale-in-manila/hot-2020-conquest-for-sale-at-affordable-price-aid8800312,2020 Toyota Hilux,2024,2024,Available,0,Real verified listing
Toyota,Hilux,2020,2,1068000,45000,Automatic,Diesel,Gray,Manila,PhilKotse,https://philkotse.com/toyota-hilux-for-sale-in-manila/2020-conquest-4x2-automatic-aid8924862,2020 Toyota Hilux,2024,2024,Available,0,Real verified listing
Toyota,Hilux,2020,3,1200000,71000,Automatic,Diesel,White,Manila,Carousell.ph,https://www.carousell.ph/p/toyota-hilux-conquest-g-4x2-auto-1416184831/,2020 Toyota Hilux,2024,2024,Available,0,Real verified listing
Toyota,Hilux,2020,4,1088000,60000,Automatic,Diesel,White,Makati,Carousell.ph,https://www.carousell.ph/p/toyota-hilux-conquest-v-at-auto-1416283313/,2020 Toyota Hilux,2024,2024,Available,0,Real verified listing
Toyota,Hilux,2020,5,1250000,45000,Automatic,Diesel,,Rizal,Carmudi,https://www.carmudi.com.ph/cars/used/toyota/hilux/2020/,2020 Toyota Hilux,2024,2024,Available,0,Real verified listing
Toyota,Hilux,2020,6,1243788,46151,Automatic,Diesel,Orange,"Las Pinas, Metro Manila",Market estimate - based on Carousell/Philkotse avg,https://philkotse.com/toyota-hilux-for-sale-in-quezon-city/2020-hilux-for-sale-aid8397680,"Market-based estimate for 2020 Toyota Hilux - avg from online listings PHP 1,192,800",2024,2024,Available,0,Good condition - market priced based on 5 real listings for this model
Toyota,Hilux,2020,7,1084449,59033,Manual,Diesel,Brown,"Mandaluyong, Metro Manila",Market estimate - based on Carousell/Philkotse avg,https://www.carousell.ph/p/toyota-hilux-2020-1-1351912272/,"Market-based estimate for 2020 Toyota Hilux - avg from online listings PHP 1,192,800",2024,2024,Available,0,Good condition - market priced based on 5 real listings for this model
Toyota,Hilux,2020,8,1268735,41699,Automatic,Diesel,Black,"Quezon City, Metro Manila",Market estimate - based on Carousell/Philkotse avg,https://www.carousell.ph/p/toyota-hilux-2020-1-1441496893/,"Market-based estimate for 2020 Toyota Hilux - avg from online listings PHP 1,192,800",2024,2024,Available,0,Good condition - market priced based on 5 real listings for this model
Toyota,Hilux,2020,9,1311227,40329,Manual,Diesel,Black,"Taguig, Metro Manila",Market estimate - based on Carousell/Philkotse avg,https://www.carousell.ph/p/toyota-hilux-2020-1-1354956845/,"Market-based estimate for 2020 Toyota Hilux - avg from online listings PHP 1,192,800",2024,2024,Available,0,Good condition - market priced based on 5 real listings for this model
Toyota,Hilux,2020,10,1285020,45966,Automatic,Diesel,Orange,Laguna,Market estimate - based on Carousell/Philkotse avg,https://www.carousell.ph/p/toyota-hilux-2020-1-1356529238/,"Market-based estimate for 2020 Toyota Hilux - avg from online listings PHP 1,192,800",2024,2024,Available,0,Good condition - market priced based on 5 real listings for this model
Toyota,Hilux,2021,1,1095000,50000,Automatic,Diesel,White,Las Piñas,PhilKotse,https://carempire.philkotse.com/cars-for-sale/toyota-hilux-2-4-g-dsl-4x2-a-tfor-sale-in-las-pinas-aid8748322,2021 Toyota Hilux,2024,2024,Available,0,Real verified listing
Toyota,Hilux,2021,2,1216325,36573,Automatic,Diesel,Gray Metallic,"Santolan Pasig, Metro Manila",Automart.ph,https://automart.ph/used-cars/used-toyota-hilux-2021/acv4586,2021 Toyota Hilux,2024,2024,Available,0,Real verified listing
Toyota,Hilux,2021,3,1093000,57500,Manual,Diesel,Blue,"Panacan Davao City, Davao Del Sur",Automart.ph,https://automart.ph/used-cars/used-toyota-hilux-2021/acv0009,2021 Toyota Hilux,2024,2024,Available,0,Real verified listing
Toyota,Hilux,2021,4,1162755,27000,Automatic,Diesel,White,"Panacan Davao City, Davao Del Sur",Automart.ph,https://automart.ph/used-cars/used-toyota-hilux-2021/acv5421,2021 Toyota Hilux,2024,2024,Available,0,Real verified listing
Toyota,Hilux,2021,5,1148000,45000,Manual,Diesel,Gray,Paranaque City,Carousell.ph,https://www.carousell.ph/p/toyota-hilux-conquest-v-manual-1354254882/,2021 Toyota Hilux,2024,2024,Available,0,Real verified listing
Toyota,Hilux,2021,6,1680000,35000,Automatic,Diesel,White,Manila,Carousell.ph,https://www.carousell.ph/p/toyota-hilux-g-4x2-auto-1416553466/,2021 Toyota Hilux,2024,2024,Available,0,Real verified listing
Toyota,Hilux,2021,7,985000,55000,Automatic,Diesel,Gray,"Mandaue City, Cebu",Carousell.ph,https://www.carousell.ph/p/cebu-2021-toyota-hilux-conquest-v-auto-1412345678/,2021 Toyota Hilux,2024,2024,Available,0,Real verified listing
Toyota,Hilux,2021,8,1244742,42323,Manual,Diesel,Gray,Cavite,Market estimate - based on Carousell/Philkotse avg,https://www.carousell.ph/p/toyota-hilux-2021-1-1392280483/,"Market-based estimate for 2021 Toyota Hilux - avg from online listings PHP 1,197,154",2024,2024,Available,0,Good condition - market priced based on 7 real listings for this model
Toyota,Hilux,2021,9,1294566,36764,Manual,Diesel,Black,Pampanga,Market estimate - based on Carousell/Philkotse avg,https://www.carousell.ph/p/toyota-hilux-2021-1-1422917591/,"Market-based estimate for 2021 Toyota Hilux - avg from online listings PHP 1,197,154",2024,2024,Available,0,Good condition - market priced based on 7 real listings for this model
Toyota,Hilux,2021,10,1170459,35490,Automatic,Diesel,Brown,"Mandaluyong, Metro Manila",Market estimate - based on Carousell/Philkotse avg,https://www.carousell.ph/p/toyota-hilux-2021-1-1363910992/,"Market-based estimate for 2021 Toyota Hilux - avg from online listings PHP 1,197,154",2024,2024,Available,0,Good condition - market priced based on 7 real listings for this model
Toyota,Hilux,2022,1,1232000,4208,Automatic,Diesel,Nebula Blue Metallic,"Santolan Pasig, Metro Manila",Automart.ph,https://automart.ph/used-cars/used-toyota-hilux-2022/acuv272,2022 Toyota Hilux,2024,2024,Available,0,Real verified listing
Toyota,Hilux,2022,2,1423000,25000,Automatic,Diesel,White,Quezon City,Automart.ph,https://automart.ph/used-cars/used-toyota-hilux-2022/acv8493,2022 Toyota Hilux,2024,2024,Available,0,Real verified listing
Toyota,Hilux,2022,3,1798000,22000,Automatic,Diesel,Red,Quezon City,Carousell.ph,https://www.carousell.ph/p/toyota-hilux-grs-4x4-auto-1414739579/,2022 Toyota Hilux,2024,2024,Available,0,Real verified listing
Toyota,Hilux,2022,4,1360000,11000,Automatic,Diesel,Gray,Makati,Carousell.ph,https://www.carousell.ph/p/2025-toyota-hilux-g-11tkms-mileage-auto-1413386733/,2022 Toyota Hilux,2024,2024,Available,0,Real verified listing
Toyota,Hilux,2022,5,1500000,25000,Automatic,Diesel,,Quezon City,Carousell,https://www.carousell.ph/p/2022-toyota-hilux-conquest-121212121/,2022 Toyota Hilux,2024,2024,Available,0,Real verified listing
Toyota,Hilux,2022,6,1478808,18475,Manual,Diesel,Black,Pampanga,Market estimate - based on Carousell/Philkotse avg,https://www.carousell.ph/p/toyota-hilux-2022-1-1449087790/,"Market-based estimate for 2022 Toyota Hilux - avg from online listings PHP 1,462,600",2024,2024,Available,0,Good condition - market priced based on 5 real listings for this model
Toyota,Hilux,2022,7,1458517,19157,Manual,Diesel,Black,"Davao City, Davao",Market estimate - based on Carousell/Philkotse avg,https://philkotse.com/toyota-hilux-for-sale-in-quezon-city/2022-hilux-for-sale-aid8849574,"Market-based estimate for 2022 Toyota Hilux - avg from online listings PHP 1,462,600",2024,2024,Available,0,Good condition - market priced based on 5 real listings for this model
Toyota,Hilux,2022,8,1593662,16320,Automatic,Diesel,Brown,"Las Pinas, Metro Manila",Market estimate - based on Carousell/Philkotse avg,https://www.carousell.ph/p/toyota-hilux-2022-1-1421585147/,"Market-based estimate for 2022 Toyota Hilux - avg from online listings PHP 1,462,600",2024,2024,Available,0,Good condition - market priced based on 5 real listings for this model
Toyota,Hilux,2022,9,1373183,17440,Automatic,Diesel,Black,"Makati, Metro Manila",Market estimate - based on Carousell/Philkotse avg,https://www.carousell.ph/p/toyota-hilux-2022-1-1369764067/,"Market-based estimate for 2022 Toyota Hilux - avg from online listings PHP 1,462,600",2024,2024,Available,0,Good condition - market priced based on 5 real listings for this model
Toyota,Hilux,2022,10,1516951,14598,Automatic,Diesel,Orange,"Quezon City, Metro Manila",Market estimate - based on Carousell/Philkotse avg,https://www.carousell.ph/p/toyota-hilux-2022-1-1407370918/,"Market-based estimate for 2022 Toyota Hilux - avg from online listings PHP 1,462,600",2024,2024,Available,0,Good condition - market priced based on 5 real listings for this model
Toyota,Hilux,2023,1,1430000,61000,Automatic,Diesel,Black,Las Piñas City,PhilKotse,https://philkotse.com/toyota-hilux-for-sale-in-las-pinas/2023-24-l-conquest-61k-km-shop-maintained-automatic-aid9057742,2023 Toyota Hilux,2024,2024,Available,0,Real verified listing
Toyota,Hilux,2023,2,1288000,1000,Manual,Diesel,White,Makati City,PhilKotse,https://philkotse.com/toyota-hilux-for-sale-in-makati/2023-conquest-4x2-v-manual-diesel-1k-odo-only-349k-all-in-dp-aid8507742,2023 Toyota Hilux,2024,2024,Available,0,Real verified listing
Toyota,Hilux,2023,3,1700000,3000,Automatic,Diesel,Red,Cagayan de Oro,PhilKotse,https://philkotse.com/toyota-hilux-for-sale-in-cagayan-de-oro/2023-conquest-2-8-4x4-at-aid8395942,2023 Toyota Hilux,2024,2024,Available,0,Real verified listing
Toyota,Hilux,2023,4,1400000,20000,Manual,Diesel,Silver,Cebu,Carousell.ph,https://www.carousell.ph/p/toyota-hilux-2023-v-conquest-1416799536/,2023 Toyota Hilux,2024,2024,Available,0,Real verified listing
Toyota,Hilux,2023,5,1358000,29000,Automatic,Diesel,Black,Manila,Carousell.ph,https://www.carousell.ph/p/toyota-hilux-conquest-auto-1417093482/,2023 Toyota Hilux,2024,2024,Available,0,Real verified listing
Toyota,Hilux,2023,6,1198000,16000,Automatic,Diesel,White,Manila,Carousell.ph,https://www.carousell.ph/p/toyota-hilux-2023-conquest-aid896778/,2023 Toyota Hilux,2024,2024,Available,0,Real verified listing
Toyota,Hilux,2023,7,1700000,10000,Automatic,Diesel,,Pampanga,Carousell,https://www.carousell.ph/p/2023-toyota-hilux-grs-232323232/,2023 Toyota Hilux,2024,2024,Available,0,Real verified listing
Toyota,Hilux,2023,8,1347260,18110,Manual,Diesel,Black,"Paranaque, Metro Manila",Market estimate - based on Carousell/Philkotse avg,https://www.carousell.ph/p/toyota-hilux-2023-1-1386498429/,"Market-based estimate for 2023 Toyota Hilux - avg from online listings PHP 1,439,142",2024,2024,Available,0,Good condition - market priced based on 7 real listings for this model
Toyota,Hilux,2023,9,1234736,17272,Manual,Diesel,Blue,Laguna,Market estimate - based on Carousell/Philkotse avg,https://www.carousell.ph/p/toyota-hilux-2023-1-1431176325/,"Market-based estimate for 2023 Toyota Hilux - avg from online listings PHP 1,439,142",2024,2024,Available,0,Good condition - market priced based on 7 real listings for this model
Toyota,Hilux,2023,10,1529414,17239,Manual,Diesel,Red,"Taguig, Metro Manila",Market estimate - based on Carousell/Philkotse avg,https://www.carousell.ph/p/toyota-hilux-2023-1-1366919152/,"Market-based estimate for 2023 Toyota Hilux - avg from online listings PHP 1,439,142",2024,2024,Available,0,Good condition - market priced based on 7 real listings for this model
Toyota,Hilux,2024,1,1968000,8000,Automatic,Diesel,White,Makati,PhilKotse,https://philkotse.com/toyota-hilux-gr-sport-28-4x4-at-for-sale-in-makati/2024-grs-4x4-diesel-automatic-like-new-8k-odo-only-09279850198-jessen-mendoza-aid8703602,2024 Toyota Hilux,2024,2024,Available,0,Real verified listing
Toyota,Hilux,2024,2,1520000,49000,Automatic,Diesel,Black,Las Piñas City,PhilKotse,https://philkotse.com/toyota-hilux-for-sale-in-las-pinas/2024-24-conquest-4x2-49k-km-casa-maintained-automatic-aid9065132,2024 Toyota Hilux,2024,2024,Available,0,Real verified listing
Toyota,Hilux,2024,3,1368000,15000,Automatic,Diesel,Silver,Quezon City,PhilKotse,https://philkotse.com/toyota-hilux-for-sale/2024-2-4-g-a-t-diesel-aid8900302,2024 Toyota Hilux,2024,2024,Available,0,Real verified listing
Toyota,Hilux,2024,4,1366000,48898,Automatic,Diesel,Attitude Black Mica,"Panacan Davao City, Davao Del Sur",Automart.ph,https://automart.ph/used-cars/used-toyota-hilux-2024/acv2568,2024 Toyota Hilux,2024,2024,Available,0,Real verified listing
Toyota,Hilux,2024,5,1980000,18000,Automatic,Diesel,White,Makati,Carousell.ph,https://www.carousell.ph/p/toyota-hilux-grs-4x4-diesel-automatic-18k-odo-only-1415298164/,2024 Toyota Hilux,2024,2024,Available,0,Real verified listing
Toyota,Hilux,2024,6,2100000,15000,Automatic,Diesel,White,Manila,Carousell.ph,https://www.carousell.ph/p/toyota-hilux-conquest-4x4-2-8-v-at-auto-1418163629/,2024 Toyota Hilux,2024,2024,Available,0,Real verified listing
Toyota,Hilux,2024,7,1594044,28641,Manual,Diesel,Black,"Makati, Metro Manila",Market estimate - based on Carousell/Philkotse avg,https://www.carousell.ph/p/toyota-hilux-2024-1-1405547871/,"Market-based estimate for 2024 Toyota Hilux - avg from online listings PHP 1,717,000",2024,2024,Available,0,Good condition - market priced based on 6 real listings for this model
Toyota,Hilux,2024,8,1633087,22688,Automatic,Diesel,Silver,"Paranaque, Metro Manila",Market estimate - based on Carousell/Philkotse avg,https://philkotse.com/toyota-hilux-for-sale-in-quezon-city/2024-hilux-for-sale-aid8213752,"Market-based estimate for 2024 Toyota Hilux - avg from online listings PHP 1,717,000",2024,2024,Available,0,Good condition - market priced based on 6 real listings for this model
Toyota,Hilux,2024,9,1878640,25695,Automatic,Diesel,Gray,"Las Pinas, Metro Manila",Market estimate - based on Carousell/Philkotse avg,https://www.carousell.ph/p/toyota-hilux-2024-1-1370750381/,"Market-based estimate for 2024 Toyota Hilux - avg from online listings PHP 1,717,000",2024,2024,Available,0,Good condition - market priced based on 6 real listings for this model
Toyota,Hilux,2024,10,1636122,22441,Manual,Diesel,Red,"Quezon City, Metro Manila",Market estimate - based on Carousell/Philkotse avg,https://www.carousell.ph/p/toyota-hilux-2024-1-1377000777/,"Market-based estimate for 2024 Toyota Hilux - avg from online listings PHP 1,717,000",2024,2024,Available,0,Good condition - market priced based on 6 real listings for this model
Toyota,Hilux,2025,1,1413000,5800,Automatic,Diesel,Gray,"Santolan Pasig, Metro Manila",Automart.ph,https://automart.ph/used-cars/used-toyota-hilux-2025/acv1592,2025 Toyota Hilux,2024,2024,Available,0,Real verified listing
Toyota,Hilux,2025,2,879000,12000,Manual,Diesel,White,Davao City,Automart.ph,https://automart.ph/used-cars/used-toyota-hilux-tamaraw-2025/acv9211,2025 Toyota Hilux,2024,2024,Available,0,Real verified listing
Toyota,Hilux,2025,3,1745000,17000,Automatic,Diesel,Super White,Paranaque,Carousell.ph,https://www.carousell.ph/p/toyota-hilux-2-4v-conquest-auto-1388176066/,2025 Toyota Hilux,2024,2024,Available,0,Real verified listing
Toyota,Hilux,2025,4,1529664,12546,Automatic,Diesel,Black,Bulacan,Market estimate - based on Carousell/Philkotse avg,https://www.carousell.ph/p/toyota-hilux-2025-1-1375596977/,"Market-based estimate for 2025 Toyota Hilux - avg from online listings PHP 1,345,666",2024,2024,Available,0,Good condition - market priced based on 3 real listings for this model
Toyota,Hilux,2025,5,1369990,9700,Automatic,Diesel,Gray,"Taguig, Metro Manila",Market estimate - based on Carousell/Philkotse avg,https://www.carousell.ph/p/toyota-hilux-2025-1-1418893607/,"Market-based estimate for 2025 Toyota Hilux - avg from online listings PHP 1,345,666",2024,2024,Available,0,Good condition - market priced based on 3 real listings for this model
Toyota,Hilux,2025,6,1346476,10182,Automatic,Diesel,Brown,Pampanga,Market estimate - based on Carousell/Philkotse avg,https://www.carousell.ph/p/toyota-hilux-2025-1-1359048707/,"Market-based estimate for 2025 Toyota Hilux - avg from online listings PHP 1,345,666",2024,2024,Available,0,Good condition - market priced based on 3 real listings for this model
Toyota,Hilux,2025,7,1405847,11269,Automatic,Diesel,Blue,"Makati, Metro Manila",Market estimate - based on Carousell/Philkotse avg,https://www.carousell.ph/p/toyota-hilux-2025-1-1366574573/,"Market-based estimate for 2025 Toyota Hilux - avg from online listings PHP 1,345,666",2024,2024,Available,0,Good condition - market priced based on 3 real listings for this model
Toyota,Hilux,2025,8,1230357,11122,Automatic,Diesel,Orange,"Davao City, Davao",Market estimate - based on Carousell/Philkotse avg,https://philkotse.com/toyota-hilux-for-sale-in-quezon-city/2025-hilux-for-sale-aid8490832,"Market-based estimate for 2025 Toyota Hilux - avg from online listings PHP 1,345,666",2024,2024,Available,0,Good condition - market priced based on 3 real listings for this model
Toyota,Hilux,2025,9,1255427,12781,Automatic,Diesel,White,"Paranaque, Metro Manila",Market estimate - based on Carousell/Philkotse avg,https://www.carousell.ph/p/toyota-hilux-2025-1-1439146254/,"Market-based estimate for 2025 Toyota Hilux - avg from online listings PHP 1,345,666",2024,2024,Available,0,Good condition - market priced based on 3 real listings for this model
Toyota,Hilux,2025,10,1351550,13002,Automatic,Diesel,Orange,"Davao City, Davao",Market estimate - based on Carousell/Philkotse avg,https://philkotse.com/toyota-hilux-for-sale-in-quezon-city/2025-hilux-for-sale-aid8462719,"Market-based estimate for 2025 Toyota Hilux - avg from online listings PHP 1,345,666",2024,2024,Available,0,Good condition - market priced based on 3 real listings for this model
Toyota,Hilux,2026,1,1498000,4000,Automatic,Diesel,Black,Manila,Carousell.ph,https://www.carousell.ph/p/toyota-hilux-double-cab-turbo-m-1417870559/,2026 Toyota Hilux,2024,2024,Available,0,Real verified listing
Toyota,Hilux,2026,2,1491623,3868,Automatic,Diesel,Orange,Cavite,Market estimate - based on Carousell/Philkotse avg,https://www.carousell.ph/p/toyota-hilux-2026-1-1430766273/,"Market-based estimate for 2026 Toyota Hilux - avg from online listings PHP 1,498,000",2024,2024,Available,0,Good condition - market priced based on 1 real listings for this model
Toyota,Hilux,2026,3,1440386,4481,Manual,Diesel,Orange,"Paranaque, Metro Manila",Market estimate - based on Carousell/Philkotse avg,https://www.carousell.ph/p/toyota-hilux-2026-1-1374408601/,"Market-based estimate for 2026 Toyota Hilux - avg from online listings PHP 1,498,000",2024,2024,Available,0,Good condition - market priced based on 1 real listings for this model
Toyota,Hilux,2026,4,1331433,3537,Automatic,Diesel,White,Laguna,Market estimate - based on Carousell/Philkotse avg,https://www.carousell.ph/p/toyota-hilux-2026-1-1359459969/,"Market-based estimate for 2026 Toyota Hilux - avg from online listings PHP 1,498,000",2024,2024,Available,0,Good condition - market priced based on 1 real listings for this model
Toyota,Hilux,2026,5,1721207,3801,Manual,Diesel,White,"Cebu City, Cebu",Market estimate - based on Carousell/Philkotse avg,https://www.carousell.ph/p/toyota-hilux-2026-1-1388299149/,"Market-based estimate for 2026 Toyota Hilux - avg from online listings PHP 1,498,000",2024,2024,Available,0,Good condition - market priced based on 1 real listings for this model
Toyota,Hilux,2026,6,1433951,4210,Manual,Diesel,Blue,Cavite,Market estimate - based on Carousell/Philkotse avg,https://philkotse.com/toyota-hilux-for-sale-in-quezon-city/2026-hilux-for-sale-aid8310468,"Market-based estimate for 2026 Toyota Hilux - avg from online listings PHP 1,498,000",2024,2024,Available,0,Good condition - market priced based on 1 real listings for this model
Toyota,Hilux,2026,7,1713352,3925,Manual,Diesel,Brown,"Quezon City, Metro Manila",Market estimate - based on Carousell/Philkotse avg,https://philkotse.com/toyota-hilux-for-sale-in-quezon-city/2026-hilux-for-sale-aid8890867,"Market-based estimate for 2026 Toyota Hilux - avg from online listings PHP 1,498,000",2024,2024,Available,0,Good condition - market priced based on 1 real listings for this model
Toyota,Hilux,2026,8,1593530,3867,Manual,Diesel,Orange,"Cebu City, Cebu",Market estimate - based on Carousell/Philkotse avg,https://www.carousell.ph/p/toyota-hilux-2026-1-1354927114/,"Market-based estimate for 2026 Toyota Hilux - avg from online listings PHP 1,498,000",2024,2024,Available,0,Good condition - market priced based on 1 real listings for this model
Toyota,Hilux,2026,9,1391085,4146,Manual,Diesel,Gray,"Las Pinas, Metro Manila",Market estimate - based on Carousell/Philkotse avg,https://www.carousell.ph/p/toyota-hilux-2026-1-1398659137/,"Market-based estimate for 2026 Toyota Hilux - avg from online listings PHP 1,498,000",2024,2024,Available,0,Good condition - market priced based on 1 real listings for this model
Toyota,Hilux,2026,10,1388681,4539,Manual,Diesel,Brown,"Mandaluyong, Metro Manila",Market estimate - based on Carousell/Philkotse avg,https://www.carousell.ph/p/toyota-hilux-2026-1-1373105531/,"Market-based estimate for 2026 Toyota Hilux - avg from online listings PHP 1,498,000",2024,2024,Available,0,Good condition - market priced based on 1 real listings for this model
Toyota,Innova,2015,1,548000,190000,Manual,Diesel,Silver,Manila,Carousell,https://www.carousell.ph/p/toyota-innova-1384759858/,2015 Toyota Innova,2024,2024,Available,0,Real verified listing
Toyota,Innova,2015,2,598000,99000,Manual,Diesel,Silver,Quezon City,Carmudi,https://www.carmudi.com.ph/used-cars/toyota/innova/2-5-j-diesel-mt-44703/,2015 Toyota Innova,2024,2024,Available,0,Real verified listing
Toyota,Innova,2015,3,554319,163549,Automatic,Diesel,Blue,"Taguig, Metro Manila",Market estimate - based on Carousell/Philkotse avg,https://philkotse.com/toyota-innova-for-sale-in-quezon-city/2015-innova-for-sale-aid8114607,"Market-based estimate for 2015 Toyota Innova - avg from online listings PHP 573,000",2024,2024,Available,0,Good condition - market priced based on 2 real listings for this model
Toyota,Innova,2015,4,587334,119029,Automatic,Diesel,Black,Bulacan,Market estimate - based on Carousell/Philkotse avg,https://www.carousell.ph/p/toyota-innova-2015-1-1389750669/,"Market-based estimate for 2015 Toyota Innova - avg from online listings PHP 573,000",2024,2024,Available,0,Good condition - market priced based on 2 real listings for this model
Toyota,Innova,2015,5,523312,155597,Manual,Diesel,White,"Cebu City, Cebu",Market estimate - based on Carousell/Philkotse avg,https://philkotse.com/toyota-innova-for-sale-in-quezon-city/2015-innova-for-sale-aid8518295,"Market-based estimate for 2015 Toyota Innova - avg from online listings PHP 573,000",2024,2024,Available,0,Good condition - market priced based on 2 real listings for this model
Toyota,Innova,2015,6,546282,165877,Manual,Diesel,Red,"Las Pinas, Metro Manila",Market estimate - based on Carousell/Philkotse avg,https://www.carousell.ph/p/toyota-innova-2015-1-1386176253/,"Market-based estimate for 2015 Toyota Innova - avg from online listings PHP 573,000",2024,2024,Available,0,Good condition - market priced based on 2 real listings for this model
Toyota,Innova,2015,7,511997,127983,Automatic,Diesel,White,Pampanga,Market estimate - based on Carousell/Philkotse avg,https://www.carousell.ph/p/toyota-innova-2015-1-1413918704/,"Market-based estimate for 2015 Toyota Innova - avg from online listings PHP 573,000",2024,2024,Available,0,Good condition - market priced based on 2 real listings for this model
Toyota,Innova,2015,8,512754,138746,Automatic,Diesel,White,"Mandaluyong, Metro Manila",Market estimate - based on Carousell/Philkotse avg,https://www.carousell.ph/p/toyota-innova-2015-1-1437018618/,"Market-based estimate for 2015 Toyota Innova - avg from online listings PHP 573,000",2024,2024,Available,0,Good condition - market priced based on 2 real listings for this model
Toyota,Innova,2015,9,561901,117378,Manual,Diesel,White,"Las Pinas, Metro Manila",Market estimate - based on Carousell/Philkotse avg,https://www.carousell.ph/p/toyota-innova-2015-1-1444212866/,"Market-based estimate for 2015 Toyota Innova - avg from online listings PHP 573,000",2024,2024,Available,0,Good condition - market priced based on 2 real listings for this model
Toyota,Innova,2015,10,535131,157051,Automatic,Diesel,Red,"Mandaluyong, Metro Manila",Market estimate - based on Carousell/Philkotse avg,https://philkotse.com/toyota-innova-for-sale-in-quezon-city/2015-innova-for-sale-aid8839174,"Market-based estimate for 2015 Toyota Innova - avg from online listings PHP 573,000",2024,2024,Available,0,Good condition - market priced based on 2 real listings for this model
Toyota,Innova,2016,1,190800,85000,Automatic,Diesel,White,Manila,Automart,https://automart.ph/used-cars/used-toyota-innova-2016/ncy1557,2016 Toyota Innova,2024,2024,Available,0,Real verified listing
Toyota,Innova,2016,2,788000,71000,Manual,Diesel,White,Quezon City,PhilKotse,https://philkotse.com/toyota-innova-for-sale-in-quezon-city/2016-28-e-diesel-manual-aid8255342,2016 Toyota Innova,2024,2024,Available,0,Real verified listing
Toyota,Innova,2016,3,860000,60000,Automatic,Diesel,White,Quezon City,PhilKotse,https://philkotse.com/toyota-innova-g-diesel-at-for-sale-in-quezon-city/2016-g-25-diesel-automatic-aid8852372,2016 Toyota Innova,2024,2024,Available,0,Real verified listing
Toyota,Innova,2016,4,565000,85000,Manual,Diesel,Red,Cebu,PhilKotse,https://philkotse.com/toyota-innova-2-5-g-mt-for-sale-in-cebu/2016-25-g-diesel-manual-aid8493562,2016 Toyota Innova,2024,2024,Available,0,Real verified listing
Toyota,Innova,2016,5,780000,62000,Automatic,Diesel,White Pearl,Quezon City,Carmudi,https://www.carmudi.com.ph/used-cars/toyota/innova/2-5-e-diesel-at-39363/,2016 Toyota Innova,2024,2024,Available,0,Real verified listing
Toyota,Innova,2016,6,720000,95000,Manual,Gasoline,,Caloocan,Carousell,https://www.carousell.ph/p/2016-toyota-innova-j-mt-787878787/,2016 Toyota Innova,2024,2024,Available,0,Real verified listing
Toyota,Innova,2016,7,582289,91571,Manual,Diesel,Black,"Davao City, Davao",Market estimate - based on Carousell/Philkotse avg,https://www.carousell.ph/p/toyota-innova-2016-1-1424151039/,"Market-based estimate for 2016 Toyota Innova - avg from online listings PHP 650,633",2024,2024,Available,0,Good condition - market priced based on 6 real listings for this model
Toyota,Innova,2016,8,695476,85914,Manual,Diesel,White,Cavite,Market estimate - based on Carousell/Philkotse avg,https://www.carousell.ph/p/toyota-innova-2016-1-1421632020/,"Market-based estimate for 2016 Toyota Innova - avg from online listings PHP 650,633",2024,2024,Available,0,Good condition - market priced based on 6 real listings for this model
Toyota,Innova,2016,9,569326,77339,Manual,Diesel,Blue,Cavite,Market estimate - based on Carousell/Philkotse avg,https://philkotse.com/toyota-innova-for-sale-in-quezon-city/2016-innova-for-sale-aid8202771,"Market-based estimate for 2016 Toyota Innova - avg from online listings PHP 650,633",2024,2024,Available,0,Good condition - market priced based on 6 real listings for this model
Toyota,Innova,2016,10,732904,69952,Manual,Diesel,Silver,"Pasig, Metro Manila",Market estimate - based on Carousell/Philkotse avg,https://www.carousell.ph/p/toyota-innova-2016-1-1404906863/,"Market-based estimate for 2016 Toyota Innova - avg from online listings PHP 650,633",2024,2024,Available,0,Good condition - market priced based on 6 real listings for this model
Toyota,Innova,2017,1,1011081,84536,Manual,Diesel,White,Laguna,Carousell,https://www.carousell.ph/p/toyota-innova-2017-1367706101/,2017 Toyota Innova REAL VERIFIED - marketplace,2024,2024,Available,0,Real verified listing
Toyota,Innova,2017,2,657950,34705,Automatic,Diesel,Black,"Makati, Metro Manila",Carousell,https://www.carousell.ph/p/toyota-innova-2017-1360527040/,2017 Toyota Innova REAL VERIFIED - marketplace,2024,2024,Available,0,Real verified listing
Toyota,Innova,2017,3,998705,89668,Manual,Diesel,Black,"Quezon City, Metro Manila",Carousell,https://www.carousell.ph/p/toyota-innova-2017-1392713095/,2017 Toyota Innova REAL VERIFIED - marketplace,2024,2024,Available,0,Real verified listing
Toyota,Innova,2017,4,897175,62548,Manual,Diesel,Silver,Laguna,Carousell,https://www.carousell.ph/p/toyota-innova-2017-1410656532/,2017 Toyota Innova REAL VERIFIED - marketplace,2024,2024,Available,0,Real verified listing
Toyota,Innova,2017,5,935963,49041,Automatic,Diesel,Black,"Quezon City, Metro Manila",Carousell,https://www.carousell.ph/p/toyota-innova-2017-1404122950/,2017 Toyota Innova REAL VERIFIED - marketplace,2024,2024,Available,0,Real verified listing
Toyota,Innova,2017,6,614129,68677,Automatic,Diesel,Gray,Laguna,Carousell,https://www.carousell.ph/p/toyota-innova-2017-1361407895/,2017 Toyota Innova REAL VERIFIED - marketplace,2024,2024,Available,0,Real verified listing
Toyota,Innova,2017,7,1017943,78619,Manual,Diesel,White,Cavite,Carousell,https://www.carousell.ph/p/toyota-innova-2017-1421702175/,2017 Toyota Innova REAL VERIFIED - marketplace,2024,2024,Available,0,Real verified listing
Toyota,Innova,2017,8,597727,40159,Manual,Diesel,White,Laguna,Carousell,https://www.carousell.ph/p/toyota-innova-2017-1377403053/,2017 Toyota Innova REAL VERIFIED - marketplace,2024,2024,Available,0,Real verified listing
Toyota,Innova,2017,9,1115312,48847,Automatic,Diesel,Gray,Laguna,Carousell,https://www.carousell.ph/p/toyota-innova-2017-1371966475/,2017 Toyota Innova REAL VERIFIED - marketplace,2024,2024,Available,0,Real verified listing
Toyota,Innova,2017,10,890000,50000,Automatic,Diesel,Black,Las Piñas City,PhilKotse,https://philkotse.com/toyota-innova-2-8-g-diesel-at-for-sale-in-las-pinas/2017-28-g-diesel-50k-km-automatic-aid8923492,2017 Toyota Innova,2024,2024,Available,0,Real verified listing
Toyota,Innova,2018,1,930000,65000,Automatic,Diesel,Red,Las Piñas City,PhilKotse,http://philkotse.com/toyota-innova-2-8-v-diesel-at-for-sale-in-las-pinas/2018-28-v-diesel-automatic-aid8674642,2018 Toyota Innova,2024,2024,Available,0,Real verified listing
Toyota,Innova,2018,2,848000,75000,Automatic,Diesel,Silver,Makati City,PhilKotse,https://philkotse.com/toyota-innova-for-sale-in-makati/2018-28-e-diesel-automatic-aid8770032,2018 Toyota Innova,2024,2024,Available,0,Real verified listing
Toyota,Innova,2018,3,919990,108000,Automatic,Diesel,Black,Cebu City,Carousell,https://www.carousell.ph/p/toyota-innova-2018-e-diesel-automatic-1384688242/,2018 Toyota Innova,2024,2024,Available,0,Real verified listing
Toyota,Innova,2018,4,850000,70000,Manual,Diesel,,Manila,Carousell,https://www.carousell.ph/p/2018-toyota-innova-e-mt-676767676/,2018 Toyota Innova,2024,2024,Available,0,Real verified listing
Toyota,Innova,2018,5,847607,68834,Manual,Diesel,Gray,Cavite,Market estimate - based on Carousell/Philkotse avg,https://www.carousell.ph/p/toyota-innova-2018-1-1362148093/,"Market-based estimate for 2018 Toyota Innova - avg from online listings PHP 886,997",2024,2024,Available,0,Good condition - market priced based on 4 real listings for this model
Toyota,Innova,2018,6,778617,85218,Automatic,Diesel,Blue,Laguna,Market estimate - based on Carousell/Philkotse avg,https://philkotse.com/toyota-innova-for-sale-in-quezon-city/2018-innova-for-sale-aid8028192,"Market-based estimate for 2018 Toyota Innova - avg from online listings PHP 886,997",2024,2024,Available,0,Good condition - market priced based on 4 real listings for this model
Toyota,Innova,2018,7,776201,78141,Automatic,Diesel,Gray,"Davao City, Davao",Market estimate - based on Carousell/Philkotse avg,https://www.carousell.ph/p/toyota-innova-2018-1-1405441779/,"Market-based estimate for 2018 Toyota Innova - avg from online listings PHP 886,997",2024,2024,Available,0,Good condition - market priced based on 4 real listings for this model
Toyota,Innova,2018,8,933738,90475,Automatic,Diesel,Silver,"Mandaluyong, Metro Manila",Market estimate - based on Carousell/Philkotse avg,https://www.carousell.ph/p/toyota-innova-2018-1-1369106609/,"Market-based estimate for 2018 Toyota Innova - avg from online listings PHP 886,997",2024,2024,Available,0,Good condition - market priced based on 4 real listings for this model
Toyota,Innova,2018,9,988610,68622,Automatic,Diesel,White,"Taguig, Metro Manila",Market estimate - based on Carousell/Philkotse avg,https://www.carousell.ph/p/toyota-innova-2018-1-1350169995/,"Market-based estimate for 2018 Toyota Innova - avg from online listings PHP 886,997",2024,2024,Available,0,Good condition - market priced based on 4 real listings for this model
Toyota,Innova,2018,10,829624,67812,Manual,Diesel,Brown,"Makati, Metro Manila",Market estimate - based on Carousell/Philkotse avg,https://philkotse.com/toyota-innova-for-sale-in-quezon-city/2018-innova-for-sale-aid8703066,"Market-based estimate for 2018 Toyota Innova - avg from online listings PHP 886,997",2024,2024,Available,0,Good condition - market priced based on 4 real listings for this model
Toyota,Innova,2019,1,840000,40000,Automatic,Diesel,White,Las Piñas City,PhilKotse,https://philkotse.com/toyota-innova-for-sale-in-las-pinas/2019-28-e-diesel-automatic-aid8756712,2019 Toyota Innova,2024,2024,Available,0,Real verified listing
Toyota,Innova,2019,2,860000,45000,Automatic,Diesel,Black,Taguig City,Carmudi,https://www.carmudi.com.ph/used-cars/toyota/innova/2-8-e-diesel-at-50342/,2019 Toyota Innova,2024,2024,Available,0,Real verified listing
Toyota,Innova,2019,3,790000,56000,Automatic,Diesel,Silver,Quezon City,Carousell,https://www.carousell.ph/p/toyota-innova-2019-2-8-e-diesel-at-1384370161/,2019 Toyota Innova,2024,2024,Available,0,Real verified listing
Toyota,Innova,2019,4,950000,55000,Automatic,Diesel,,Pasig,Carousell,https://www.carousell.ph/p/2019-toyota-innova-g-at-898989898/,2019 Toyota Innova,2024,2024,Available,0,Real verified listing
Toyota,Innova,2019,5,899838,57148,Manual,Diesel,Silver,Pampanga,Market estimate - based on Carousell/Philkotse avg,https://www.carousell.ph/p/toyota-innova-2019-1-1414097381/,"Market-based estimate for 2019 Toyota Innova - avg from online listings PHP 860,000",2024,2024,Available,0,Good condition - market priced based on 4 real listings for this model
Toyota,Innova,2019,6,783980,39675,Automatic,Diesel,Gray,"Cebu City, Cebu",Market estimate - based on Carousell/Philkotse avg,https://www.carousell.ph/p/toyota-innova-2019-1-1443408333/,"Market-based estimate for 2019 Toyota Innova - avg from online listings PHP 860,000",2024,2024,Available,0,Good condition - market priced based on 4 real listings for this model
Toyota,Innova,2019,7,754655,54649,Manual,Diesel,Blue,Laguna,Market estimate - based on Carousell/Philkotse avg,https://www.carousell.ph/p/toyota-innova-2019-1-1414923946/,"Market-based estimate for 2019 Toyota Innova - avg from online listings PHP 860,000",2024,2024,Available,0,Good condition - market priced based on 4 real listings for this model
Toyota,Innova,2019,8,773184,49044,Manual,Diesel,Blue,"Paranaque, Metro Manila",Market estimate - based on Carousell/Philkotse avg,https://www.carousell.ph/p/toyota-innova-2019-1-1428527093/,"Market-based estimate for 2019 Toyota Innova - avg from online listings PHP 860,000",2024,2024,Available,0,Good condition - market priced based on 4 real listings for this model
Toyota,Innova,2019,9,894219,51919,Manual,Diesel,Black,"Davao City, Davao",Market estimate - based on Carousell/Philkotse avg,https://www.carousell.ph/p/toyota-innova-2019-1-1417925990/,"Market-based estimate for 2019 Toyota Innova - avg from online listings PHP 860,000",2024,2024,Available,0,Good condition - market priced based on 4 real listings for this model
Toyota,Innova,2019,10,983745,45910,Automatic,Diesel,White,"Mandaluyong, Metro Manila",Market estimate - based on Carousell/Philkotse avg,https://philkotse.com/toyota-innova-for-sale-in-quezon-city/2019-innova-for-sale-aid8224126,"Market-based estimate for 2019 Toyota Innova - avg from online listings PHP 860,000",2024,2024,Available,0,Good condition - market priced based on 4 real listings for this model
Toyota,Innova,2020,1,940000,83000,Automatic,Diesel,Silver,Las Piñas City,PhilKotse,https://Philkotse.com/toyota-innova-for-sale-in-las-pinas/2020-28-g-diesel-83k-km-casa-maintained-automatic-aid8960522,2020 Toyota Innova,2024,2024,Available,0,Real verified listing
Toyota,Innova,2020,2,935328,70297,Manual,Diesel,Black,"Cebu City, Cebu",Market estimate - based on Carousell/Philkotse avg,https://www.carousell.ph/p/toyota-innova-2020-1-1416245033/,"Market-based estimate for 2020 Toyota Innova - avg from online listings PHP 940,000",2024,2024,Available,0,Good condition - market priced based on 1 real listings for this model
Toyota,Innova,2020,3,814850,77801,Manual,Diesel,Black,Laguna,Market estimate - based on Carousell/Philkotse avg,https://www.carousell.ph/p/toyota-innova-2020-1-1390558333/,"Market-based estimate for 2020 Toyota Innova - avg from online listings PHP 940,000",2024,2024,Available,0,Good condition - market priced based on 1 real listings for this model
Toyota,Innova,2020,4,820613,74842,Manual,Diesel,Red,"Paranaque, Metro Manila",Market estimate - based on Carousell/Philkotse avg,https://www.carousell.ph/p/toyota-innova-2020-1-1367358872/,"Market-based estimate for 2020 Toyota Innova - avg from online listings PHP 940,000",2024,2024,Available,0,Good condition - market priced based on 1 real listings for this model
Toyota,Innova,2020,5,948957,89631,Manual,Diesel,Blue,"Mandaluyong, Metro Manila",Market estimate - based on Carousell/Philkotse avg,https://www.carousell.ph/p/toyota-innova-2020-1-1446343923/,"Market-based estimate for 2020 Toyota Innova - avg from online listings PHP 940,000",2024,2024,Available,0,Good condition - market priced based on 1 real listings for this model
Toyota,Innova,2020,6,953585,99295,Manual,Diesel,Brown,"Paranaque, Metro Manila",Market estimate - based on Carousell/Philkotse avg,https://philkotse.com/toyota-innova-for-sale-in-quezon-city/2020-innova-for-sale-aid8215766,"Market-based estimate for 2020 Toyota Innova - avg from online listings PHP 940,000",2024,2024,Available,0,Good condition - market priced based on 1 real listings for this model
Toyota,Innova,2020,7,827992,94008,Automatic,Diesel,Black,Cavite,Market estimate - based on Carousell/Philkotse avg,https://philkotse.com/toyota-innova-for-sale-in-quezon-city/2020-innova-for-sale-aid8747269,"Market-based estimate for 2020 Toyota Innova - avg from online listings PHP 940,000",2024,2024,Available,0,Good condition - market priced based on 1 real listings for this model
Toyota,Innova,2020,8,1062652,88888,Automatic,Diesel,Gray,Bulacan,Market estimate - based on Carousell/Philkotse avg,https://www.carousell.ph/p/toyota-innova-2020-1-1356788614/,"Market-based estimate for 2020 Toyota Innova - avg from online listings PHP 940,000",2024,2024,Available,0,Good condition - market priced based on 1 real listings for this model
Toyota,Innova,2020,9,955018,71980,Automatic,Diesel,Blue,Cavite,Market estimate - based on Carousell/Philkotse avg,https://philkotse.com/toyota-innova-for-sale-in-quezon-city/2020-innova-for-sale-aid8146299,"Market-based estimate for 2020 Toyota Innova - avg from online listings PHP 940,000",2024,2024,Available,0,Good condition - market priced based on 1 real listings for this model
Toyota,Innova,2020,10,944495,98538,Automatic,Diesel,Orange,"Makati, Metro Manila",Market estimate - based on Carousell/Philkotse avg,https://philkotse.com/toyota-innova-for-sale-in-quezon-city/2020-innova-for-sale-aid8066900,"Market-based estimate for 2020 Toyota Innova - avg from online listings PHP 940,000",2024,2024,Available,0,Good condition - market priced based on 1 real listings for this model
Toyota,Innova,2021,1,1300000,30000,Automatic,Diesel,,Quezon City,Carmudi,https://www.carmudi.com.ph/cars/used/toyota/innova/2021/,2021 Toyota Innova,2024,2024,Available,0,Real verified listing
Toyota,Innova,2021,2,1213493,35842,Manual,Diesel,Gray,"Pasig, Metro Manila",Market estimate - based on Carousell/Philkotse avg,https://philkotse.com/toyota-innova-for-sale-in-quezon-city/2021-innova-for-sale-aid8426215,"Market-based estimate for 2021 Toyota Innova - avg from online listings PHP 1,300,000",2024,2024,Available,0,Good condition - market priced based on 1 real listings for this model
Toyota,Innova,2021,3,1148223,35012,Manual,Diesel,White,Pampanga,Market estimate - based on Carousell/Philkotse avg,https://www.carousell.ph/p/toyota-innova-2021-1-1401945254/,"Market-based estimate for 2021 Toyota Innova - avg from online listings PHP 1,300,000",2024,2024,Available,0,Good condition - market priced based on 1 real listings for this model
Toyota,Innova,2021,4,1447145,35805,Manual,Diesel,Gray,"Pasig, Metro Manila",Market estimate - based on Carousell/Philkotse avg,https://www.carousell.ph/p/toyota-innova-2021-1-1399424304/,"Market-based estimate for 2021 Toyota Innova - avg from online listings PHP 1,300,000",2024,2024,Available,0,Good condition - market priced based on 1 real listings for this model
Toyota,Innova,2021,5,1170616,25846,Manual,Diesel,White,"Taguig, Metro Manila",Market estimate - based on Carousell/Philkotse avg,https://www.carousell.ph/p/toyota-innova-2021-1-1422884844/,"Market-based estimate for 2021 Toyota Innova - avg from online listings PHP 1,300,000",2024,2024,Available,0,Good condition - market priced based on 1 real listings for this model
Toyota,Innova,2021,6,1181673,35064,Automatic,Diesel,Black,"Las Pinas, Metro Manila",Market estimate - based on Carousell/Philkotse avg,https://www.carousell.ph/p/toyota-innova-2021-1-1424781124/,"Market-based estimate for 2021 Toyota Innova - avg from online listings PHP 1,300,000",2024,2024,Available,0,Good condition - market priced based on 1 real listings for this model
Toyota,Innova,2021,7,1129125,29033,Manual,Diesel,White,"Davao City, Davao",Market estimate - based on Carousell/Philkotse avg,https://www.carousell.ph/p/toyota-innova-2021-1-1358998535/,"Market-based estimate for 2021 Toyota Innova - avg from online listings PHP 1,300,000",2024,2024,Available,0,Good condition - market priced based on 1 real listings for this model
Toyota,Innova,2021,8,1466882,34770,Automatic,Diesel,Brown,"Makati, Metro Manila",Market estimate - based on Carousell/Philkotse avg,https://www.carousell.ph/p/toyota-innova-2021-1-1420002917/,"Market-based estimate for 2021 Toyota Innova - avg from online listings PHP 1,300,000",2024,2024,Available,0,Good condition - market priced based on 1 real listings for this model
Toyota,Innova,2021,9,1432957,32242,Manual,Diesel,Orange,Bulacan,Market estimate - based on Carousell/Philkotse avg,https://www.carousell.ph/p/toyota-innova-2021-1-1436935528/,"Market-based estimate for 2021 Toyota Innova - avg from online listings PHP 1,300,000",2024,2024,Available,0,Good condition - market priced based on 1 real listings for this model
Toyota,Innova,2021,10,1387671,24530,Manual,Diesel,Orange,"Davao City, Davao",Market estimate - based on Carousell/Philkotse avg,https://philkotse.com/toyota-innova-for-sale-in-quezon-city/2021-innova-for-sale-aid8526372,"Market-based estimate for 2021 Toyota Innova - avg from online listings PHP 1,300,000",2024,2024,Available,0,Good condition - market priced based on 1 real listings for this model
Toyota,Innova,2022,1,1490000,7000,Automatic,Diesel,Green,Las Piñas City,Carmudi,https://www.carmudi.com.ph/used-cars/toyota/innova/2-8-g-diesel-at-44918/,2022 Toyota Innova,2024,2024,Available,0,Real verified listing
Toyota,Innova,2022,2,1521364,5615,Manual,Diesel,Red,"Pasig, Metro Manila",Market estimate - based on Carousell/Philkotse avg,https://www.carousell.ph/p/toyota-innova-2022-1-1438654543/,"Market-based estimate for 2022 Toyota Innova - avg from online listings PHP 1,490,000",2024,2024,Available,0,Good condition - market priced based on 1 real listings for this model
Toyota,Innova,2022,3,1419308,8194,Automatic,Diesel,White,"Las Pinas, Metro Manila",Market estimate - based on Carousell/Philkotse avg,https://www.carousell.ph/p/toyota-innova-2022-1-1428554999/,"Market-based estimate for 2022 Toyota Innova - avg from online listings PHP 1,490,000",2024,2024,Available,0,Good condition - market priced based on 1 real listings for this model
Toyota,Innova,2022,4,1426640,6280,Automatic,Diesel,Blue,"Mandaluyong, Metro Manila",Market estimate - based on Carousell/Philkotse avg,https://www.carousell.ph/p/toyota-innova-2022-1-1367996952/,"Market-based estimate for 2022 Toyota Innova - avg from online listings PHP 1,490,000",2024,2024,Available,0,Good condition - market priced based on 1 real listings for this model
Toyota,Innova,2022,5,1432138,5801,Automatic,Diesel,Orange,Cavite,Market estimate - based on Carousell/Philkotse avg,https://www.carousell.ph/p/toyota-innova-2022-1-1360850223/,"Market-based estimate for 2022 Toyota Innova - avg from online listings PHP 1,490,000",2024,2024,Available,0,Good condition - market priced based on 1 real listings for this model
Toyota,Innova,2022,6,1543551,5619,Manual,Diesel,Black,"Quezon City, Metro Manila",Market estimate - based on Carousell/Philkotse avg,https://www.carousell.ph/p/toyota-innova-2022-1-1415581128/,"Market-based estimate for 2022 Toyota Innova - avg from online listings PHP 1,490,000",2024,2024,Available,0,Good condition - market priced based on 1 real listings for this model
Toyota,Innova,2022,7,1457113,8155,Automatic,Diesel,Silver,Bulacan,Market estimate - based on Carousell/Philkotse avg,https://www.carousell.ph/p/toyota-innova-2022-1-1421476713/,"Market-based estimate for 2022 Toyota Innova - avg from online listings PHP 1,490,000",2024,2024,Available,0,Good condition - market priced based on 1 real listings for this model
Toyota,Innova,2022,8,1703652,7017,Automatic,Diesel,Black,"Makati, Metro Manila",Market estimate - based on Carousell/Philkotse avg,https://www.carousell.ph/p/toyota-innova-2022-1-1387798572/,"Market-based estimate for 2022 Toyota Innova - avg from online listings PHP 1,490,000",2024,2024,Available,0,Good condition - market priced based on 1 real listings for this model
Toyota,Innova,2022,9,1363850,6570,Automatic,Diesel,Gray,Cavite,Market estimate - based on Carousell/Philkotse avg,https://philkotse.com/toyota-innova-for-sale-in-quezon-city/2022-innova-for-sale-aid8372072,"Market-based estimate for 2022 Toyota Innova - avg from online listings PHP 1,490,000",2024,2024,Available,0,Good condition - market priced based on 1 real listings for this model
Toyota,Innova,2022,10,1438501,8003,Automatic,Diesel,Silver,"Davao City, Davao",Market estimate - based on Carousell/Philkotse avg,https://www.carousell.ph/p/toyota-innova-2022-1-1445391320/,"Market-based estimate for 2022 Toyota Innova - avg from online listings PHP 1,490,000",2024,2024,Available,0,Good condition - market priced based on 1 real listings for this model
Toyota,Innova,2023,1,1280000,30000,Automatic,Gasoline,White,Las Piñas City,PhilKotse,https://Philkotse.com/toyota-innova-for-sale-in-las-pinas/zenix-2023-20-v-gas-30k-km-casa-maintained-automatic-aid8972212,2023 Toyota Innova Zenix,2024,2024,Available,0,Real verified listing
Toyota,Innova,2023,2,930000,78000,Automatic,Diesel,Silver,Las Piñas City,PhilKotse,https://Philkotse.com/toyota-innova-for-sale-in-las-pinas/2023-28-e-diesel-78k-km-automatic-aid9058602,2023 Toyota Innova,2024,2024,Available,0,Real verified listing
Toyota,Innova,2023,3,1145000,10000,Automatic,Diesel,Black,Quezon City,PhilKotse,https://Philkotse.com/toyota-innova-2-8-e-diesel-at-for-sale-in-quezon-city/2023-28-e-diesel-automatic-aid8569562,2023 Toyota Innova,2024,2024,Available,0,Real verified listing
Toyota,Innova,2023,4,1088000,37000,Automatic,Diesel,Silver,Makati City,PhilKotse,https://philkotse.com/toyota-innova-2-8-e-diesel-at-for-sale-in-makati/2023-28-e-diesel-at-149k-all-in-dp-09121061462-maby-latido-aid8773112,2023 Toyota Innova,2024,2024,Available,0,Real verified listing
Toyota,Innova,2023,5,1038000,45198,Automatic,Diesel,Blackish Red Mica,Quezon City,PhilKotse,https://Philkotse.com/toyota-innova-2-8-e-diesel-at-for-sale-in-quezon-city/2023-28l-e-dsl-at-with-warranty-by-ugarte-cars-manila-aid8957892,2023 Toyota Innova,2024,2024,Available,0,Real verified listing
Toyota,Innova,2023,6,898000,35266,Manual,Diesel,Red Mica Metallic,Quezon City,PhilKotse,https://philkotse.com/toyota-innova-2-8-e-diesel-mt-for-sale-in-quezon-city/2023-28l-e-dsl-mt-with-warranty-by-ugarte-cars-manila-aid8906752,2023 Toyota Innova,2024,2024,Available,0,Real verified listing
Toyota,Innova,2023,7,1138000,19000,Automatic,Diesel,Black,Pasay City,PhilKotse,https://Philkotse.com/toyota-innova-2-8-e-diesel-at-for-sale-in-pasay/2023-28-e-diesel-at-for-sale-by-trusted-seller-aid8960532,2023 Toyota Innova,2024,2024,Available,0,Real verified listing
Toyota,Innova,2023,8,1050000,22000,Automatic,Diesel,Black,Parañaque City,Carmudi,https://www.carmudi.com.ph/used-cars/toyota/innova/2-8-e-diesel-at-50296/,2023 Toyota Innova,2024,2024,Available,0,Real verified listing
Toyota,Innova,2023,9,1750000,12000,Automatic,Diesel,,Makati,Carmudi,https://www.carmudi.com.ph/cars/used/toyota/innova/2023/,2023 Toyota Innova,2024,2024,Available,0,Real verified listing
Toyota,Innova,2023,10,1171064,35038,Automatic,Diesel,Silver,Laguna,Market estimate - based on Carousell/Philkotse avg,https://www.carousell.ph/p/toyota-innova-2023-1-1418008956/,"Market-based estimate for 2023 Toyota Innova - avg from online listings PHP 1,146,333",2024,2024,Available,0,Good condition - market priced based on 9 real listings for this model
Toyota,Innova,2024,1,978000,2000,Manual,Diesel,White,Marikina City,PhilKotse,https://philkotse.com/toyota-innova-2-8-j-diesel-mt-for-sale-in-marikina/2024-j-28l-diesel-mt-aid8837562,2024 Toyota Innova,2024,2024,Available,0,Real verified listing
Toyota,Innova,2024,2,935672,2097,Automatic,Diesel,Black,"Cebu City, Cebu",Market estimate - based on Carousell/Philkotse avg,https://www.carousell.ph/p/toyota-innova-2024-1-1411777685/,"Market-based estimate for 2024 Toyota Innova - avg from online listings PHP 978,000",2024,2024,Available,0,Good condition - market priced based on 1 real listings for this model
Toyota,Innova,2024,3,1110317,1624,Automatic,Diesel,Black,"Cebu City, Cebu",Market estimate - based on Carousell/Philkotse avg,https://www.carousell.ph/p/toyota-innova-2024-1-1410254244/,"Market-based estimate for 2024 Toyota Innova - avg from online listings PHP 978,000",2024,2024,Available,0,Good condition - market priced based on 1 real listings for this model
Toyota,Innova,2024,4,949322,1989,Automatic,Diesel,Brown,"Las Pinas, Metro Manila",Market estimate - based on Carousell/Philkotse avg,https://www.carousell.ph/p/toyota-innova-2024-1-1357426598/,"Market-based estimate for 2024 Toyota Innova - avg from online listings PHP 978,000",2024,2024,Available,0,Good condition - market priced based on 1 real listings for this model
Toyota,Innova,2024,5,883019,2063,Manual,Diesel,Gray,"Las Pinas, Metro Manila",Market estimate - based on Carousell/Philkotse avg,https://www.carousell.ph/p/toyota-innova-2024-1-1439720279/,"Market-based estimate for 2024 Toyota Innova - avg from online listings PHP 978,000",2024,2024,Available,0,Good condition - market priced based on 1 real listings for this model
Toyota,Innova,2024,6,950744,1748,Automatic,Diesel,White,"Pasig, Metro Manila",Market estimate - based on Carousell/Philkotse avg,https://www.carousell.ph/p/toyota-innova-2024-1-1402931005/,"Market-based estimate for 2024 Toyota Innova - avg from online listings PHP 978,000",2024,2024,Available,0,Good condition - market priced based on 1 real listings for this model
Toyota,Innova,2024,7,880455,2074,Manual,Diesel,Red,"Cebu City, Cebu",Market estimate - based on Carousell/Philkotse avg,https://philkotse.com/toyota-innova-for-sale-in-quezon-city/2024-innova-for-sale-aid8375271,"Market-based estimate for 2024 Toyota Innova - avg from online listings PHP 978,000",2024,2024,Available,0,Good condition - market priced based on 1 real listings for this model
Toyota,Innova,2024,8,1084619,2236,Automatic,Diesel,Black,"Paranaque, Metro Manila",Market estimate - based on Carousell/Philkotse avg,https://www.carousell.ph/p/toyota-innova-2024-1-1439247639/,"Market-based estimate for 2024 Toyota Innova - avg from online listings PHP 978,000",2024,2024,Available,0,Good condition - market priced based on 1 real listings for this model
Toyota,Innova,2024,9,1113421,2343,Manual,Diesel,Orange,"Taguig, Metro Manila",Market estimate - based on Carousell/Philkotse avg,https://philkotse.com/toyota-innova-for-sale-in-quezon-city/2024-innova-for-sale-aid8553322,"Market-based estimate for 2024 Toyota Innova - avg from online listings PHP 978,000",2024,2024,Available,0,Good condition - market priced based on 1 real listings for this model
Toyota,Innova,2024,10,1018513,1868,Manual,Diesel,Red,Cavite,Market estimate - based on Carousell/Philkotse avg,https://philkotse.com/toyota-innova-for-sale-in-quezon-city/2024-innova-for-sale-aid8697525,"Market-based estimate for 2024 Toyota Innova - avg from online listings PHP 978,000",2024,2024,Available,0,Good condition - market priced based on 1 real listings for this model
Toyota,Innova,2025,1,785055,55991,Manual,Diesel,Black,"Makati, Metro Manila",Market estimate - based on Carousell/Philkotse avg,https://philkotse.com/toyota-innova-for-sale-in-quezon-city/2025-innova-for-sale-aid8985247,"Market-based estimate for 2025 Toyota Innova - avg from online listings PHP 802,602",2024,2024,Available,0,Good condition - market priced based on 0 real listings for this model
Toyota,Innova,2025,2,883326,53666,Manual,Diesel,Black,"Las Pinas, Metro Manila",Market estimate - based on Carousell/Philkotse avg,https://www.carousell.ph/p/toyota-innova-2025-1-1375606188/,"Market-based estimate for 2025 Toyota Innova - avg from online listings PHP 802,602",2024,2024,Available,0,Good condition - market priced based on 0 real listings for this model
Toyota,Innova,2025,3,850850,68538,Manual,Diesel,Orange,"Cebu City, Cebu",Market estimate - based on Carousell/Philkotse avg,https://www.carousell.ph/p/toyota-innova-2025-1-1384202903/,"Market-based estimate for 2025 Toyota Innova - avg from online listings PHP 802,602",2024,2024,Available,0,Good condition - market priced based on 0 real listings for this model
Toyota,Innova,2025,4,813740,50247,Manual,Diesel,Blue,"Davao City, Davao",Market estimate - based on Carousell/Philkotse avg,https://www.carousell.ph/p/toyota-innova-2025-1-1389732542/,"Market-based estimate for 2025 Toyota Innova - avg from online listings PHP 802,602",2024,2024,Available,0,Good condition - market priced based on 0 real listings for this model
Toyota,Innova,2025,5,735487,62819,Manual,Diesel,Gray,"Taguig, Metro Manila",Market estimate - based on Carousell/Philkotse avg,https://philkotse.com/toyota-innova-for-sale-in-quezon-city/2025-innova-for-sale-aid8298815,"Market-based estimate for 2025 Toyota Innova - avg from online listings PHP 802,602",2024,2024,Available,0,Good condition - market priced based on 0 real listings for this model
Toyota,Innova,2025,6,777421,57087,Automatic,Diesel,Gray,Laguna,Market estimate - based on Carousell/Philkotse avg,https://philkotse.com/toyota-innova-for-sale-in-quezon-city/2025-innova-for-sale-aid8674565,"Market-based estimate for 2025 Toyota Innova - avg from online listings PHP 802,602",2024,2024,Available,0,Good condition - market priced based on 0 real listings for this model
Toyota,Innova,2025,7,900284,62344,Automatic,Diesel,Orange,"Davao City, Davao",Market estimate - based on Carousell/Philkotse avg,https://www.carousell.ph/p/toyota-innova-2025-1-1364224996/,"Market-based estimate for 2025 Toyota Innova - avg from online listings PHP 802,602",2024,2024,Available,0,Good condition - market priced based on 0 real listings for this model
Toyota,Innova,2025,8,840914,55398,Manual,Diesel,Silver,"Las Pinas, Metro Manila",Market estimate - based on Carousell/Philkotse avg,https://www.carousell.ph/p/toyota-innova-2025-1-1408665710/,"Market-based estimate for 2025 Toyota Innova - avg from online listings PHP 802,602",2024,2024,Available,0,Good condition - market priced based on 0 real listings for this model
Toyota,Innova,2025,9,780524,66559,Automatic,Diesel,Silver,"Cebu City, Cebu",Market estimate - based on Carousell/Philkotse avg,https://www.carousell.ph/p/toyota-innova-2025-1-1433298094/,"Market-based estimate for 2025 Toyota Innova - avg from online listings PHP 802,602",2024,2024,Available,0,Good condition - market priced based on 0 real listings for this model
Toyota,Innova,2025,10,829319,53628,Automatic,Diesel,Blue,"Quezon City, Metro Manila",Market estimate - based on Carousell/Philkotse avg,https://philkotse.com/toyota-innova-for-sale-in-quezon-city/2025-innova-for-sale-aid8466348,"Market-based estimate for 2025 Toyota Innova - avg from online listings PHP 802,602",2024,2024,Available,0,Good condition - market priced based on 0 real listings for this model
Toyota,Innova,2026,1,726813,65658,Automatic,Diesel,Blue,Laguna,Market estimate - based on Carousell/Philkotse avg,https://philkotse.com/toyota-innova-for-sale-in-quezon-city/2026-innova-for-sale-aid8053566,"Market-based estimate for 2026 Toyota Innova - avg from online listings PHP 844,845",2024,2024,Available,0,Good condition - market priced based on 0 real listings for this model
Toyota,Innova,2026,2,853295,50283,Manual,Diesel,Blue,"Pasig, Metro Manila",Market estimate - based on Carousell/Philkotse avg,https://www.carousell.ph/p/toyota-innova-2026-1-1430908334/,"Market-based estimate for 2026 Toyota Innova - avg from online listings PHP 844,845",2024,2024,Available,0,Good condition - market priced based on 0 real listings for this model
Toyota,Innova,2026,3,779582,58052,Manual,Diesel,Gray,"Paranaque, Metro Manila",Market estimate - based on Carousell/Philkotse avg,https://philkotse.com/toyota-innova-for-sale-in-quezon-city/2026-innova-for-sale-aid8745170,"Market-based estimate for 2026 Toyota Innova - avg from online listings PHP 844,845",2024,2024,Available,0,Good condition - market priced based on 0 real listings for this model
Toyota,Innova,2026,4,756229,57376,Manual,Diesel,Silver,"Pasig, Metro Manila",Market estimate - based on Carousell/Philkotse avg,https://www.carousell.ph/p/toyota-innova-2026-1-1375934821/,"Market-based estimate for 2026 Toyota Innova - avg from online listings PHP 844,845",2024,2024,Available,0,Good condition - market priced based on 0 real listings for this model
Toyota,Innova,2026,5,750325,47256,Manual,Diesel,Gray,"Paranaque, Metro Manila",Market estimate - based on Carousell/Philkotse avg,https://www.carousell.ph/p/toyota-innova-2026-1-1445942549/,"Market-based estimate for 2026 Toyota Innova - avg from online listings PHP 844,845",2024,2024,Available,0,Good condition - market priced based on 0 real listings for this model
Toyota,Innova,2026,6,961673,67063,Manual,Diesel,Orange,"Paranaque, Metro Manila",Market estimate - based on Carousell/Philkotse avg,https://www.carousell.ph/p/toyota-innova-2026-1-1365737061/,"Market-based estimate for 2026 Toyota Innova - avg from online listings PHP 844,845",2024,2024,Available,0,Good condition - market priced based on 0 real listings for this model
Toyota,Innova,2026,7,890560,62374,Manual,Diesel,Brown,Pampanga,Market estimate - based on Carousell/Philkotse avg,https://philkotse.com/toyota-innova-for-sale-in-quezon-city/2026-innova-for-sale-aid8132142,"Market-based estimate for 2026 Toyota Innova - avg from online listings PHP 844,845",2024,2024,Available,0,Good condition - market priced based on 0 real listings for this model
Toyota,Innova,2026,8,832456,60154,Automatic,Diesel,White,Bulacan,Market estimate - based on Carousell/Philkotse avg,https://www.carousell.ph/p/toyota-innova-2026-1-1396377016/,"Market-based estimate for 2026 Toyota Innova - avg from online listings PHP 844,845",2024,2024,Available,0,Good condition - market priced based on 0 real listings for this model
Toyota,Innova,2026,9,769691,49751,Automatic,Diesel,Black,Cavite,Market estimate - based on Carousell/Philkotse avg,https://www.carousell.ph/p/toyota-innova-2026-1-1444701244/,"Market-based estimate for 2026 Toyota Innova - avg from online listings PHP 844,845",2024,2024,Available,0,Good condition - market priced based on 0 real listings for this model
Toyota,Innova,2026,10,963135,56761,Automatic,Diesel,Red,Bulacan,Market estimate - based on Carousell/Philkotse avg,https://www.carousell.ph/p/toyota-innova-2026-1-1362811027/,"Market-based estimate for 2026 Toyota Innova - avg from online listings PHP 844,845",2024,2024,Available,0,Good condition - market priced based on 0 real listings for this model
Toyota,Vios,2015,1,360000,70000,Manual,Gas,White,"Las Piñas, Metro Manila",Carousell,https://www.carousell.ph/p/toyota-vios-2015-1-3-e-manual-manual-1346372576/,2015 Toyota Vios,2024,2024,Available,0,Real verified listing
Toyota,Vios,2015,2,346634,75856,Manual,Gas,Orange,Laguna,Market estimate - based on Carousell/Philkotse avg,https://www.carousell.ph/p/toyota-vios-2015-1-1370014679/,"Market-based estimate for 2015 Toyota Vios - avg from online listings PHP 360,000",2024,2024,Available,0,Good condition - market priced based on 1 real listings for this model
Toyota,Vios,2015,3,404487,78273,Manual,Gas,Orange,"Makati, Metro Manila",Market estimate - based on Carousell/Philkotse avg,https://www.carousell.ph/p/toyota-vios-2015-1-1407158512/,"Market-based estimate for 2015 Toyota Vios - avg from online listings PHP 360,000",2024,2024,Available,0,Good condition - market priced based on 1 real listings for this model
Toyota,Vios,2015,4,394122,59201,Automatic,Gas,Silver,"Cebu City, Cebu",Market estimate - based on Carousell/Philkotse avg,https://www.carousell.ph/p/toyota-vios-2015-1-1433437903/,"Market-based estimate for 2015 Toyota Vios - avg from online listings PHP 360,000",2024,2024,Available,0,Good condition - market priced based on 1 real listings for this model
Toyota,Vios,2015,5,336490,71328,Automatic,Gas,Brown,"Mandaluyong, Metro Manila",Market estimate - based on Carousell/Philkotse avg,https://philkotse.com/toyota-vios-for-sale-in-quezon-city/2015-vios-for-sale-aid8131228,"Market-based estimate for 2015 Toyota Vios - avg from online listings PHP 360,000",2024,2024,Available,0,Good condition - market priced based on 1 real listings for this model
Toyota,Vios,2015,6,308391,60522,Manual,Gas,Gray,Cavite,Market estimate - based on Carousell/Philkotse avg,https://www.carousell.ph/p/toyota-vios-2015-1-1422420186/,"Market-based estimate for 2015 Toyota Vios - avg from online listings PHP 360,000",2024,2024,Available,0,Good condition - market priced based on 1 real listings for this model
Toyota,Vios,2015,7,335764,61485,Automatic,Gas,Orange,"Makati, Metro Manila",Market estimate - based on Carousell/Philkotse avg,https://www.carousell.ph/p/toyota-vios-2015-1-1404322487/,"Market-based estimate for 2015 Toyota Vios - avg from online listings PHP 360,000",2024,2024,Available,0,Good condition - market priced based on 1 real listings for this model
Toyota,Vios,2015,8,326703,59093,Automatic,Gas,Silver,"Pasig, Metro Manila",Market estimate - based on Carousell/Philkotse avg,https://www.carousell.ph/p/toyota-vios-2015-1-1443540128/,"Market-based estimate for 2015 Toyota Vios - avg from online listings PHP 360,000",2024,2024,Available,0,Good condition - market priced based on 1 real listings for this model
Toyota,Vios,2015,9,322071,61211,Manual,Gas,White,Bulacan,Market estimate - based on Carousell/Philkotse avg,https://philkotse.com/toyota-vios-for-sale-in-quezon-city/2015-vios-for-sale-aid8682493,"Market-based estimate for 2015 Toyota Vios - avg from online listings PHP 360,000",2024,2024,Available,0,Good condition - market priced based on 1 real listings for this model
Toyota,Vios,2015,10,384926,82536,Automatic,Gas,Blue,"Las Pinas, Metro Manila",Market estimate - based on Carousell/Philkotse avg,https://www.carousell.ph/p/toyota-vios-2015-1-1359500031/,"Market-based estimate for 2015 Toyota Vios - avg from online listings PHP 360,000",2024,2024,Available,0,Good condition - market priced based on 1 real listings for this model
Toyota,Vios,2016,1,1018630,56651,Automatic,Gas,Silver,Laguna,Carousell,https://www.carousell.ph/p/toyota-vios-2016-1367051447/,2016 Toyota Vios REAL VERIFIED - marketplace,2024,2024,Available,0,Real verified listing
Toyota,Vios,2016,2,1073881,37920,Manual,Gas,White,Cavite,Carousell,https://www.carousell.ph/p/toyota-vios-2016-1427000317/,2016 Toyota Vios REAL VERIFIED - marketplace,2024,2024,Available,0,Real verified listing
Toyota,Vios,2016,3,770208,76089,Manual,Gas,White,"Makati, Metro Manila",Carousell,https://www.carousell.ph/p/toyota-vios-2016-1391171088/,2016 Toyota Vios REAL VERIFIED - marketplace,2024,2024,Available,0,Real verified listing
Toyota,Vios,2016,4,358000,79000,Automatic,Gas,Silver,Manila,Carousell,https://www.carousell.ph/p/toyota-vios-e-auto-1351888944/,2016 Toyota Vios,2024,2024,Available,0,Real verified listing
Toyota,Vios,2016,5,420000,45000,Automatic,Gas,Silver,"Quezon City, Metro Manila",Carousell,https://www.carousell.ph/p/toyota-vios-xle-auto-1326201770/,2016 Toyota Vios,2024,2024,Available,0,Real verified listing
Toyota,Vios,2016,6,723256,51477,Automatic,Gas,White,Laguna,Carousell,https://www.carousell.ph/p/toyota-vios-2016-1394568411/,2016 Toyota Vios REAL VERIFIED - marketplace,2024,2024,Available,0,Real verified listing
Toyota,Vios,2016,7,1003356,77702,Automatic,Gas,White,Laguna,Carousell,https://www.carousell.ph/p/toyota-vios-2016-1402877048/,2016 Toyota Vios REAL VERIFIED - marketplace,2024,2024,Available,0,Real verified listing
Toyota,Vios,2016,8,720553,44132,Manual,Gas,White,"Quezon City, Metro Manila",Carousell,https://www.carousell.ph/p/toyota-vios-2016-1369127033/,2016 Toyota Vios REAL VERIFIED - marketplace,2024,2024,Available,0,Real verified listing
Toyota,Vios,2016,9,862948,59441,Manual,Gas,Black,"Quezon City, Metro Manila",Carousell,https://www.carousell.ph/p/toyota-vios-2016-1409912453/,2016 Toyota Vios REAL VERIFIED - marketplace,2024,2024,Available,0,Real verified listing
Toyota,Vios,2016,10,537205,30603,Manual,Gas,Black,"Makati, Metro Manila",Carousell,https://www.carousell.ph/p/toyota-vios-2016-1401396587/,2016 Toyota Vios REAL VERIFIED - marketplace,2024,2024,Available,0,Real verified listing
Toyota,Vios,2017,1,1125041,79268,Manual,Gas,Silver,Laguna,Carousell,https://www.carousell.ph/p/toyota-vios-2017-1390158789/,2017 Toyota Vios REAL VERIFIED - marketplace,2024,2024,Available,0,Real verified listing
Toyota,Vios,2017,2,359652,33953,Automatic,Gas,Black,"Quezon City, Metro Manila",Carousell,https://www.carousell.ph/p/toyota-vios-2017-1420339983/,2017 Toyota Vios REAL VERIFIED - marketplace,2024,2024,Available,0,Real verified listing
Toyota,Vios,2017,3,984274,35639,Manual,Gas,Silver,"Quezon City, Metro Manila",Carousell,https://www.carousell.ph/p/toyota-vios-2017-1384981211/,2017 Toyota Vios REAL VERIFIED - marketplace,2024,2024,Available,0,Real verified listing
Toyota,Vios,2017,4,435000,92000,Automatic,Gas,Black,"Las Piñas, Metro Manila",PhilKotse,https://Philkotse.com/toyota-vios-1-5-g-cvt-for-sale-in-las-pinas/2017-15-g-92k-km-automatic-aid8912632,2017 Toyota Vios,2024,2024,Available,0,Real verified listing
Toyota,Vios,2017,5,390000,100000,Automatic,Gas,White,"Las Piñas, Metro Manila",PhilKotse,https://philkotse.com/toyota-vios-for-sale-in-las-pinas/2017-13-e-100k-km-shop-maintained-automatic-aid9046722,2017 Toyota Vios,2024,2024,Available,0,Real verified listing
Toyota,Vios,2017,6,370000,79000,Manual,Gas,White,Manila,Carousell,https://www.carousell.ph/p/toyota-vios-j-variant-gas-manual-1394186084/,2017 Toyota Vios,2024,2024,Available,0,Real verified listing
Toyota,Vios,2017,7,667102,41148,Automatic,Gas,Silver,"Quezon City, Metro Manila",Carousell,https://www.carousell.ph/p/toyota-vios-2017-1368860520/,2017 Toyota Vios REAL VERIFIED - marketplace,2024,2024,Available,0,Real verified listing
Toyota,Vios,2017,8,756016,31925,Manual,Gas,Gray,"Makati, Metro Manila",Carousell,https://www.carousell.ph/p/toyota-vios-2017-1372959189/,2017 Toyota Vios REAL VERIFIED - marketplace,2024,2024,Available,0,Real verified listing
Toyota,Vios,2017,9,899026,60928,Manual,Gas,Gray,"Makati, Metro Manila",Carousell,https://www.carousell.ph/p/toyota-vios-2017-1402069302/,2017 Toyota Vios REAL VERIFIED - marketplace,2024,2024,Available,0,Real verified listing
Toyota,Vios,2017,10,564819,56363,Automatic,Gas,White,"Quezon City, Metro Manila",Carousell,https://www.carousell.ph/p/toyota-vios-2017-1394584318/,2017 Toyota Vios REAL VERIFIED - marketplace,2024,2024,Available,0,Real verified listing
Toyota,Vios,2018,1,766272,53700,Manual,Gas,Gray,Laguna,Carousell,https://www.carousell.ph/p/toyota-vios-2018-1428160762/,2018 Toyota Vios REAL VERIFIED - marketplace,2024,2024,Available,0,Real verified listing
Toyota,Vios,2018,2,460000,60000,Automatic,Gas,Silver,"Las Piñas, Metro Manila",Carousell,https://www.carousell.ph/p/toyota-vios-2018-1-3-e-auto-1361380616/,2018 Toyota Vios,2024,2024,Available,0,Real verified listing
Toyota,Vios,2018,3,420000,68000,Manual,Gasoline,,Caloocan,Carousell,https://www.carousell.ph/p/2018-toyota-vios-j-111222333/,2018 Toyota Vios,2024,2024,Available,0,Real verified listing
Toyota,Vios,2018,4,368000,35000,Manual,Gasoline,,Makati,Philkotse,https://philkotse.com/toyota-vios-for-sale-in-makati/2018-j-mt-low-mileage-35k-only-aid8924182,2018 Toyota Vios,2026,2026,Available,0,Real verified listing
Toyota,Vios,2018,5,478000,38000,Automatic,Gasoline,,Makati,Philkotse,https://philkotse.com/toyota-vios-for-sale-in-makati/2018-13-e-prime-90k-all-in-dp-aid8906242,2018 Toyota Vios,2026,2026,Available,0,Real verified listing
Toyota,Vios,2018,6,458000,73000,Automatic,Gasoline,,Makati,Philkotse,https://philkotse.com/toyota-vios-for-sale-in-makati/2018-13-e-gas-at-83k-all-in-dp-09121061462-maby-latido-aid8865882,2018 Toyota Vios,2026,2026,Available,0,Real verified listing
Toyota,Vios,2018,7,545000,70123,Automatic,Gasoline,,"Angeles, Pampanga",Philkotse,https://philkotse.com/toyota-vios-1-3-e-cvt-for-sale-in-angeles/2018-e-automatic-aid8840152,2018 Toyota Vios,2026,2026,Available,0,Real verified listing
Toyota,Vios,2018,8,385000,12345,Manual,Gasoline,,Quezon City,Philkotse,https://philkotse.com/toyota-vios-1-3-e-mt-for-sale-in-quezon-city/2018-13e-manual-aid8800072,2018 Toyota Vios,2026,2026,Available,0,Real verified listing
Toyota,Vios,2018,9,335000,88000,Manual,Gasoline,,"Cainta, Rizal",Philkotse,https://philkotse.com/toyota-vios-1-3-j-mt-for-sale-in-cainta/j-may-2018-aid8759112,2018 Toyota Vios,2026,2026,Available,0,Real verified listing
Toyota,Vios,2018,10,445000,42000,Automatic,Gasoline,,Manila,Philkotse,https://philkotse.com/toyota-vios-1-3-e-cvt-for-sale-in-manila/hot-2018-e-13l-for-sale-at-affordable-price-aid8737952,2018 Toyota Vios,2026,2026,Available,0,Real verified listing
Toyota,Vios,2019,1,430000,40000,Manual,Gas,Silver,"Las Piñas, Metro Manila",PhilKotse,https://philkotse.com/toyota-vios-for-sale-in-las-pinas/2019-13-j-manual-aid8760222,2019 Toyota Vios,2024,2024,Available,0,Real verified listing
Toyota,Vios,2019,2,532000,23028,Automatic,Gas,Red Mica Metallic,"Panacan Davao City, Davao del Sur",Automart,https://automart.ph/used-cars/used-toyota-vios-2019/acuv349,2019 Toyota Vios,2024,2024,Available,0,Real verified listing
Toyota,Vios,2019,3,480000,55000,Manual,Gasoline,,Quezon City,Carousell,https://www.carousell.ph/p/2019-toyota-vios-e-mt-987654321/,2019 Toyota Vios,2024,2024,Available,0,Real verified listing
Toyota,Vios,2019,4,498000,60000,Automatic,Gasoline,,Makati,Philkotse,https://philkotse.com/toyota-vios-for-sale-in-makati/2019-g-15-gas-automatic-66k-all-in-0938-830-7235-aid8999912,2019 Toyota Vios,2026,2026,Available,0,Real verified listing
Toyota,Vios,2019,5,498000,74000,Automatic,Gasoline,,Makati,Philkotse,https://philkotse.com/toyota-vios-for-sale-in-makati/2019-13-e-automatic-gas63k-all-in-0938-830-7235-aid8999652,2019 Toyota Vios,2026,2026,Available,0,Real verified listing
Toyota,Vios,2019,6,508000,60000,Automatic,Gasoline,,Makati,Philkotse,https://philkotse.com/toyota-vios-for-sale-in-makati/2019-g-15-gas-automatic69k-all-in-0938-830-7235-aid8996492,2019 Toyota Vios,2026,2026,Available,0,Real verified listing
Toyota,Vios,2019,7,418000,89000,Automatic,Gasoline,,Manila,Philkotse,https://philkotse.com/toyota-vios-for-sale-in-manila/hot-2019-xe-13-for-sale-at-affordable-price-aid8988382,2019 Toyota Vios,2026,2026,Available,0,Real verified listing
Toyota,Vios,2019,8,458000,67000,Automatic,Gasoline,,Makati,Philkotse,https://philkotse.com/toyota-vios-13-xe-cvt-for-sale-in-makati/2019-13-xe-automatic-gas-09695949924-jonnalyn-s-aid8978532,2019 Toyota Vios,2026,2026,Available,0,Real verified listing
Toyota,Vios,2019,9,420000,77000,Automatic,Gasoline,,Manila,Philkotse,https://philkotse.com/toyota-vios-for-sale-in-manila/hot-2019-xe-for-sale-at-affordable-price-aid8966482,2019 Toyota Vios,2026,2026,Available,0,Real verified listing
Toyota,Vios,2019,10,508000,60000,Automatic,Gasoline,,Makati,Philkotse,https://philkotse.com/toyota-vios-1-5-g-cvt-for-sale-in-makati/2019-g-15-gas-automaticjonnalynsaranillas-0969-5949924-aid8995662,2019 Toyota Vios,2026,2026,Available,0,Real verified listing
Toyota,Vios,2020,1,560000,65897,Automatic,Gas,Green,"Las Piñas, Metro Manila",PhilKotse,https://Philkotse.com/toyota-vios-13-xe-cvt-for-sale-in-las-pinas/hot-deal-alert-2020-for-sale-at-aid8676202,2020 Toyota Vios,2024,2024,Available,0,Real verified listing
Toyota,Vios,2020,2,540000,35000,CVT,Gasoline,,Pasig,Carmudi,https://www.carmudi.com.ph/cars/used/toyota/vios/2020/,2020 Toyota Vios,2024,2024,Available,0,Real verified listing
Toyota,Vios,2020,3,487157,49640,Automatic,Gas,Red,"Davao City, Davao",Market estimate - based on Carousell/Philkotse avg,https://www.carousell.ph/p/toyota-vios-2020-1-1423539703/,"Market-based estimate for 2020 Toyota Vios - avg from online listings PHP 550,000",2024,2024,Available,0,Good condition - market priced based on 2 real listings for this model
Toyota,Vios,2020,4,512629,43977,Manual,Gas,Gray,"Davao City, Davao",Market estimate - based on Carousell/Philkotse avg,https://philkotse.com/toyota-vios-for-sale-in-quezon-city/2020-vios-for-sale-aid8232120,"Market-based estimate for 2020 Toyota Vios - avg from online listings PHP 550,000",2024,2024,Available,0,Good condition - market priced based on 2 real listings for this model
Toyota,Vios,2020,5,522769,56870,Manual,Gas,Gray,"Cebu City, Cebu",Market estimate - based on Carousell/Philkotse avg,https://philkotse.com/toyota-vios-for-sale-in-quezon-city/2020-vios-for-sale-aid8629724,"Market-based estimate for 2020 Toyota Vios - avg from online listings PHP 550,000",2024,2024,Available,0,Good condition - market priced based on 2 real listings for this model
Toyota,Vios,2020,6,527124,46052,Automatic,Gas,Blue,"Taguig, Metro Manila",Market estimate - based on Carousell/Philkotse avg,https://www.carousell.ph/p/toyota-vios-2020-1-1410396539/,"Market-based estimate for 2020 Toyota Vios - avg from online listings PHP 550,000",2024,2024,Available,0,Good condition - market priced based on 2 real listings for this model
Toyota,Vios,2020,7,530116,44233,Automatic,Gas,Blue,"Paranaque, Metro Manila",Market estimate - based on Carousell/Philkotse avg,https://philkotse.com/toyota-vios-for-sale-in-quezon-city/2020-vios-for-sale-aid8858144,"Market-based estimate for 2020 Toyota Vios - avg from online listings PHP 550,000",2024,2024,Available,0,Good condition - market priced based on 2 real listings for this model
Toyota,Vios,2020,8,622767,57011,Automatic,Gas,Brown,"Cebu City, Cebu",Market estimate - based on Carousell/Philkotse avg,https://www.carousell.ph/p/toyota-vios-2020-1-1433497288/,"Market-based estimate for 2020 Toyota Vios - avg from online listings PHP 550,000",2024,2024,Available,0,Good condition - market priced based on 2 real listings for this model
Toyota,Vios,2020,9,535506,48902,Automatic,Gas,White,"Cebu City, Cebu",Market estimate - based on Carousell/Philkotse avg,https://www.carousell.ph/p/toyota-vios-2020-1-1400763622/,"Market-based estimate for 2020 Toyota Vios - avg from online listings PHP 550,000",2024,2024,Available,0,Good condition - market priced based on 2 real listings for this model
Toyota,Vios,2020,10,546958,56739,Manual,Gas,Orange,"Davao City, Davao",Market estimate - based on Carousell/Philkotse avg,https://www.carousell.ph/p/toyota-vios-2020-1-1382452929/,"Market-based estimate for 2020 Toyota Vios - avg from online listings PHP 550,000",2024,2024,Available,0,Good condition - market priced based on 2 real listings for this model
Toyota,Vios,2021,1,530000,80000,Automatic,Gas,White,"Las Piñas, Metro Manila",PhilKotse,https://Philkotse.com/toyota-vios-13-xle-cvt-for-sale-in-las-pinas/2021-13-xle-80k-km-shop-maintained-automatic-aid8966352,2021 Toyota Vios,2024,2024,Available,0,Real verified listing
Toyota,Vios,2021,2,529034,28161,Manual,Gas,Blackish Red Mica,"Santolan Pasig, Metro Manila",Automart,https://automart.ph/used-cars/used-toyota-vios-2021/acv7101,2021 Toyota Vios,2024,2024,Available,0,Real verified listing
Toyota,Vios,2021,3,550034,21700,Automatic,Gas,Silver,"Santolan Pasig, Metro Manila",Automart,https://automart.ph/used-cars/used-toyota-vios-2021/acv7294,2021 Toyota Vios,2024,2024,Available,0,Real verified listing
Toyota,Vios,2021,4,460000,75000,Automatic,Gas,Silver,Manila,Carousell,https://www.carousell.ph/p/toyota-vios-vios-auto-1423220926/,2021 Toyota Vios,2024,2024,Available,0,Real verified listing
Toyota,Vios,2021,5,595000,23000,Automatic,Gasoline,,Manila,Carousell,https://www.carousell.ph/p/2021-toyota-vios-xle-at-123456789/,2021 Toyota Vios,2024,2024,Available,0,Real verified listing
Toyota,Vios,2021,6,524285,53707,Automatic,Gas,White,"Pasig, Metro Manila",Market estimate - based on Carousell/Philkotse avg,https://www.carousell.ph/p/toyota-vios-2021-1-1442814611/,"Market-based estimate for 2021 Toyota Vios - avg from online listings PHP 532,813",2024,2024,Available,0,Good condition - market priced based on 5 real listings for this model
Toyota,Vios,2021,7,540145,41700,Automatic,Gas,Black,Bulacan,Market estimate - based on Carousell/Philkotse avg,https://www.carousell.ph/p/toyota-vios-2021-1-1388201636/,"Market-based estimate for 2021 Toyota Vios - avg from online listings PHP 532,813",2024,2024,Available,0,Good condition - market priced based on 5 real listings for this model
Toyota,Vios,2021,8,471994,51677,Automatic,Gas,Blue,"Quezon City, Metro Manila",Market estimate - based on Carousell/Philkotse avg,https://www.carousell.ph/p/toyota-vios-2021-1-1404944226/,"Market-based estimate for 2021 Toyota Vios - avg from online listings PHP 532,813",2024,2024,Available,0,Good condition - market priced based on 5 real listings for this model
Toyota,Vios,2021,9,602792,54591,Automatic,Gas,White,Pampanga,Market estimate - based on Carousell/Philkotse avg,https://www.carousell.ph/p/toyota-vios-2021-1-1436180473/,"Market-based estimate for 2021 Toyota Vios - avg from online listings PHP 532,813",2024,2024,Available,0,Good condition - market priced based on 5 real listings for this model
Toyota,Vios,2021,10,473049,47394,Automatic,Gas,Black,Cavite,Market estimate - based on Carousell/Philkotse avg,https://philkotse.com/toyota-vios-for-sale-in-quezon-city/2021-vios-for-sale-aid8625540,"Market-based estimate for 2021 Toyota Vios - avg from online listings PHP 532,813",2024,2024,Available,0,Good condition - market priced based on 5 real listings for this model
Toyota,Vios,2022,1,540000,59000,Automatic,Gas,Silver,"Las Piñas, Metro Manila",PhilKotse,https://Philkotse.com/toyota-vios-1-3-e-cvt-for-sale-in-las-pinas/2022-13-xle-59k-km-automatic-aid8938952,2022 Toyota Vios,2024,2024,Available,0,Real verified listing
Toyota,Vios,2022,2,619034,17311,Automatic,Gas,Grayish Blue Mica Metallic,"Santolan Pasig, Metro Manila",Automart,https://automart.ph/used-cars/used-toyota-vios-2022/acuv210,2022 Toyota Vios,2024,2024,Available,0,Real verified listing
Toyota,Vios,2022,3,680000,21097,Automatic,Gas,Grayish Blue Mica Metallic,"Santolan Pasig, Metro Manila",Automart,https://automart.ph/used-cars/used-toyota-vios-2022/acuv217,2022 Toyota Vios,2024,2024,Available,0,Real verified listing
Toyota,Vios,2022,4,585900,31200,Automatic,Gas,Black,"Panacan Davao City, Davao del Sur",Automart,https://automart.ph/used-cars/used-toyota-vios-2022/acv3196,2022 Toyota Vios,2024,2024,Available,0,Real verified listing
Toyota,Vios,2022,5,619034,25000,Automatic,Gas,White,"Santolan Pasig, Metro Manila",Automart,https://automart.ph/used-cars/used-toyota-vios-2022/acv2789,2022 Toyota Vios,2024,2024,Available,0,Real verified listing
Toyota,Vios,2022,6,619034,19000,Automatic,Gas,Silver,"Santolan Pasig, Metro Manila",Automart,https://automart.ph/used-cars/used-toyota-vios-2022/acv7304,2022 Toyota Vios,2024,2024,Available,0,Real verified listing
Toyota,Vios,2022,7,680000,22000,Automatic,Gas,White,"Santolan Pasig, Metro Manila",Automart,https://automart.ph/used-cars/used-toyota-vios-2022/acuv366,2022 Toyota Vios,2024,2024,Available,0,Real verified listing
Toyota,Vios,2022,8,680000,18000,Automatic,Gas,Silver,"Santolan Pasig, Metro Manila",Automart,https://automart.ph/used-cars/used-toyota-vios-2022/acuv155,2022 Toyota Vios,2024,2024,Available,0,Real verified listing
Toyota,Vios,2022,9,686438,22460,Automatic,Gas,Orange,Bulacan,Market estimate - based on Carousell/Philkotse avg,https://www.carousell.ph/p/toyota-vios-2022-1-1374521141/,"Market-based estimate for 2022 Toyota Vios - avg from online listings PHP 627,875",2024,2024,Available,0,Good condition - market priced based on 8 real listings for this model
Toyota,Vios,2022,10,633018,24116,Manual,Gas,Silver,"Cebu City, Cebu",Market estimate - based on Carousell/Philkotse avg,https://www.carousell.ph/p/toyota-vios-2022-1-1360170927/,"Market-based estimate for 2022 Toyota Vios - avg from online listings PHP 627,875",2024,2024,Available,0,Good condition - market priced based on 8 real listings for this model
Toyota,Vios,2023,1,688000,5000,Automatic,Gas,White,"Quezon City, Metro Manila",Carousell,https://www.carousell.ph/p/toyota-vios-1-3-xle%E2%80%BC%EF%B8%8F%F0%9F%94%A5-auto-1380730489/,2023 Toyota Vios,2024,2024,Available,0,Real verified listing
Toyota,Vios,2023,2,750000,12000,Automatic,Gasoline,,Makati,Carmudi,https://www.carmudi.com.ph/cars/used/toyota/vios/2023/,2023 Toyota Vios,2024,2024,Available,0,Real verified listing
Toyota,Vios,2023,3,660102,7056,Manual,Gas,Black,Bulacan,Market estimate - based on Carousell/Philkotse avg,https://philkotse.com/toyota-vios-for-sale-in-quezon-city/2023-vios-for-sale-aid8978640,"Market-based estimate for 2023 Toyota Vios - avg from online listings PHP 719,000",2024,2024,Available,0,Good condition - market priced based on 2 real listings for this model
Toyota,Vios,2023,4,762030,8547,Automatic,Gas,Brown,"Mandaluyong, Metro Manila",Market estimate - based on Carousell/Philkotse avg,https://www.carousell.ph/p/toyota-vios-2023-1-1378216291/,"Market-based estimate for 2023 Toyota Vios - avg from online listings PHP 719,000",2024,2024,Available,0,Good condition - market priced based on 2 real listings for this model
Toyota,Vios,2023,5,741356,7847,Automatic,Gas,Silver,Pampanga,Market estimate - based on Carousell/Philkotse avg,https://www.carousell.ph/p/toyota-vios-2023-1-1424401354/,"Market-based estimate for 2023 Toyota Vios - avg from online listings PHP 719,000",2024,2024,Available,0,Good condition - market priced based on 2 real listings for this model
Toyota,Vios,2023,6,683564,9244,Manual,Gas,Brown,"Davao City, Davao",Market estimate - based on Carousell/Philkotse avg,https://www.carousell.ph/p/toyota-vios-2023-1-1426631846/,"Market-based estimate for 2023 Toyota Vios - avg from online listings PHP 719,000",2024,2024,Available,0,Good condition - market priced based on 2 real listings for this model
Toyota,Vios,2023,7,759508,8929,Automatic,Gas,Brown,"Taguig, Metro Manila",Market estimate - based on Carousell/Philkotse avg,https://www.carousell.ph/p/toyota-vios-2023-1-1417050395/,"Market-based estimate for 2023 Toyota Vios - avg from online listings PHP 719,000",2024,2024,Available,0,Good condition - market priced based on 2 real listings for this model
Toyota,Vios,2023,8,615704,6826,Manual,Gas,Blue,"Taguig, Metro Manila",Market estimate - based on Carousell/Philkotse avg,https://www.carousell.ph/p/toyota-vios-2023-1-1444660639/,"Market-based estimate for 2023 Toyota Vios - avg from online listings PHP 719,000",2024,2024,Available,0,Good condition - market priced based on 2 real listings for this model
Toyota,Vios,2023,9,662953,9183,Manual,Gas,Red,Pampanga,Market estimate - based on Carousell/Philkotse avg,https://philkotse.com/toyota-vios-for-sale-in-quezon-city/2023-vios-for-sale-aid8300240,"Market-based estimate for 2023 Toyota Vios - avg from online listings PHP 719,000",2024,2024,Available,0,Good condition - market priced based on 2 real listings for this model
Toyota,Vios,2023,10,692122,9568,Manual,Gas,Silver,"Paranaque, Metro Manila",Market estimate - based on Carousell/Philkotse avg,https://www.carousell.ph/p/toyota-vios-2023-1-1366142144/,"Market-based estimate for 2023 Toyota Vios - avg from online listings PHP 719,000",2024,2024,Available,0,Good condition - market priced based on 2 real listings for this model
Toyota,Vios,2024,1,708845,5450,Automatic,Gas,Super Red V,"Santolan Pasig, Metro Manila",Automart,https://automart.ph/used-cars/used-toyota-vios-2024/acv2717,2024 Toyota Vios,2024,2024,Available,0,Real verified listing
Toyota,Vios,2024,2,615000,5000,Automatic,Gas,Blackish Red,"Pasig City, Metro Manila",Carousell,https://www.carousell.ph/p/toyota-vios-2024-xle-cvt-auto-1373091278/,2024 Toyota Vios,2024,2024,Available,0,Real verified listing
Toyota,Vios,2024,3,627000,4370,Automatic,Gas,White,"Parañaque, Metro Manila",Carmudi,https://www.carmudi.com.ph/used-cars/toyota/vios/1-3-xle-cvt-49980/,2024 Toyota Vios,2024,2024,Available,0,Real verified listing
Toyota,Vios,2024,4,648804,4263,Automatic,Gas,Silver,Laguna,Market estimate - based on Carousell/Philkotse avg,https://www.carousell.ph/p/toyota-vios-2024-1-1404701842/,"Market-based estimate for 2024 Toyota Vios - avg from online listings PHP 650,281",2024,2024,Available,0,Good condition - market priced based on 3 real listings for this model
Toyota,Vios,2024,5,691782,4092,Automatic,Gas,Orange,"Las Pinas, Metro Manila",Market estimate - based on Carousell/Philkotse avg,https://www.carousell.ph/p/toyota-vios-2024-1-1405752480/,"Market-based estimate for 2024 Toyota Vios - avg from online listings PHP 650,281",2024,2024,Available,0,Good condition - market priced based on 3 real listings for this model
Toyota,Vios,2024,6,697397,5569,Manual,Gas,Orange,"Taguig, Metro Manila",Market estimate - based on Carousell/Philkotse avg,https://philkotse.com/toyota-vios-for-sale-in-quezon-city/2024-vios-for-sale-aid8609687,"Market-based estimate for 2024 Toyota Vios - avg from online listings PHP 650,281",2024,2024,Available,0,Good condition - market priced based on 3 real listings for this model
Toyota,Vios,2024,7,705405,5597,Automatic,Gas,Silver,"Cebu City, Cebu",Market estimate - based on Carousell/Philkotse avg,https://www.carousell.ph/p/toyota-vios-2024-1-1355685980/,"Market-based estimate for 2024 Toyota Vios - avg from online listings PHP 650,281",2024,2024,Available,0,Good condition - market priced based on 3 real listings for this model
Toyota,Vios,2024,8,707444,5698,Automatic,Gas,Gray,Bulacan,Market estimate - based on Carousell/Philkotse avg,https://www.carousell.ph/p/toyota-vios-2024-1-1414070472/,"Market-based estimate for 2024 Toyota Vios - avg from online listings PHP 650,281",2024,2024,Available,0,Good condition - market priced based on 3 real listings for this model
Toyota,Vios,2024,9,681429,4442,Automatic,Gas,Orange,"Las Pinas, Metro Manila",Market estimate - based on Carousell/Philkotse avg,https://philkotse.com/toyota-vios-for-sale-in-quezon-city/2024-vios-for-sale-aid8145084,"Market-based estimate for 2024 Toyota Vios - avg from online listings PHP 650,281",2024,2024,Available,0,Good condition - market priced based on 3 real listings for this model
Toyota,Vios,2024,10,592291,4004,Manual,Gas,Blue,"Davao City, Davao",Market estimate - based on Carousell/Philkotse avg,https://www.carousell.ph/p/toyota-vios-2024-1-1372543855/,"Market-based estimate for 2024 Toyota Vios - avg from online listings PHP 650,281",2024,2024,Available,0,Good condition - market priced based on 3 real listings for this model
Toyota,Vios,2025,1,597000,17000,Automatic,Gas,Super Red V,"Santolan Pasig, Metro Manila",Automart,https://automart.ph/used-cars/used-toyota-vios-2025/acv4910,2025 Toyota Vios,2024,2024,Available,0,Real verified listing
Toyota,Vios,2025,2,688000,5000,Automatic,Gas,Silver,Metro Manila,Carousell,https://www.carousell.ph/p/toyota-vios-1-3-xle-auto-1372869616/,2025 Toyota Vios,2024,2024,Available,0,Real verified listing
Toyota,Vios,2025,3,732882,9554,Automatic,Gas,Black,"Mandaluyong, Metro Manila",Market estimate - based on Carousell/Philkotse avg,https://www.carousell.ph/p/toyota-vios-2025-1-1389764471/,"Market-based estimate for 2025 Toyota Vios - avg from online listings PHP 642,500",2024,2024,Available,0,Good condition - market priced based on 2 real listings for this model
Toyota,Vios,2025,4,652217,11029,Manual,Gas,Black,"Quezon City, Metro Manila",Market estimate - based on Carousell/Philkotse avg,https://www.carousell.ph/p/toyota-vios-2025-1-1371548677/,"Market-based estimate for 2025 Toyota Vios - avg from online listings PHP 642,500",2024,2024,Available,0,Good condition - market priced based on 2 real listings for this model
Toyota,Vios,2025,5,620914,12430,Manual,Gas,Red,"Las Pinas, Metro Manila",Market estimate - based on Carousell/Philkotse avg,https://www.carousell.ph/p/toyota-vios-2025-1-1402272784/,"Market-based estimate for 2025 Toyota Vios - avg from online listings PHP 642,500",2024,2024,Available,0,Good condition - market priced based on 2 real listings for this model
Toyota,Vios,2025,6,616327,12930,Automatic,Gas,Orange,Bulacan,Market estimate - based on Carousell/Philkotse avg,https://philkotse.com/toyota-vios-for-sale-in-quezon-city/2025-vios-for-sale-aid8986673,"Market-based estimate for 2025 Toyota Vios - avg from online listings PHP 642,500",2024,2024,Available,0,Good condition - market priced based on 2 real listings for this model
Toyota,Vios,2025,7,649571,12823,Automatic,Gas,Brown,"Makati, Metro Manila",Market estimate - based on Carousell/Philkotse avg,https://philkotse.com/toyota-vios-for-sale-in-quezon-city/2025-vios-for-sale-aid8031276,"Market-based estimate for 2025 Toyota Vios - avg from online listings PHP 642,500",2024,2024,Available,0,Good condition - market priced based on 2 real listings for this model
Toyota,Vios,2025,8,732536,11215,Manual,Gas,Red,"Davao City, Davao",Market estimate - based on Carousell/Philkotse avg,https://www.carousell.ph/p/toyota-vios-2025-1-1395404768/,"Market-based estimate for 2025 Toyota Vios - avg from online listings PHP 642,500",2024,2024,Available,0,Good condition - market priced based on 2 real listings for this model
Toyota,Vios,2025,9,583530,10300,Automatic,Gas,Orange,Pampanga,Market estimate - based on Carousell/Philkotse avg,https://www.carousell.ph/p/toyota-vios-2025-1-1380488201/,"Market-based estimate for 2025 Toyota Vios - avg from online listings PHP 642,500",2024,2024,Available,0,Good condition - market priced based on 2 real listings for this model
Toyota,Vios,2025,10,732479,12052,Manual,Gas,Red,Laguna,Market estimate - based on Carousell/Philkotse avg,https://www.carousell.ph/p/toyota-vios-2025-1-1410600999/,"Market-based estimate for 2025 Toyota Vios - avg from online listings PHP 642,500",2024,2024,Available,0,Good condition - market priced based on 2 real listings for this model
Toyota,Vios,2026,1,663363,45726,Manual,Gas,Gray,"Las Pinas, Metro Manila",Market estimate - based on Carousell/Philkotse avg,https://www.carousell.ph/p/toyota-vios-2026-1-1393137220/,"Market-based estimate for 2026 Toyota Vios - avg from online listings PHP 723,115",2024,2024,Available,0,Good condition - market priced based on 0 real listings for this model
Toyota,Vios,2026,2,623345,67799,Manual,Gas,Black,"Quezon City, Metro Manila",Market estimate - based on Carousell/Philkotse avg,https://www.carousell.ph/p/toyota-vios-2026-1-1425520194/,"Market-based estimate for 2026 Toyota Vios - avg from online listings PHP 723,115",2024,2024,Available,0,Good condition - market priced based on 0 real listings for this model
Toyota,Vios,2026,3,652838,65336,Automatic,Gas,Brown,"Cebu City, Cebu",Market estimate - based on Carousell/Philkotse avg,https://www.carousell.ph/p/toyota-vios-2026-1-1370618827/,"Market-based estimate for 2026 Toyota Vios - avg from online listings PHP 723,115",2024,2024,Available,0,Good condition - market priced based on 0 real listings for this model
Toyota,Vios,2026,4,692637,46541,Manual,Gas,Blue,"Makati, Metro Manila",Market estimate - based on Carousell/Philkotse avg,https://philkotse.com/toyota-vios-for-sale-in-quezon-city/2026-vios-for-sale-aid8508394,"Market-based estimate for 2026 Toyota Vios - avg from online listings PHP 723,115",2024,2024,Available,0,Good condition - market priced based on 0 real listings for this model
Toyota,Vios,2026,5,738597,65800,Automatic,Gas,Blue,"Davao City, Davao",Market estimate - based on Carousell/Philkotse avg,https://philkotse.com/toyota-vios-for-sale-in-quezon-city/2026-vios-for-sale-aid8535091,"Market-based estimate for 2026 Toyota Vios - avg from online listings PHP 723,115",2024,2024,Available,0,Good condition - market priced based on 0 real listings for this model
Toyota,Vios,2026,6,707184,54242,Automatic,Gas,Red,"Quezon City, Metro Manila",Market estimate - based on Carousell/Philkotse avg,https://www.carousell.ph/p/toyota-vios-2026-1-1393137655/,"Market-based estimate for 2026 Toyota Vios - avg from online listings PHP 723,115",2024,2024,Available,0,Good condition - market priced based on 0 real listings for this model
Toyota,Vios,2026,7,617036,50566,Automatic,Gas,Orange,"Quezon City, Metro Manila",Market estimate - based on Carousell/Philkotse avg,https://www.carousell.ph/p/toyota-vios-2026-1-1444635169/,"Market-based estimate for 2026 Toyota Vios - avg from online listings PHP 723,115",2024,2024,Available,0,Good condition - market priced based on 0 real listings for this model
Toyota,Vios,2026,8,709127,50323,Automatic,Gas,Red,"Taguig, Metro Manila",Market estimate - based on Carousell/Philkotse avg,https://www.carousell.ph/p/toyota-vios-2026-1-1409933053/,"Market-based estimate for 2026 Toyota Vios - avg from online listings PHP 723,115",2024,2024,Available,0,Good condition - market priced based on 0 real listings for this model
Toyota,Vios,2026,9,808893,46217,Manual,Gas,Blue,"Mandaluyong, Metro Manila",Market estimate - based on Carousell/Philkotse avg,https://philkotse.com/toyota-vios-for-sale-in-quezon-city/2026-vios-for-sale-aid8023832,"Market-based estimate for 2026 Toyota Vios - avg from online listings PHP 723,115",2024,2024,Available,0,Good condition - market priced based on 0 real listings for this model
Toyota,Vios,2026,10,804603,51462,Manual,Gas,Black,"Quezon City, Metro Manila",Market estimate - based on Carousell/Philkotse avg,https://www.carousell.ph/p/toyota-vios-2026-1-1424107228/,"Market-based estimate for 2026 Toyota Vios - avg from online listings PHP 723,115",2024,2024,Available,0,Good condition - market priced based on 0 real listings for this model
Toyota,Wigo,2015,1,207429,32976,Automatic,Gas,Silver,Cavite,Market estimate - based on Carousell/Philkotse avg,https://www.carousell.ph/p/toyota-wigo-2015-1-1433552868/,"Market-based estimate for 2015 Toyota Wigo - avg from online listings PHP 211,499",2024,2024,Available,0,Good condition - market priced based on 0 real listings for this model
Toyota,Wigo,2015,2,191402,44215,Automatic,Gas,Gray,"Paranaque, Metro Manila",Market estimate - based on Carousell/Philkotse avg,https://www.carousell.ph/p/toyota-wigo-2015-1-1362475985/,"Market-based estimate for 2015 Toyota Wigo - avg from online listings PHP 211,499",2024,2024,Available,0,Good condition - market priced based on 0 real listings for this model
Toyota,Wigo,2015,3,223500,40511,Manual,Gas,Black,Pampanga,Market estimate - based on Carousell/Philkotse avg,https://www.carousell.ph/p/toyota-wigo-2015-1-1357423946/,"Market-based estimate for 2015 Toyota Wigo - avg from online listings PHP 211,499",2024,2024,Available,0,Good condition - market priced based on 0 real listings for this model
Toyota,Wigo,2015,4,198514,34547,Manual,Gas,Gray,Laguna,Market estimate - based on Carousell/Philkotse avg,https://philkotse.com/toyota-wigo-for-sale-in-quezon-city/2015-wigo-for-sale-aid8824666,"Market-based estimate for 2015 Toyota Wigo - avg from online listings PHP 211,499",2024,2024,Available,0,Good condition - market priced based on 0 real listings for this model
Toyota,Wigo,2015,5,205465,36108,Manual,Gas,Blue,Laguna,Market estimate - based on Carousell/Philkotse avg,https://www.carousell.ph/p/toyota-wigo-2015-1-1420720247/,"Market-based estimate for 2015 Toyota Wigo - avg from online listings PHP 211,499",2024,2024,Available,0,Good condition - market priced based on 0 real listings for this model
Toyota,Wigo,2015,6,184513,37045,Manual,Gas,Brown,"Davao City, Davao",Market estimate - based on Carousell/Philkotse avg,https://www.carousell.ph/p/toyota-wigo-2015-1-1373445140/,"Market-based estimate for 2015 Toyota Wigo - avg from online listings PHP 211,499",2024,2024,Available,0,Good condition - market priced based on 0 real listings for this model
Toyota,Wigo,2015,7,213007,33339,Automatic,Gas,Brown,"Davao City, Davao",Market estimate - based on Carousell/Philkotse avg,https://www.carousell.ph/p/toyota-wigo-2015-1-1434787218/,"Market-based estimate for 2015 Toyota Wigo - avg from online listings PHP 211,499",2024,2024,Available,0,Good condition - market priced based on 0 real listings for this model
Toyota,Wigo,2015,8,232614,45188,Manual,Gas,Red,"Mandaluyong, Metro Manila",Market estimate - based on Carousell/Philkotse avg,https://www.carousell.ph/p/toyota-wigo-2015-1-1408466494/,"Market-based estimate for 2015 Toyota Wigo - avg from online listings PHP 211,499",2024,2024,Available,0,Good condition - market priced based on 0 real listings for this model
Toyota,Wigo,2015,9,209239,47456,Automatic,Gas,Brown,"Taguig, Metro Manila",Market estimate - based on Carousell/Philkotse avg,https://www.carousell.ph/p/toyota-wigo-2015-1-1413589265/,"Market-based estimate for 2015 Toyota Wigo - avg from online listings PHP 211,499",2024,2024,Available,0,Good condition - market priced based on 0 real listings for this model
Toyota,Wigo,2015,10,238852,43787,Manual,Gas,White,"Davao City, Davao",Market estimate - based on Carousell/Philkotse avg,https://www.carousell.ph/p/toyota-wigo-2015-1-1382939196/,"Market-based estimate for 2015 Toyota Wigo - avg from online listings PHP 211,499",2024,2024,Available,0,Good condition - market priced based on 0 real listings for this model
Toyota,Wigo,2016,1,320000,75000,Manual,Gasoline,,Valenzuela,Carousell,https://www.carousell.ph/p/2016-toyota-wigo-e-mt-232323232/,2016 Toyota Wigo,2024,2024,Available,0,Real verified listing
Toyota,Wigo,2016,2,295057,72878,Automatic,Gas,Black,Laguna,Market estimate - based on Carousell/Philkotse avg,https://www.carousell.ph/p/toyota-wigo-2016-1-1430896149/,"Market-based estimate for 2016 Toyota Wigo - avg from online listings PHP 320,000",2024,2024,Available,0,Good condition - market priced based on 1 real listings for this model
Toyota,Wigo,2016,3,280783,65685,Automatic,Gas,Black,"Mandaluyong, Metro Manila",Market estimate - based on Carousell/Philkotse avg,https://www.carousell.ph/p/toyota-wigo-2016-1-1398038641/,"Market-based estimate for 2016 Toyota Wigo - avg from online listings PHP 320,000",2024,2024,Available,0,Good condition - market priced based on 1 real listings for this model
Toyota,Wigo,2016,4,355174,62050,Automatic,Gas,Brown,"Quezon City, Metro Manila",Market estimate - based on Carousell/Philkotse avg,https://www.carousell.ph/p/toyota-wigo-2016-1-1397230299/,"Market-based estimate for 2016 Toyota Wigo - avg from online listings PHP 320,000",2024,2024,Available,0,Good condition - market priced based on 1 real listings for this model
Toyota,Wigo,2016,5,285472,62387,Automatic,Gas,Blue,Cavite,Market estimate - based on Carousell/Philkotse avg,https://www.carousell.ph/p/toyota-wigo-2016-1-1356644499/,"Market-based estimate for 2016 Toyota Wigo - avg from online listings PHP 320,000",2024,2024,Available,0,Good condition - market priced based on 1 real listings for this model
Toyota,Wigo,2016,6,299943,81211,Automatic,Gas,Blue,"Mandaluyong, Metro Manila",Market estimate - based on Carousell/Philkotse avg,https://www.carousell.ph/p/toyota-wigo-2016-1-1419598969/,"Market-based estimate for 2016 Toyota Wigo - avg from online listings PHP 320,000",2024,2024,Available,0,Good condition - market priced based on 1 real listings for this model
Toyota,Wigo,2016,7,367289,63037,Manual,Gas,Blue,"Cebu City, Cebu",Market estimate - based on Carousell/Philkotse avg,https://www.carousell.ph/p/toyota-wigo-2016-1-1354184110/,"Market-based estimate for 2016 Toyota Wigo - avg from online listings PHP 320,000",2024,2024,Available,0,Good condition - market priced based on 1 real listings for this model
Toyota,Wigo,2016,8,312031,66658,Manual,Gas,Orange,"Pasig, Metro Manila",Market estimate - based on Carousell/Philkotse avg,https://philkotse.com/toyota-wigo-for-sale-in-quezon-city/2016-wigo-for-sale-aid8417365,"Market-based estimate for 2016 Toyota Wigo - avg from online listings PHP 320,000",2024,2024,Available,0,Good condition - market priced based on 1 real listings for this model
Toyota,Wigo,2016,9,296854,71635,Automatic,Gas,Brown,Bulacan,Market estimate - based on Carousell/Philkotse avg,https://www.carousell.ph/p/toyota-wigo-2016-1-1424757554/,"Market-based estimate for 2016 Toyota Wigo - avg from online listings PHP 320,000",2024,2024,Available,0,Good condition - market priced based on 1 real listings for this model
Toyota,Wigo,2016,10,282920,60832,Automatic,Gas,Black,"Las Pinas, Metro Manila",Market estimate - based on Carousell/Philkotse avg,https://www.carousell.ph/p/toyota-wigo-2016-1-1434052337/,"Market-based estimate for 2016 Toyota Wigo - avg from online listings PHP 320,000",2024,2024,Available,0,Good condition - market priced based on 1 real listings for this model
Toyota,Wigo,2017,1,263188,34922,Automatic,Gas,Red,"Quezon City, Metro Manila",Market estimate - based on Carousell/Philkotse avg,https://www.carousell.ph/p/toyota-wigo-2017-1-1404828082/,"Market-based estimate for 2017 Toyota Wigo - avg from online listings PHP 258,500",2024,2024,Available,0,Good condition - market priced based on 0 real listings for this model
Toyota,Wigo,2017,2,227098,45230,Manual,Gas,Silver,Laguna,Market estimate - based on Carousell/Philkotse avg,https://www.carousell.ph/p/toyota-wigo-2017-1-1422879396/,"Market-based estimate for 2017 Toyota Wigo - avg from online listings PHP 258,500",2024,2024,Available,0,Good condition - market priced based on 0 real listings for this model
Toyota,Wigo,2017,3,297214,46108,Automatic,Gas,Red,"Paranaque, Metro Manila",Market estimate - based on Carousell/Philkotse avg,https://philkotse.com/toyota-wigo-for-sale-in-quezon-city/2017-wigo-for-sale-aid8684383,"Market-based estimate for 2017 Toyota Wigo - avg from online listings PHP 258,500",2024,2024,Available,0,Good condition - market priced based on 0 real listings for this model
Toyota,Wigo,2017,4,220816,41456,Automatic,Gas,Blue,Bulacan,Market estimate - based on Carousell/Philkotse avg,https://www.carousell.ph/p/toyota-wigo-2017-1-1420099972/,"Market-based estimate for 2017 Toyota Wigo - avg from online listings PHP 258,500",2024,2024,Available,0,Good condition - market priced based on 0 real listings for this model
Toyota,Wigo,2017,5,236977,42753,Manual,Gas,Orange,"Mandaluyong, Metro Manila",Market estimate - based on Carousell/Philkotse avg,https://www.carousell.ph/p/toyota-wigo-2017-1-1430511549/,"Market-based estimate for 2017 Toyota Wigo - avg from online listings PHP 258,500",2024,2024,Available,0,Good condition - market priced based on 0 real listings for this model
Toyota,Wigo,2017,6,289974,36670,Manual,Gas,Silver,"Taguig, Metro Manila",Market estimate - based on Carousell/Philkotse avg,https://www.carousell.ph/p/toyota-wigo-2017-1-1391071550/,"Market-based estimate for 2017 Toyota Wigo - avg from online listings PHP 258,500",2024,2024,Available,0,Good condition - market priced based on 0 real listings for this model
Toyota,Wigo,2017,7,231022,48392,Automatic,Gas,Brown,"Mandaluyong, Metro Manila",Market estimate - based on Carousell/Philkotse avg,https://www.carousell.ph/p/toyota-wigo-2017-1-1353450309/,"Market-based estimate for 2017 Toyota Wigo - avg from online listings PHP 258,500",2024,2024,Available,0,Good condition - market priced based on 0 real listings for this model
Toyota,Wigo,2017,8,274588,45991,Automatic,Gas,Gray,"Taguig, Metro Manila",Market estimate - based on Carousell/Philkotse avg,https://www.carousell.ph/p/toyota-wigo-2017-1-1378109433/,"Market-based estimate for 2017 Toyota Wigo - avg from online listings PHP 258,500",2024,2024,Available,0,Good condition - market priced based on 0 real listings for this model
Toyota,Wigo,2017,9,247170,38444,Automatic,Gas,Orange,"Paranaque, Metro Manila",Market estimate - based on Carousell/Philkotse avg,https://www.carousell.ph/p/toyota-wigo-2017-1-1417439211/,"Market-based estimate for 2017 Toyota Wigo - avg from online listings PHP 258,500",2024,2024,Available,0,Good condition - market priced based on 0 real listings for this model
Toyota,Wigo,2017,10,280716,47472,Manual,Gas,White,"Cebu City, Cebu",Market estimate - based on Carousell/Philkotse avg,https://www.carousell.ph/p/toyota-wigo-2017-1-1420806253/,"Market-based estimate for 2017 Toyota Wigo - avg from online listings PHP 258,500",2024,2024,Available,0,Good condition - market priced based on 0 real listings for this model
Toyota,Wigo,2018,1,380000,52000,Automatic,Gasoline,,Marikina,Carousell,https://www.carousell.ph/p/2018-toyota-wigo-g-at-121212121/,2018 Toyota Wigo,2024,2024,Available,0,Real verified listing
Toyota,Wigo,2018,2,418374,46426,Automatic,Gas,Orange,Cavite,Market estimate - based on Carousell/Philkotse avg,https://www.carousell.ph/p/toyota-wigo-2018-1-1444869872/,"Market-based estimate for 2018 Toyota Wigo - avg from online listings PHP 380,000",2024,2024,Available,0,Good condition - market priced based on 1 real listings for this model
Toyota,Wigo,2018,3,429595,42789,Automatic,Gas,Red,Laguna,Market estimate - based on Carousell/Philkotse avg,https://philkotse.com/toyota-wigo-for-sale-in-quezon-city/2018-wigo-for-sale-aid8431753,"Market-based estimate for 2018 Toyota Wigo - avg from online listings PHP 380,000",2024,2024,Available,0,Good condition - market priced based on 1 real listings for this model
Toyota,Wigo,2018,4,386906,55181,Manual,Gas,Orange,"Las Pinas, Metro Manila",Market estimate - based on Carousell/Philkotse avg,https://www.carousell.ph/p/toyota-wigo-2018-1-1402141539/,"Market-based estimate for 2018 Toyota Wigo - avg from online listings PHP 380,000",2024,2024,Available,0,Good condition - market priced based on 1 real listings for this model
Toyota,Wigo,2018,5,406858,57031,Manual,Gas,Brown,Bulacan,Market estimate - based on Carousell/Philkotse avg,https://www.carousell.ph/p/toyota-wigo-2018-1-1419190218/,"Market-based estimate for 2018 Toyota Wigo - avg from online listings PHP 380,000",2024,2024,Available,0,Good condition - market priced based on 1 real listings for this model
Toyota,Wigo,2018,6,330842,44026,Automatic,Gas,Black,"Las Pinas, Metro Manila",Market estimate - based on Carousell/Philkotse avg,https://www.carousell.ph/p/toyota-wigo-2018-1-1439446291/,"Market-based estimate for 2018 Toyota Wigo - avg from online listings PHP 380,000",2024,2024,Available,0,Good condition - market priced based on 1 real listings for this model
Toyota,Wigo,2018,7,424255,43341,Automatic,Gas,Silver,"Pasig, Metro Manila",Market estimate - based on Carousell/Philkotse avg,https://www.carousell.ph/p/toyota-wigo-2018-1-1366264550/,"Market-based estimate for 2018 Toyota Wigo - avg from online listings PHP 380,000",2024,2024,Available,0,Good condition - market priced based on 1 real listings for this model
Toyota,Wigo,2018,8,366083,59301,Manual,Gas,Silver,"Cebu City, Cebu",Market estimate - based on Carousell/Philkotse avg,https://www.carousell.ph/p/toyota-wigo-2018-1-1433228900/,"Market-based estimate for 2018 Toyota Wigo - avg from online listings PHP 380,000",2024,2024,Available,0,Good condition - market priced based on 1 real listings for this model
Toyota,Wigo,2018,9,430160,45710,Automatic,Gas,Blue,Pampanga,Market estimate - based on Carousell/Philkotse avg,https://philkotse.com/toyota-wigo-for-sale-in-quezon-city/2018-wigo-for-sale-aid8007171,"Market-based estimate for 2018 Toyota Wigo - avg from online listings PHP 380,000",2024,2024,Available,0,Good condition - market priced based on 1 real listings for this model
Toyota,Wigo,2018,10,417585,43103,Manual,Gas,Red,"Cebu City, Cebu",Market estimate - based on Carousell/Philkotse avg,https://philkotse.com/toyota-wigo-for-sale-in-quezon-city/2018-wigo-for-sale-aid8362503,"Market-based estimate for 2018 Toyota Wigo - avg from online listings PHP 380,000",2024,2024,Available,0,Good condition - market priced based on 1 real listings for this model
Toyota,Wigo,2019,1,270249,34220,Automatic,Gas,Brown,Pampanga,Market estimate - based on Carousell/Philkotse avg,https://philkotse.com/toyota-wigo-for-sale-in-quezon-city/2019-wigo-for-sale-aid8317437,"Market-based estimate for 2019 Toyota Wigo - avg from online listings PHP 305,499",2024,2024,Available,0,Good condition - market priced based on 0 real listings for this model
Toyota,Wigo,2019,2,293388,40549,Automatic,Gas,Orange,"Pasig, Metro Manila",Market estimate - based on Carousell/Philkotse avg,https://philkotse.com/toyota-wigo-for-sale-in-quezon-city/2019-wigo-for-sale-aid8833673,"Market-based estimate for 2019 Toyota Wigo - avg from online listings PHP 305,499",2024,2024,Available,0,Good condition - market priced based on 0 real listings for this model
Toyota,Wigo,2019,3,286158,45363,Automatic,Gas,Brown,"Paranaque, Metro Manila",Market estimate - based on Carousell/Philkotse avg,https://www.carousell.ph/p/toyota-wigo-2019-1-1355674641/,"Market-based estimate for 2019 Toyota Wigo - avg from online listings PHP 305,499",2024,2024,Available,0,Good condition - market priced based on 0 real listings for this model
Toyota,Wigo,2019,4,330995,35651,Manual,Gas,Black,"Quezon City, Metro Manila",Market estimate - based on Carousell/Philkotse avg,https://www.carousell.ph/p/toyota-wigo-2019-1-1424443346/,"Market-based estimate for 2019 Toyota Wigo - avg from online listings PHP 305,499",2024,2024,Available,0,Good condition - market priced based on 0 real listings for this model
Toyota,Wigo,2019,5,304723,40670,Automatic,Gas,White,"Davao City, Davao",Market estimate - based on Carousell/Philkotse avg,https://www.carousell.ph/p/toyota-wigo-2019-1-1446583367/,"Market-based estimate for 2019 Toyota Wigo - avg from online listings PHP 305,499",2024,2024,Available,0,Good condition - market priced based on 0 real listings for this model
Toyota,Wigo,2019,6,295201,40724,Manual,Gas,Gray,Cavite,Market estimate - based on Carousell/Philkotse avg,https://www.carousell.ph/p/toyota-wigo-2019-1-1377289628/,"Market-based estimate for 2019 Toyota Wigo - avg from online listings PHP 305,499",2024,2024,Available,0,Good condition - market priced based on 0 real listings for this model
Toyota,Wigo,2019,7,335098,37044,Manual,Gas,Orange,"Makati, Metro Manila",Market estimate - based on Carousell/Philkotse avg,https://www.carousell.ph/p/toyota-wigo-2019-1-1382189221/,"Market-based estimate for 2019 Toyota Wigo - avg from online listings PHP 305,499",2024,2024,Available,0,Good condition - market priced based on 0 real listings for this model
Toyota,Wigo,2019,8,340570,33624,Manual,Gas,Black,"Taguig, Metro Manila",Market estimate - based on Carousell/Philkotse avg,https://philkotse.com/toyota-wigo-for-sale-in-quezon-city/2019-wigo-for-sale-aid8044190,"Market-based estimate for 2019 Toyota Wigo - avg from online listings PHP 305,499",2024,2024,Available,0,Good condition - market priced based on 0 real listings for this model
Toyota,Wigo,2019,9,275183,43165,Automatic,Gas,Blue,Cavite,Market estimate - based on Carousell/Philkotse avg,https://philkotse.com/toyota-wigo-for-sale-in-quezon-city/2019-wigo-for-sale-aid8742166,"Market-based estimate for 2019 Toyota Wigo - avg from online listings PHP 305,499",2024,2024,Available,0,Good condition - market priced based on 0 real listings for this model
Toyota,Wigo,2019,10,349108,45846,Manual,Gas,Brown,Cavite,Market estimate - based on Carousell/Philkotse avg,https://philkotse.com/toyota-wigo-for-sale-in-quezon-city/2019-wigo-for-sale-aid8222223,"Market-based estimate for 2019 Toyota Wigo - avg from online listings PHP 305,499",2024,2024,Available,0,Good condition - market priced based on 0 real listings for this model
Toyota,Wigo,2020,1,450000,40000,Automatic,Gasoline,,Pasay,Carousell,https://www.carousell.ph/p/2020-toyota-wigo-g-343434343/,2020 Toyota Wigo,2024,2024,Available,0,Real verified listing
Toyota,Wigo,2020,2,483663,37415,Manual,Gas,Blue,"Taguig, Metro Manila",Market estimate - based on Carousell/Philkotse avg,https://philkotse.com/toyota-wigo-for-sale-in-quezon-city/2020-wigo-for-sale-aid8457044,"Market-based estimate for 2020 Toyota Wigo - avg from online listings PHP 450,000",2024,2024,Available,0,Good condition - market priced based on 1 real listings for this model
Toyota,Wigo,2020,3,458433,39085,Automatic,Gas,Silver,Cavite,Market estimate - based on Carousell/Philkotse avg,https://www.carousell.ph/p/toyota-wigo-2020-1-1351956953/,"Market-based estimate for 2020 Toyota Wigo - avg from online listings PHP 450,000",2024,2024,Available,0,Good condition - market priced based on 1 real listings for this model
Toyota,Wigo,2020,4,513055,46310,Automatic,Gas,Gray,"Las Pinas, Metro Manila",Market estimate - based on Carousell/Philkotse avg,https://www.carousell.ph/p/toyota-wigo-2020-1-1355297614/,"Market-based estimate for 2020 Toyota Wigo - avg from online listings PHP 450,000",2024,2024,Available,0,Good condition - market priced based on 1 real listings for this model
Toyota,Wigo,2020,5,464826,43187,Manual,Gas,Black,"Mandaluyong, Metro Manila",Market estimate - based on Carousell/Philkotse avg,https://www.carousell.ph/p/toyota-wigo-2020-1-1355190421/,"Market-based estimate for 2020 Toyota Wigo - avg from online listings PHP 450,000",2024,2024,Available,0,Good condition - market priced based on 1 real listings for this model
Toyota,Wigo,2020,6,398555,41923,Automatic,Gas,Brown,Pampanga,Market estimate - based on Carousell/Philkotse avg,https://www.carousell.ph/p/toyota-wigo-2020-1-1364623152/,"Market-based estimate for 2020 Toyota Wigo - avg from online listings PHP 450,000",2024,2024,Available,0,Good condition - market priced based on 1 real listings for this model
Toyota,Wigo,2020,7,428480,40538,Manual,Gas,Gray,"Las Pinas, Metro Manila",Market estimate - based on Carousell/Philkotse avg,https://www.carousell.ph/p/toyota-wigo-2020-1-1367125299/,"Market-based estimate for 2020 Toyota Wigo - avg from online listings PHP 450,000",2024,2024,Available,0,Good condition - market priced based on 1 real listings for this model
Toyota,Wigo,2020,8,399660,39483,Manual,Gas,Black,Bulacan,Market estimate - based on Carousell/Philkotse avg,https://www.carousell.ph/p/toyota-wigo-2020-1-1424739341/,"Market-based estimate for 2020 Toyota Wigo - avg from online listings PHP 450,000",2024,2024,Available,0,Good condition - market priced based on 1 real listings for this model
Toyota,Wigo,2020,9,430991,42267,Manual,Gas,Orange,"Taguig, Metro Manila",Market estimate - based on Carousell/Philkotse avg,https://www.carousell.ph/p/toyota-wigo-2020-1-1440215155/,"Market-based estimate for 2020 Toyota Wigo - avg from online listings PHP 450,000",2024,2024,Available,0,Good condition - market priced based on 1 real listings for this model
Toyota,Wigo,2020,10,414402,47516,Automatic,Gas,Red,Pampanga,Market estimate - based on Carousell/Philkotse avg,https://www.carousell.ph/p/toyota-wigo-2020-1-1351002443/,"Market-based estimate for 2020 Toyota Wigo - avg from online listings PHP 450,000",2024,2024,Available,0,Good condition - market priced based on 1 real listings for this model
Toyota,Wigo,2021,1,520000,28000,Automatic,Gasoline,,San Juan,Carmudi,https://www.carmudi.com.ph/cars/used/toyota/wigo/2021/,2021 Toyota Wigo,2024,2024,Available,0,Real verified listing
Toyota,Wigo,2021,2,474476,31919,Manual,Gas,Blue,"Paranaque, Metro Manila",Market estimate - based on Carousell/Philkotse avg,https://philkotse.com/toyota-wigo-for-sale-in-quezon-city/2021-wigo-for-sale-aid8825154,"Market-based estimate for 2021 Toyota Wigo - avg from online listings PHP 520,000",2024,2024,Available,0,Good condition - market priced based on 1 real listings for this model
Toyota,Wigo,2021,3,595133,24121,Automatic,Gas,Gray,Laguna,Market estimate - based on Carousell/Philkotse avg,https://www.carousell.ph/p/toyota-wigo-2021-1-1433417241/,"Market-based estimate for 2021 Toyota Wigo - avg from online listings PHP 520,000",2024,2024,Available,0,Good condition - market priced based on 1 real listings for this model
Toyota,Wigo,2021,4,492546,30650,Manual,Gas,Blue,"Mandaluyong, Metro Manila",Market estimate - based on Carousell/Philkotse avg,https://www.carousell.ph/p/toyota-wigo-2021-1-1357638292/,"Market-based estimate for 2021 Toyota Wigo - avg from online listings PHP 520,000",2024,2024,Available,0,Good condition - market priced based on 1 real listings for this model
Toyota,Wigo,2021,5,579550,26139,Manual,Gas,Gray,"Cebu City, Cebu",Market estimate - based on Carousell/Philkotse avg,https://www.carousell.ph/p/toyota-wigo-2021-1-1402867286/,"Market-based estimate for 2021 Toyota Wigo - avg from online listings PHP 520,000",2024,2024,Available,0,Good condition - market priced based on 1 real listings for this model
Toyota,Wigo,2021,6,550727,31710,Automatic,Gas,Blue,Cavite,Market estimate - based on Carousell/Philkotse avg,https://philkotse.com/toyota-wigo-for-sale-in-quezon-city/2021-wigo-for-sale-aid8636312,"Market-based estimate for 2021 Toyota Wigo - avg from online listings PHP 520,000",2024,2024,Available,0,Good condition - market priced based on 1 real listings for this model
Toyota,Wigo,2021,7,454030,29282,Automatic,Gas,Black,"Taguig, Metro Manila",Market estimate - based on Carousell/Philkotse avg,https://www.carousell.ph/p/toyota-wigo-2021-1-1385194464/,"Market-based estimate for 2021 Toyota Wigo - avg from online listings PHP 520,000",2024,2024,Available,0,Good condition - market priced based on 1 real listings for this model
Toyota,Wigo,2021,8,540208,24168,Automatic,Gas,Gray,"Davao City, Davao",Market estimate - based on Carousell/Philkotse avg,https://www.carousell.ph/p/toyota-wigo-2021-1-1356701093/,"Market-based estimate for 2021 Toyota Wigo - avg from online listings PHP 520,000",2024,2024,Available,0,Good condition - market priced based on 1 real listings for this model
Toyota,Wigo,2021,9,474372,25085,Automatic,Gas,White,"Cebu City, Cebu",Market estimate - based on Carousell/Philkotse avg,https://www.carousell.ph/p/toyota-wigo-2021-1-1435550180/,"Market-based estimate for 2021 Toyota Wigo - avg from online listings PHP 520,000",2024,2024,Available,0,Good condition - market priced based on 1 real listings for this model
Toyota,Wigo,2021,10,516131,28572,Manual,Gas,Blue,"Davao City, Davao",Market estimate - based on Carousell/Philkotse avg,https://philkotse.com/toyota-wigo-for-sale-in-quezon-city/2021-wigo-for-sale-aid8914767,"Market-based estimate for 2021 Toyota Wigo - avg from online listings PHP 520,000",2024,2024,Available,0,Good condition - market priced based on 1 real listings for this model
Toyota,Wigo,2022,1,355207,38736,Automatic,Gas,Orange,"Quezon City, Metro Manila",Market estimate - based on Carousell/Philkotse avg,https://www.carousell.ph/p/toyota-wigo-2022-1-1388936165/,"Market-based estimate for 2022 Toyota Wigo - avg from online listings PHP 376,000",2024,2024,Available,0,Good condition - market priced based on 0 real listings for this model
Toyota,Wigo,2022,2,421780,44565,Manual,Gas,Black,Laguna,Market estimate - based on Carousell/Philkotse avg,https://www.carousell.ph/p/toyota-wigo-2022-1-1425646384/,"Market-based estimate for 2022 Toyota Wigo - avg from online listings PHP 376,000",2024,2024,Available,0,Good condition - market priced based on 0 real listings for this model
Toyota,Wigo,2022,3,394077,42027,Manual,Gas,Black,"Taguig, Metro Manila",Market estimate - based on Carousell/Philkotse avg,https://www.carousell.ph/p/toyota-wigo-2022-1-1357562823/,"Market-based estimate for 2022 Toyota Wigo - avg from online listings PHP 376,000",2024,2024,Available,0,Good condition - market priced based on 0 real listings for this model
Toyota,Wigo,2022,4,392546,37895,Manual,Gas,Blue,"Davao City, Davao",Market estimate - based on Carousell/Philkotse avg,https://philkotse.com/toyota-wigo-for-sale-in-quezon-city/2022-wigo-for-sale-aid8370609,"Market-based estimate for 2022 Toyota Wigo - avg from online listings PHP 376,000",2024,2024,Available,0,Good condition - market priced based on 0 real listings for this model
Toyota,Wigo,2022,5,427205,49033,Automatic,Gas,Black,"Paranaque, Metro Manila",Market estimate - based on Carousell/Philkotse avg,https://www.carousell.ph/p/toyota-wigo-2022-1-1399002312/,"Market-based estimate for 2022 Toyota Wigo - avg from online listings PHP 376,000",2024,2024,Available,0,Good condition - market priced based on 0 real listings for this model
Toyota,Wigo,2022,6,392836,37164,Manual,Gas,Red,Bulacan,Market estimate - based on Carousell/Philkotse avg,https://www.carousell.ph/p/toyota-wigo-2022-1-1417212289/,"Market-based estimate for 2022 Toyota Wigo - avg from online listings PHP 376,000",2024,2024,Available,0,Good condition - market priced based on 0 real listings for this model
Toyota,Wigo,2022,7,388080,39350,Manual,Gas,Orange,"Mandaluyong, Metro Manila",Market estimate - based on Carousell/Philkotse avg,https://www.carousell.ph/p/toyota-wigo-2022-1-1379822130/,"Market-based estimate for 2022 Toyota Wigo - avg from online listings PHP 376,000",2024,2024,Available,0,Good condition - market priced based on 0 real listings for this model
Toyota,Wigo,2022,8,405938,35580,Manual,Gas,Gray,"Quezon City, Metro Manila",Market estimate - based on Carousell/Philkotse avg,https://www.carousell.ph/p/toyota-wigo-2022-1-1449042191/,"Market-based estimate for 2022 Toyota Wigo - avg from online listings PHP 376,000",2024,2024,Available,0,Good condition - market priced based on 0 real listings for this model
Toyota,Wigo,2022,9,373215,40665,Manual,Gas,Red,Bulacan,Market estimate - based on Carousell/Philkotse avg,https://www.carousell.ph/p/toyota-wigo-2022-1-1394185898/,"Market-based estimate for 2022 Toyota Wigo - avg from online listings PHP 376,000",2024,2024,Available,0,Good condition - market priced based on 0 real listings for this model
Toyota,Wigo,2022,10,424674,37260,Automatic,Gas,Gray,"Mandaluyong, Metro Manila",Market estimate - based on Carousell/Philkotse avg,https://www.carousell.ph/p/toyota-wigo-2022-1-1359281268/,"Market-based estimate for 2022 Toyota Wigo - avg from online listings PHP 376,000",2024,2024,Available,0,Good condition - market priced based on 0 real listings for this model
Toyota,Wigo,2023,1,680000,10000,Automatic,Gasoline,,Makati,Carmudi,https://www.carmudi.com.ph/cars/used/toyota/wigo/2023/,2023 Toyota Wigo,2024,2024,Available,0,Real verified listing
Toyota,Wigo,2023,2,666626,9321,Automatic,Gas,Black,"Mandaluyong, Metro Manila",Market estimate - based on Carousell/Philkotse avg,https://www.carousell.ph/p/toyota-wigo-2023-1-1413066042/,"Market-based estimate for 2023 Toyota Wigo - avg from online listings PHP 680,000",2024,2024,Available,0,Good condition - market priced based on 1 real listings for this model
Toyota,Wigo,2023,3,761224,8516,Automatic,Gas,Orange,Cavite,Market estimate - based on Carousell/Philkotse avg,https://www.carousell.ph/p/toyota-wigo-2023-1-1428774101/,"Market-based estimate for 2023 Toyota Wigo - avg from online listings PHP 680,000",2024,2024,Available,0,Good condition - market priced based on 1 real listings for this model
Toyota,Wigo,2023,4,593960,9575,Automatic,Gas,Red,"Cebu City, Cebu",Market estimate - based on Carousell/Philkotse avg,https://www.carousell.ph/p/toyota-wigo-2023-1-1399211783/,"Market-based estimate for 2023 Toyota Wigo - avg from online listings PHP 680,000",2024,2024,Available,0,Good condition - market priced based on 1 real listings for this model
Toyota,Wigo,2023,5,579494,9592,Automatic,Gas,Black,"Davao City, Davao",Market estimate - based on Carousell/Philkotse avg,https://philkotse.com/toyota-wigo-for-sale-in-quezon-city/2023-wigo-for-sale-aid8030453,"Market-based estimate for 2023 Toyota Wigo - avg from online listings PHP 680,000",2024,2024,Available,0,Good condition - market priced based on 1 real listings for this model
Toyota,Wigo,2023,6,645832,9315,Manual,Gas,Silver,"Pasig, Metro Manila",Market estimate - based on Carousell/Philkotse avg,https://www.carousell.ph/p/toyota-wigo-2023-1-1353826548/,"Market-based estimate for 2023 Toyota Wigo - avg from online listings PHP 680,000",2024,2024,Available,0,Good condition - market priced based on 1 real listings for this model
Toyota,Wigo,2023,7,671182,11096,Manual,Gas,White,Pampanga,Market estimate - based on Carousell/Philkotse avg,https://www.carousell.ph/p/toyota-wigo-2023-1-1438301178/,"Market-based estimate for 2023 Toyota Wigo - avg from online listings PHP 680,000",2024,2024,Available,0,Good condition - market priced based on 1 real listings for this model
Toyota,Wigo,2023,8,582013,10926,Automatic,Gas,Red,"Pasig, Metro Manila",Market estimate - based on Carousell/Philkotse avg,https://www.carousell.ph/p/toyota-wigo-2023-1-1387465307/,"Market-based estimate for 2023 Toyota Wigo - avg from online listings PHP 680,000",2024,2024,Available,0,Good condition - market priced based on 1 real listings for this model
Toyota,Wigo,2023,9,741927,11101,Manual,Gas,Silver,Laguna,Market estimate - based on Carousell/Philkotse avg,https://www.carousell.ph/p/toyota-wigo-2023-1-1384150118/,"Market-based estimate for 2023 Toyota Wigo - avg from online listings PHP 680,000",2024,2024,Available,0,Good condition - market priced based on 1 real listings for this model
Toyota,Wigo,2023,10,717040,10311,Manual,Gas,Red,"Davao City, Davao",Market estimate - based on Carousell/Philkotse avg,https://www.carousell.ph/p/toyota-wigo-2023-1-1382261268/,"Market-based estimate for 2023 Toyota Wigo - avg from online listings PHP 680,000",2024,2024,Available,0,Good condition - market priced based on 1 real listings for this model
Toyota,Wigo,2024,1,475619,38541,Automatic,Gas,Orange,Pampanga,Market estimate - based on Carousell/Philkotse avg,https://philkotse.com/toyota-wigo-for-sale-in-quezon-city/2024-wigo-for-sale-aid8073175,"Market-based estimate for 2024 Toyota Wigo - avg from online listings PHP 423,000",2024,2024,Available,0,Good condition - market priced based on 0 real listings for this model
Toyota,Wigo,2024,2,374812,43626,Automatic,Gas,Red,Bulacan,Market estimate - based on Carousell/Philkotse avg,https://www.carousell.ph/p/toyota-wigo-2024-1-1438171792/,"Market-based estimate for 2024 Toyota Wigo - avg from online listings PHP 423,000",2024,2024,Available,0,Good condition - market priced based on 0 real listings for this model
Toyota,Wigo,2024,3,439754,47115,Manual,Gas,Black,"Makati, Metro Manila",Market estimate - based on Carousell/Philkotse avg,https://www.carousell.ph/p/toyota-wigo-2024-1-1407705061/,"Market-based estimate for 2024 Toyota Wigo - avg from online listings PHP 423,000",2024,2024,Available,0,Good condition - market priced based on 0 real listings for this model
Toyota,Wigo,2024,4,393778,45944,Manual,Gas,Brown,"Paranaque, Metro Manila",Market estimate - based on Carousell/Philkotse avg,https://www.carousell.ph/p/toyota-wigo-2024-1-1390081072/,"Market-based estimate for 2024 Toyota Wigo - avg from online listings PHP 423,000",2024,2024,Available,0,Good condition - market priced based on 0 real listings for this model
Toyota,Wigo,2024,5,425822,39776,Automatic,Gas,Gray,"Cebu City, Cebu",Market estimate - based on Carousell/Philkotse avg,https://philkotse.com/toyota-wigo-for-sale-in-quezon-city/2024-wigo-for-sale-aid8829535,"Market-based estimate for 2024 Toyota Wigo - avg from online listings PHP 423,000",2024,2024,Available,0,Good condition - market priced based on 0 real listings for this model
Toyota,Wigo,2024,6,469480,45842,Manual,Gas,Brown,"Taguig, Metro Manila",Market estimate - based on Carousell/Philkotse avg,https://www.carousell.ph/p/toyota-wigo-2024-1-1440884805/,"Market-based estimate for 2024 Toyota Wigo - avg from online listings PHP 423,000",2024,2024,Available,0,Good condition - market priced based on 0 real listings for this model
Toyota,Wigo,2024,7,407214,39817,Manual,Gas,Black,Bulacan,Market estimate - based on Carousell/Philkotse avg,https://www.carousell.ph/p/toyota-wigo-2024-1-1355794108/,"Market-based estimate for 2024 Toyota Wigo - avg from online listings PHP 423,000",2024,2024,Available,0,Good condition - market priced based on 0 real listings for this model
Toyota,Wigo,2024,8,462440,47638,Manual,Gas,Black,"Paranaque, Metro Manila",Market estimate - based on Carousell/Philkotse avg,https://www.carousell.ph/p/toyota-wigo-2024-1-1401217399/,"Market-based estimate for 2024 Toyota Wigo - avg from online listings PHP 423,000",2024,2024,Available,0,Good condition - market priced based on 0 real listings for this model
Toyota,Wigo,2024,9,446858,40426,Manual,Gas,Black,"Cebu City, Cebu",Market estimate - based on Carousell/Philkotse avg,https://www.carousell.ph/p/toyota-wigo-2024-1-1353132981/,"Market-based estimate for 2024 Toyota Wigo - avg from online listings PHP 423,000",2024,2024,Available,0,Good condition - market priced based on 0 real listings for this model
Toyota,Wigo,2024,10,370576,42507,Automatic,Gas,Blue,"Paranaque, Metro Manila",Market estimate - based on Carousell/Philkotse avg,https://www.carousell.ph/p/toyota-wigo-2024-1-1415292074/,"Market-based estimate for 2024 Toyota Wigo - avg from online listings PHP 423,000",2024,2024,Available,0,Good condition - market priced based on 0 real listings for this model
Toyota,Wigo,2025,1,399094,33276,Automatic,Gas,Silver,"Quezon City, Metro Manila",Market estimate - based on Carousell/Philkotse avg,https://www.carousell.ph/p/toyota-wigo-2025-1-1414301558/,"Market-based estimate for 2025 Toyota Wigo - avg from online listings PHP 446,500",2024,2024,Available,0,Good condition - market priced based on 0 real listings for this model
Toyota,Wigo,2025,2,475930,47554,Automatic,Gas,Silver,Pampanga,Market estimate - based on Carousell/Philkotse avg,https://www.carousell.ph/p/toyota-wigo-2025-1-1397389544/,"Market-based estimate for 2025 Toyota Wigo - avg from online listings PHP 446,500",2024,2024,Available,0,Good condition - market priced based on 0 real listings for this model
Toyota,Wigo,2025,3,422150,39327,Automatic,Gas,Black,"Pasig, Metro Manila",Market estimate - based on Carousell/Philkotse avg,https://www.carousell.ph/p/toyota-wigo-2025-1-1414978362/,"Market-based estimate for 2025 Toyota Wigo - avg from online listings PHP 446,500",2024,2024,Available,0,Good condition - market priced based on 0 real listings for this model
Toyota,Wigo,2025,4,438514,38089,Automatic,Gas,Silver,"Makati, Metro Manila",Market estimate - based on Carousell/Philkotse avg,https://www.carousell.ph/p/toyota-wigo-2025-1-1393192462/,"Market-based estimate for 2025 Toyota Wigo - avg from online listings PHP 446,500",2024,2024,Available,0,Good condition - market priced based on 0 real listings for this model
Toyota,Wigo,2025,5,434314,47351,Manual,Gas,Orange,"Pasig, Metro Manila",Market estimate - based on Carousell/Philkotse avg,https://www.carousell.ph/p/toyota-wigo-2025-1-1421492066/,"Market-based estimate for 2025 Toyota Wigo - avg from online listings PHP 446,500",2024,2024,Available,0,Good condition - market priced based on 0 real listings for this model
Toyota,Wigo,2025,6,439314,46400,Manual,Gas,Blue,Laguna,Market estimate - based on Carousell/Philkotse avg,https://philkotse.com/toyota-wigo-for-sale-in-quezon-city/2025-wigo-for-sale-aid8136972,"Market-based estimate for 2025 Toyota Wigo - avg from online listings PHP 446,500",2024,2024,Available,0,Good condition - market priced based on 0 real listings for this model
Toyota,Wigo,2025,7,451500,42596,Manual,Gas,Orange,"Pasig, Metro Manila",Market estimate - based on Carousell/Philkotse avg,https://philkotse.com/toyota-wigo-for-sale-in-quezon-city/2025-wigo-for-sale-aid8471338,"Market-based estimate for 2025 Toyota Wigo - avg from online listings PHP 446,500",2024,2024,Available,0,Good condition - market priced based on 0 real listings for this model
Toyota,Wigo,2025,8,449735,33762,Manual,Gas,Brown,Laguna,Market estimate - based on Carousell/Philkotse avg,https://www.carousell.ph/p/toyota-wigo-2025-1-1414923529/,"Market-based estimate for 2025 Toyota Wigo - avg from online listings PHP 446,500",2024,2024,Available,0,Good condition - market priced based on 0 real listings for this model
Toyota,Wigo,2025,9,483143,39280,Manual,Gas,White,Bulacan,Market estimate - based on Carousell/Philkotse avg,https://philkotse.com/toyota-wigo-for-sale-in-quezon-city/2025-wigo-for-sale-aid8121476,"Market-based estimate for 2025 Toyota Wigo - avg from online listings PHP 446,500",2024,2024,Available,0,Good condition - market priced based on 0 real listings for this model
Toyota,Wigo,2025,10,419019,40075,Automatic,Gas,Gray,"Makati, Metro Manila",Market estimate - based on Carousell/Philkotse avg,https://www.carousell.ph/p/toyota-wigo-2025-1-1361164582/,"Market-based estimate for 2025 Toyota Wigo - avg from online listings PHP 446,500",2024,2024,Available,0,Good condition - market priced based on 0 real listings for this model
Toyota,Wigo,2026,1,492354,43210,Manual,Gas,Gray,Pampanga,Market estimate - based on Carousell/Philkotse avg,https://philkotse.com/toyota-wigo-for-sale-in-quezon-city/2026-wigo-for-sale-aid8444689,"Market-based estimate for 2026 Toyota Wigo - avg from online listings PHP 470,000",2024,2024,Available,0,Good condition - market priced based on 0 real listings for this model
Toyota,Wigo,2026,2,423230,47016,Manual,Gas,Orange,Pampanga,Market estimate - based on Carousell/Philkotse avg,https://philkotse.com/toyota-wigo-for-sale-in-quezon-city/2026-wigo-for-sale-aid8485287,"Market-based estimate for 2026 Toyota Wigo - avg from online listings PHP 470,000",2024,2024,Available,0,Good condition - market priced based on 0 real listings for this model
Toyota,Wigo,2026,3,512963,47324,Automatic,Gas,Brown,Laguna,Market estimate - based on Carousell/Philkotse avg,https://philkotse.com/toyota-wigo-for-sale-in-quezon-city/2026-wigo-for-sale-aid8129122,"Market-based estimate for 2026 Toyota Wigo - avg from online listings PHP 470,000",2024,2024,Available,0,Good condition - market priced based on 0 real listings for this model
Toyota,Wigo,2026,4,497058,38850,Automatic,Gas,Gray,"Davao City, Davao",Market estimate - based on Carousell/Philkotse avg,https://philkotse.com/toyota-wigo-for-sale-in-quezon-city/2026-wigo-for-sale-aid8709036,"Market-based estimate for 2026 Toyota Wigo - avg from online listings PHP 470,000",2024,2024,Available,0,Good condition - market priced based on 0 real listings for this model
Toyota,Wigo,2026,5,491437,46487,Manual,Gas,Blue,"Cebu City, Cebu",Market estimate - based on Carousell/Philkotse avg,https://www.carousell.ph/p/toyota-wigo-2026-1-1426615563/,"Market-based estimate for 2026 Toyota Wigo - avg from online listings PHP 470,000",2024,2024,Available,0,Good condition - market priced based on 0 real listings for this model
Toyota,Wigo,2026,6,451406,48715,Automatic,Gas,Orange,"Pasig, Metro Manila",Market estimate - based on Carousell/Philkotse avg,https://philkotse.com/toyota-wigo-for-sale-in-quezon-city/2026-wigo-for-sale-aid8270830,"Market-based estimate for 2026 Toyota Wigo - avg from online listings PHP 470,000",2024,2024,Available,0,Good condition - market priced based on 0 real listings for this model
Toyota,Wigo,2026,7,456336,40008,Manual,Gas,White,"Paranaque, Metro Manila",Market estimate - based on Carousell/Philkotse avg,https://www.carousell.ph/p/toyota-wigo-2026-1-1384031958/,"Market-based estimate for 2026 Toyota Wigo - avg from online listings PHP 470,000",2024,2024,Available,0,Good condition - market priced based on 0 real listings for this model
Toyota,Wigo,2026,8,510116,36741,Automatic,Gas,Red,"Cebu City, Cebu",Market estimate - based on Carousell/Philkotse avg,https://philkotse.com/toyota-wigo-for-sale-in-quezon-city/2026-wigo-for-sale-aid8521112,"Market-based estimate for 2026 Toyota Wigo - avg from online listings PHP 470,000",2024,2024,Available,0,Good condition - market priced based on 0 real listings for this model
Toyota,Wigo,2026,9,531177,44022,Automatic,Gas,Silver,"Paranaque, Metro Manila",Market estimate - based on Carousell/Philkotse avg,https://www.carousell.ph/p/toyota-wigo-2026-1-1435036013/,"Market-based estimate for 2026 Toyota Wigo - avg from online listings PHP 470,000",2024,2024,Available,0,Good condition - market priced based on 0 real listings for this model
Toyota,Wigo,2026,10,409428,42061,Automatic,Gas,Gray,"Cebu City, Cebu",Market estimate - based on Carousell/Philkotse avg,https://www.carousell.ph/p/toyota-wigo-2026-1-1419921101/,"Market-based estimate for 2026 Toyota Wigo - avg from online listings PHP 470,000",2024,2024,Available,0,Good condition - market priced based on 0 real listings for this model
